<?xml version="1.0" encoding="UTF-8"?><ActivityDefinition xmlns="http://hl7.org/fhir"><id value="Q4MSDokumenteAbfragenAD"/><url value="http://pathway-fgdh.wiwi.tu-dresden.de/fhir/ActivityDefinition/q4ms-dokumente-abfragenn"/><version value="0.1.0"/><status value="draft"/><experimental value="true"/><date value="2021-12-22T19:56:03+01:00"/><publisher value="QPath4MS"/><contact><name value="QPath4MS"/><telecom><system value="url"/><value value="http://qpath.ukdd.de"/></telecom></contact><kind value="Task"/><doNotPerform value="false"/></ActivityDefinition>