<?xml version="1.0" encoding="UTF-8"?><ActivityDefinition xmlns="http://hl7.org/fhir"><id value="Q4MSAllgemeineNeurologischeAnamneseAD"/><url value="http://pathway-fgdh.wiwi.tu-dresden.de/fhir/ActivityDefinition/q4ms-allgemeine-neurologische-anamnese"/><version value="0.1.0"/><status value="draft"/><experimental value="true"/><date value="2021-12-22T21:26:07+01:00"/><publisher value="Forschungsgruppe Digital Health"/><contact><name value="Forschungsgruppe Digital Health"/><telecom><system value="url"/><value value="https://tud.link/xd10"/></telecom><telecom><system value="email"/><value value="digital-health@tu-dresden.de"/></telecom></contact><contact><name value="Marcel Susky"/><telecom><system value="email"/><value value="marcel.susky@tu-dresden.de"/><use value="work"/></telecom></contact><jurisdiction><coding><system value="urn:iso:std:iso:3166"/><code value="DE"/><display value="Germany"/></coding></jurisdiction><kind value="Task"/><doNotPerform value="false"/></ActivityDefinition>