<?xml version="1.0" encoding="UTF-8"?><ActivityDefinition xmlns="http://hl7.org/fhir"><id value="Q4MSTerminvereinbarungActivity"/><url value="http://qpath.ukdd.de/ActivityDefinition/Q4MSTerminvereinbarungActivity"/><version value="0.1.0"/><status value="draft"/><experimental value="true"/><date value="2021-12-22T13:43:58+01:00"/><publisher value="QPath4MS"/><contact><name value="QPath4MS"/><telecom><system value="url"/><value value="http://qpath.ukdd.de"/></telecom></contact><kind value="Appointment"/><doNotPerform value="false"/></ActivityDefinition>