<?xml version="1.0" encoding="UTF-8"?><ActivityDefinition xmlns="http://hl7.org/fhir"><id value="Q4MSMultipleSclerosisPerformanceTestAD"/><url value="http://qpath4ms.ukdd.de/fhir/ActivityDefinition/Q4MSMultipleSclerosisPerformanceTestAD"/><version value="0.1.0"/><name value="Q4MSMultipleSclerosisPerformanceTestAD"/><status value="draft"/><experimental value="true"/><date value="2022-01-20T13:58:01+01:00"/><publisher value="Forschungsgruppe Digital Health"/><contact><name value="Forschungsgruppe Digital Health"/><telecom><system value="url"/><value value="https://tud.link/xd10"/></telecom><telecom><system value="email"/><value value="digital-health@tu-dresden.de"/></telecom></contact><contact><name value="Marcel Susky"/><telecom><system value="email"/><value value="marcel.susky@tu-dresden.de"/><use value="work"/></telecom></contact><jurisdiction><coding><system value="urn:iso:std:iso:3166"/><code value="DE"/><display value="Germany"/></coding></jurisdiction><kind value="ServiceRequest"/><doNotPerform value="false"/></ActivityDefinition>