<?xml version="1.0" encoding="UTF-8"?><CodeSystem xmlns="http://hl7.org/fhir"><id value="q4ms-dokumentanforderungkategorie"/><meta><profile value="http://hl7.org/fhir/StructureDefinition/shareablecodesystem"/></meta><text><status value="generated"/><div xmlns="http://www.w3.org/1999/xhtml"><p>This code system http://terminology-fgdh.wiwi.tu-dresden.de/fhir/CodeSystem/q4ms-dokumentanforderungkategorie defines the following codes:</p><table class="codes"><tr><td style="white-space:nowrap"><b>Code</b></td><td><b>Display</b></td><td><b>Definition</b></td></tr><tr><td style="white-space:nowrap">laboratory-result<a name="q4ms-dokumentanforderungkategorie-laboratory-result"> </a></td><td>Laborergebnis</td><td>Anforderung eines Laborergebnisses</td></tr><tr><td style="white-space:nowrap">finding<a name="q4ms-dokumentanforderungkategorie-finding"> </a></td><td>Befund</td><td>Anforderung eines Befunds</td></tr><tr><td style="white-space:nowrap">doctor-letter<a name="q4ms-dokumentanforderungkategorie-doctor-letter"> </a></td><td>Arztbrief</td><td>Anforderung eines Arztbriefs</td></tr><tr><td style="white-space:nowrap">consiliary-report<a name="q4ms-dokumentanforderungkategorie-consiliary-report"> </a></td><td>Konsiliarbericht</td><td>Anforderung eines Konsiliarberichts</td></tr><tr><td style="white-space:nowrap">prescription<a name="q4ms-dokumentanforderungkategorie-prescription"> </a></td><td>Rezept</td><td>Anforderung eines Rezepts</td></tr><tr><td style="white-space:nowrap">other<a name="q4ms-dokumentanforderungkategorie-other"> </a></td><td>Sonstiges</td><td>Anforderung eines sonstigen Dokuments</td></tr></table></div></text><url value="http://terminology-fgdh.wiwi.tu-dresden.de/fhir/CodeSystem/q4ms-dokumentanforderungkategorie"/><version value="0.1.0"/><name value="Q4MSDokumentanforderungkategorie"/><title value="Dokumentanforderungkategorie"/><status value="active"/><date value="2021-12-22T21:26:07+01:00"/><publisher value="Forschungsgruppe Digital Health"/><contact><name value="Forschungsgruppe Digital Health"/><telecom><system value="url"/><value value="https://tud.link/xd10"/></telecom><telecom><system value="email"/><value value="digital-health@tu-dresden.de"/></telecom></contact><contact><name value="Marcel Susky"/><telecom><system value="email"/><value value="marcel.susky@tu-dresden.de"/><use value="work"/></telecom></contact><description value="Deklariert Dokumentanforderungkategorien"/><jurisdiction><coding><system value="urn:iso:std:iso:3166"/><code value="DE"/><display value="Germany"/></coding></jurisdiction><caseSensitive value="true"/><content value="complete"/><count value="6"/><concept><code value="laboratory-result"/><display value="Laborergebnis"/><definition value="Anforderung eines Laborergebnisses"/></concept><concept><code value="finding"/><display value="Befund"/><definition value="Anforderung eines Befunds"/></concept><concept><code value="doctor-letter"/><display value="Arztbrief"/><definition value="Anforderung eines Arztbriefs"/></concept><concept><code value="consiliary-report"/><display value="Konsiliarbericht"/><definition value="Anforderung eines Konsiliarberichts"/></concept><concept><code value="prescription"/><display value="Rezept"/><definition value="Anforderung eines Rezepts"/></concept><concept><code value="other"/><display value="Sonstiges"/><definition value="Anforderung eines sonstigen Dokuments"/></concept></CodeSystem>