<?xml version="1.0" encoding="UTF-8"?><ImplementationGuide xmlns="http://hl7.org/fhir"><id value="fhir.qpath4ms"/><text><status value="extensions"/><div xmlns="http://www.w3.org/1999/xhtml"><h2>QPath4MSIG</h2><p>The official URL for this implementation guide is: </p><pre>http://qpath4ms.ukdd.de/ImplementationGuide/fhir.qpath4ms</pre><div><p>Ein Leitfaden zur Implementierung ausgewählter Multiple Sklerose-Patientenpfade</p>
</div></div></text><url value="http://qpath4ms.ukdd.de/ImplementationGuide/fhir.qpath4ms"/><version value="0.1.0"/><name value="QPath4MSIG"/><title value="QPath4MS FHIR Implementation Guide"/><status value="draft"/><date value="2022-01-13T14:43:39+01:00"/><publisher value="Forschungsgruppe Digital Health"/><contact><name value="Forschungsgruppe Digital Health"/><telecom><system value="url"/><value value="https://tud.link/xd10"/></telecom><telecom><system value="email"/><value value="digital-health@tu-dresden.de"/></telecom></contact><contact><name value="Marcel Susky"/><telecom><system value="email"/><value value="marcel.susky@tu-dresden.de"/><use value="work"/></telecom></contact><description value="Ein Leitfaden zur Implementierung ausgewählter Multiple Sklerose-Patientenpfade"/><jurisdiction><coding><system value="urn:iso:std:iso:3166"/><code value="DE"/><display value="Germany"/></coding></jurisdiction><packageId value="fhir.qpath4ms"/><license value="CC0-1.0"/><fhirVersion value="4.0.1"/><definition><extension url="http://hl7.org/fhir/tools/StructureDefinition/ig-parameter"><extension url="code"><valueString value="copyrightyear"/></extension><extension url="value"><valueString value="2021+"/></extension></extension><extension url="http://hl7.org/fhir/tools/StructureDefinition/ig-parameter"><extension url="code"><valueString value="releaselabel"/></extension><extension url="value"><valueString value="ci-build"/></extension></extension><extension url="http://hl7.org/fhir/tools/StructureDefinition/ig-parameter"><extension url="code"><valueString value="path-liquid"/></extension><extension url="value"><valueString value="template/liquid"/></extension></extension><extension url="http://hl7.org/fhir/tools/StructureDefinition/ig-parameter"><extension url="code"><valueString value="path-liquid"/></extension><extension url="value"><valueString value="input/liquid"/></extension></extension><extension url="http://hl7.org/fhir/tools/StructureDefinition/ig-parameter"><extension url="code"><valueString value="path-qa"/></extension><extension url="value"><valueString value="temp/qa"/></extension></extension><extension url="http://hl7.org/fhir/tools/StructureDefinition/ig-parameter"><extension url="code"><valueString value="path-temp"/></extension><extension url="value"><valueString value="temp/pages"/></extension></extension><extension url="http://hl7.org/fhir/tools/StructureDefinition/ig-parameter"><extension url="code"><valueString value="path-output"/></extension><extension url="value"><valueString value="output"/></extension></extension><extension url="http://hl7.org/fhir/tools/StructureDefinition/ig-parameter"><extension url="code"><valueString value="path-suppressed-warnings"/></extension><extension url="value"><valueString value="input/ignoreWarnings.txt"/></extension></extension><extension url="http://hl7.org/fhir/tools/StructureDefinition/ig-parameter"><extension url="code"><valueString value="path-history"/></extension><extension url="value"><valueString value="http://qpath4ms.ukdd.de/history.html"/></extension></extension><extension url="http://hl7.org/fhir/tools/StructureDefinition/ig-parameter"><extension url="code"><valueString value="template-html"/></extension><extension url="value"><valueString value="template-page.html"/></extension></extension><extension url="http://hl7.org/fhir/tools/StructureDefinition/ig-parameter"><extension url="code"><valueString value="template-md"/></extension><extension url="value"><valueString value="template-page-md.html"/></extension></extension><extension url="http://hl7.org/fhir/tools/StructureDefinition/ig-parameter"><extension url="code"><valueString value="apply-contact"/></extension><extension url="value"><valueString value="true"/></extension></extension><extension url="http://hl7.org/fhir/tools/StructureDefinition/ig-parameter"><extension url="code"><valueString value="apply-context"/></extension><extension url="value"><valueString value="true"/></extension></extension><extension url="http://hl7.org/fhir/tools/StructureDefinition/ig-parameter"><extension url="code"><valueString value="apply-copyright"/></extension><extension url="value"><valueString value="true"/></extension></extension><extension url="http://hl7.org/fhir/tools/StructureDefinition/ig-parameter"><extension url="code"><valueString value="apply-jurisdiction"/></extension><extension url="value"><valueString value="true"/></extension></extension><extension url="http://hl7.org/fhir/tools/StructureDefinition/ig-parameter"><extension url="code"><valueString value="apply-license"/></extension><extension url="value"><valueString value="true"/></extension></extension><extension url="http://hl7.org/fhir/tools/StructureDefinition/ig-parameter"><extension url="code"><valueString value="apply-publisher"/></extension><extension url="value"><valueString value="true"/></extension></extension><extension url="http://hl7.org/fhir/tools/StructureDefinition/ig-parameter"><extension url="code"><valueString value="apply-version"/></extension><extension url="value"><valueString value="true"/></extension></extension><extension url="http://hl7.org/fhir/tools/StructureDefinition/ig-parameter"><extension url="code"><valueString value="active-tables"/></extension><extension url="value"><valueString value="true"/></extension></extension><grouping id="-dyn-messagedefinition"><name value="Behavior: Message Definitions"/><description value="These define the types of messages that can be sent and/or received by systems conforming to this implementation guide"/></grouping><grouping id="-str-profile"><name value="Structures: Resource Profiles"/><description value="These define constraints on FHIR resources for systems conforming to this implementation guide"/></grouping><grouping id="-term-valueset"><name value="Terminology: Value Sets"/><description value="These define sets of codes used by systems conforming to this implementation guide"/></grouping><grouping id="-term-codesystem"><name value="Terminology: Code Systems"/><description value="These define new code systems used by systems conforming to this implementation guide"/></grouping><grouping id="-map-structuremap"><name value="Terminology: Structure Maps"/><description value="These define transformations to convert between data structures used by systems conforming to this implementation guide"/></grouping><grouping id="-ka-activitydefinition"><name value="Knowledge Artifacts: Activity Definitions"/><description value="These define activities that can be performed as part of content in this implementation guide"/></grouping><grouping id="-ka-plandefinition"><name value="Knowledge Artifacts: Plan Definitions"/><description value="These define workflows, rules, strategies, or protocols as part of content in this implementation guide"/></grouping><grouping id="-ex-example"><name value="Example: Example Instances"/><description value="These are example instances that show what data produced and consumed by systems conforming with this implementation guide might look like"/></grouping><grouping id="-other"><name value="Other"/><description value="These are resources that are used within this implementation guide that do not fit into one of the other categories"/></grouping><resource><extension url="http://hl7.org/fhir/StructureDefinition/implementationguide-page"><valueUri value="StructureDefinition-Q4MSArztbriefProfile.html"/></extension><reference><reference value="StructureDefinition/Q4MSArztbriefProfile"/></reference><name value="Arztbrief"/><exampleBoolean value="false"/><groupingId value="-str-profile"/></resource><resource><extension url="http://hl7.org/fhir/StructureDefinition/implementationguide-page"><valueUri value="StructureDefinition-Q4MSBefundProfile.html"/></extension><reference><reference value="StructureDefinition/Q4MSBefundProfile"/></reference><name value="Befund"/><exampleBoolean value="false"/><groupingId value="-str-profile"/></resource><resource><extension url="http://hl7.org/fhir/StructureDefinition/implementationguide-page"><valueUri value="StructureDefinition-Q4MSDokumentProfile.html"/></extension><reference><reference value="StructureDefinition/Q4MSDokumentProfile"/></reference><name value="Dokument"/><exampleBoolean value="false"/><groupingId value="-str-profile"/></resource><resource><extension url="http://hl7.org/fhir/StructureDefinition/implementationguide-page"><valueUri value="StructureDefinition-Q4MSDokumentanforderungProfile.html"/></extension><reference><reference value="StructureDefinition/Q4MSDokumentanforderungProfile"/></reference><name value="Dokumentanforderung"/><exampleBoolean value="false"/><groupingId value="-str-profile"/></resource><resource><extension url="http://hl7.org/fhir/StructureDefinition/implementationguide-page"><valueUri value="StructureDefinition-Q4MSKonsiliarberichtProfile.html"/></extension><reference><reference value="StructureDefinition/Q4MSKonsiliarberichtProfile"/></reference><name value="Konsiliarbericht"/><exampleBoolean value="false"/><groupingId value="-str-profile"/></resource><resource><extension url="http://hl7.org/fhir/StructureDefinition/implementationguide-page"><valueUri value="StructureDefinition-Q4MSLaborergebnisProfile.html"/></extension><reference><reference value="StructureDefinition/Q4MSLaborergebnisProfile"/></reference><name value="Laborergebnis"/><exampleBoolean value="false"/><groupingId value="-str-profile"/></resource><resource><extension url="http://hl7.org/fhir/StructureDefinition/implementationguide-page"><valueUri value="StructureDefinition-Q4MSRezeptProfile.html"/></extension><reference><reference value="StructureDefinition/Q4MSRezeptProfile"/></reference><name value="Rezept"/><exampleBoolean value="false"/><groupingId value="-str-profile"/></resource><resource><extension url="http://hl7.org/fhir/StructureDefinition/implementationguide-page"><valueUri value="StructureDefinition-Q4MSSonstigesDokumentProfile.html"/></extension><reference><reference value="StructureDefinition/Q4MSSonstigesDokumentProfile"/></reference><name value="Sonstiges Dokument"/><exampleBoolean value="false"/><groupingId value="-str-profile"/></resource><resource><extension url="http://hl7.org/fhir/StructureDefinition/implementationguide-page"><valueUri value="StructureDefinition-Q4MSTerminvereinbarungProfile.html"/></extension><reference><reference value="StructureDefinition/Q4MSTerminvereinbarungProfile"/></reference><name value="Terminvereinbarung"/><exampleBoolean value="false"/><groupingId value="-str-profile"/></resource><resource><extension url="http://hl7.org/fhir/StructureDefinition/implementationguide-page"><valueUri value="ValueSet-q4ms-anfragekategorie-vs.html"/></extension><reference><reference value="ValueSet/q4ms-anfragekategorie-vs"/></reference><name value="Anfragekategorie"/><description value="Definiert Anfragekategorien"/><exampleBoolean value="false"/><groupingId value="-term-valueset"/></resource><resource><extension url="http://hl7.org/fhir/StructureDefinition/implementationguide-page"><valueUri value="ValueSet-q4ms-dokumentanforderungkategorie-vs.html"/></extension><reference><reference value="ValueSet/q4ms-dokumentanforderungkategorie-vs"/></reference><name value="Dokumentanforderungkategorie"/><description value="Definiert Dokumentanforderungkategorien"/><exampleBoolean value="false"/><groupingId value="-term-valueset"/></resource><resource><extension url="http://hl7.org/fhir/StructureDefinition/implementationguide-page"><valueUri value="ValueSet-q4ms-terminanfragekategorie-vs.html"/></extension><reference><reference value="ValueSet/q4ms-terminanfragekategorie-vs"/></reference><name value="Terminanfragekategorie"/><description value="Definiert Terminanfragekategorien"/><exampleBoolean value="false"/><groupingId value="-term-valueset"/></resource><resource><extension url="http://hl7.org/fhir/StructureDefinition/implementationguide-page"><valueUri value="CodeSystem-q4ms-anfragekategorie.html"/></extension><reference><reference value="CodeSystem/q4ms-anfragekategorie"/></reference><name value="Anfragekategorie"/><description value="Deklariert Anfragekategorien"/><exampleBoolean value="false"/><groupingId value="-term-codesystem"/></resource><resource><extension url="http://hl7.org/fhir/StructureDefinition/implementationguide-page"><valueUri value="CodeSystem-q4ms-dokumentanforderungkategorie.html"/></extension><reference><reference value="CodeSystem/q4ms-dokumentanforderungkategorie"/></reference><name value="Dokumentanforderungkategorie"/><description value="Deklariert Dokumentanforderungkategorien"/><exampleBoolean value="false"/><groupingId value="-term-codesystem"/></resource><resource><extension url="http://hl7.org/fhir/StructureDefinition/implementationguide-page"><valueUri value="CodeSystem-q4ms-terminanfragekategorie.html"/></extension><reference><reference value="CodeSystem/q4ms-terminanfragekategorie"/></reference><name value="Terminanfragekategorie"/><description value="Deklariert Terminanfragekategorien"/><exampleBoolean value="false"/><groupingId value="-term-codesystem"/></resource><resource><extension url="http://hl7.org/fhir/StructureDefinition/implementationguide-page"><valueUri value="CarePlan-AllgemeineNeurologischeAnamneseExampleCP.html"/></extension><extension url="http://hl7.org/fhir/tools/StructureDefinition/contained-resource-information"><extension url="type"><valueCode value="RequestGroup"/></extension><extension url="id"><valueId value="AllgemeineNeurologischeAnamneseExampleRG"/></extension><extension url="title"><valueId value="RequestGroup"/></extension><extension url="description"/></extension><reference><reference value="CarePlan/AllgemeineNeurologischeAnamneseExampleCP"/></reference><name value="Beispiel Allgemeine und neurologische Anamnese"/><description value="Beispiel CarePlan für die Durchführung einer allgemeinen und neurologischen Anamnese mit dem Patienten (M0)"/><exampleBoolean value="true"/><groupingId value="-ex-example"/></resource><resource><extension url="http://hl7.org/fhir/StructureDefinition/implementationguide-page"><valueUri value="Task-AllgemeineNeurologischeAnamneseExampleTSK.html"/></extension><reference><reference value="Task/AllgemeineNeurologischeAnamneseExampleTSK"/></reference><name value="Beispiel Allgemeine und neurologische Anamnese"/><description value="Beispiel Task für die Durchführung einer allgemeinenen und neurologischen Anamnese mit dem Patienten (M0)"/><exampleBoolean value="true"/><groupingId value="-ex-example"/></resource><resource><extension url="http://hl7.org/fhir/StructureDefinition/implementationguide-page"><valueUri value="CarePlan-AllgemeineNeurologischeUntersuchungExampleCP.html"/></extension><extension url="http://hl7.org/fhir/tools/StructureDefinition/contained-resource-information"><extension url="type"><valueCode value="RequestGroup"/></extension><extension url="id"><valueId value="AllgemeineNeurologischeUntersuchungExampleRG"/></extension><extension url="title"><valueId value="RequestGroup"/></extension><extension url="description"/></extension><reference><reference value="CarePlan/AllgemeineNeurologischeUntersuchungExampleCP"/></reference><name value="Beispiel Allgemeine und neurologische Untersuchung"/><description value="Beispiel CarePlan für die Durchführung einer allgemeinen neurologischen Untersuchung mit dem Patienten (M0)"/><exampleBoolean value="true"/><groupingId value="-ex-example"/></resource><resource><extension url="http://hl7.org/fhir/StructureDefinition/implementationguide-page"><valueUri value="Task-AllgemeineNeurologischeUntersuchungExampleTSK.html"/></extension><reference><reference value="Task/AllgemeineNeurologischeUntersuchungExampleTSK"/></reference><name value="Beispiel Allgemeine und neurologische Untersuchung"/><description value="Beispiel Task für die Durchführung einer allgemeinen und neurologischen Untersuchung mit dem Patienten (M0)"/><exampleBoolean value="true"/><groupingId value="-ex-example"/></resource><resource><extension url="http://hl7.org/fhir/StructureDefinition/implementationguide-page"><valueUri value="DocumentReference-ArztbriefExample.html"/></extension><reference><reference value="DocumentReference/ArztbriefExample"/></reference><name value="Beispiel Arztbrief"/><description value="Beispiel DocumentReference für einen Arztbrief"/><exampleCanonical value="http://qpath4ms.ukdd.de/fhir/StructureDefinition/q4ms-arztbrief"/><groupingId value="-ex-example"/></resource><resource><extension url="http://hl7.org/fhir/StructureDefinition/implementationguide-page"><valueUri value="CarePlan-ArztvorstellungExampleCP.html"/></extension><extension url="http://hl7.org/fhir/tools/StructureDefinition/contained-resource-information"><extension url="type"><valueCode value="RequestGroup"/></extension><extension url="id"><valueId value="ArztvorstellungExampleRG"/></extension><extension url="title"><valueId value="RequestGroup"/></extension><extension url="description"/></extension><reference><reference value="CarePlan/ArztvorstellungExampleCP"/></reference><name value="Beispiel Arztvorstellung"/><description value="Beispiel CarePlan für die Arztvorstellung eines Patienten (M0)"/><exampleBoolean value="true"/><groupingId value="-ex-example"/></resource><resource><extension url="http://hl7.org/fhir/StructureDefinition/implementationguide-page"><valueUri value="CarePlan-AuswertungExampleCP.html"/></extension><extension url="http://hl7.org/fhir/tools/StructureDefinition/contained-resource-information"><extension url="type"><valueCode value="RequestGroup"/></extension><extension url="id"><valueId value="AuswertungExampleRG"/></extension><extension url="title"><valueId value="RequestGroup"/></extension><extension url="description"/></extension><reference><reference value="CarePlan/AuswertungExampleCP"/></reference><name value="Beispiel Auswertung"/><description value="Beispiel CarePlan für die Durchführung einer Auswertung mit dem Patienten (M0)"/><exampleBoolean value="true"/><groupingId value="-ex-example"/></resource><resource><extension url="http://hl7.org/fhir/StructureDefinition/implementationguide-page"><valueUri value="ServiceRequest-AuswertungExampleSR.html"/></extension><reference><reference value="ServiceRequest/AuswertungExampleSR"/></reference><name value="Beispiel Auswertung"/><description value="Beispiel ServiceRequest für die Durchführung einer Auswertung mit dem Patienten (M0)"/><exampleBoolean value="true"/><groupingId value="-ex-example"/></resource><resource><extension url="http://hl7.org/fhir/StructureDefinition/implementationguide-page"><valueUri value="Task-AuswertungExampleTSK.html"/></extension><reference><reference value="Task/AuswertungExampleTSK"/></reference><name value="Beispiel Auswertung"/><description value="Beispiel Task für die Durchführung einer Auswertung mit dem Patienten (M0)"/><exampleBoolean value="true"/><groupingId value="-ex-example"/></resource><resource><extension url="http://hl7.org/fhir/StructureDefinition/implementationguide-page"><valueUri value="CarePlan-BasismonitoringExampleCP.html"/></extension><extension url="http://hl7.org/fhir/tools/StructureDefinition/contained-resource-information"><extension url="type"><valueCode value="RequestGroup"/></extension><extension url="id"><valueId value="BasismonitoringExampleRG"/></extension><extension url="title"><valueId value="RequestGroup"/></extension><extension url="description"/></extension><reference><reference value="CarePlan/BasismonitoringExampleCP"/></reference><name value="Beispiel Basismonitoring Patientenpfad"/><description value="Beispiel CarePlan einer Basismonitoring-Patientenpfadinstanz bei Erstvorstellung (M0) von Patient John Doe nach Überweisung aus der ambulanten neurologischen Einrichtung"/><exampleBoolean value="true"/><groupingId value="-ex-example"/></resource><resource><extension url="http://hl7.org/fhir/StructureDefinition/implementationguide-page"><valueUri value="DocumentReference-BefundExample.html"/></extension><reference><reference value="DocumentReference/BefundExample"/></reference><name value="Beispiel Befund"/><description value="Beispiel DocumentReference für einen Befund"/><exampleCanonical value="http://qpath4ms.ukdd.de/fhir/StructureDefinition/q4ms-befund"/><groupingId value="-ex-example"/></resource><resource><extension url="http://hl7.org/fhir/StructureDefinition/implementationguide-page"><valueUri value="CarePlan-BefundauswertungExampleCP.html"/></extension><extension url="http://hl7.org/fhir/tools/StructureDefinition/contained-resource-information"><extension url="type"><valueCode value="RequestGroup"/></extension><extension url="id"><valueId value="BefundauswertungExampleRG"/></extension><extension url="title"><valueId value="RequestGroup"/></extension><extension url="description"/></extension><reference><reference value="CarePlan/BefundauswertungExampleCP"/></reference><name value="Beispiel Befundauswertung"/><description value="Beispiel CarePlan für die Durchführung einer Befundauswertung mit dem Patienten (M0)"/><exampleBoolean value="true"/><groupingId value="-ex-example"/></resource><resource><extension url="http://hl7.org/fhir/StructureDefinition/implementationguide-page"><valueUri value="Task-BefundauswertungExampleTSK.html"/></extension><reference><reference value="Task/BefundauswertungExampleTSK"/></reference><name value="Beispiel Befundauswertung"/><description value="Beispiel Task für die Durchführung einer Befundauswertung mit dem Patienten (M0)"/><exampleBoolean value="true"/><groupingId value="-ex-example"/></resource><resource><extension url="http://hl7.org/fhir/StructureDefinition/implementationguide-page"><valueUri value="CarePlan-DokumenteAbfragenPatientExampleCP.html"/></extension><extension url="http://hl7.org/fhir/tools/StructureDefinition/contained-resource-information"><extension url="type"><valueCode value="RequestGroup"/></extension><extension url="id"><valueId value="DokumenteAbfragenPatientExampleRG"/></extension><extension url="title"><valueId value="RequestGroup"/></extension><extension url="description"/></extension><reference><reference value="CarePlan/DokumenteAbfragenPatientExampleCP"/></reference><name value="Beispiel Dokumente abfragen"/><description value="Beispiel CarePlan für eine Dokumentenabfrage beim Patienten abfragen (M0)"/><exampleBoolean value="true"/><groupingId value="-ex-example"/></resource><resource><extension url="http://hl7.org/fhir/StructureDefinition/implementationguide-page"><valueUri value="Task-DokumenteAbfragenPatientExampleTSK.html"/></extension><reference><reference value="Task/DokumenteAbfragenPatientExampleTSK"/></reference><name value="Beispiel Dokumente abfragen"/><description value="Beispiel Task für eine Dokumentenabfrage beim Patienten (M0)"/><exampleBoolean value="true"/><groupingId value="-ex-example"/></resource><resource><extension url="http://hl7.org/fhir/StructureDefinition/implementationguide-page"><valueUri value="CarePlan-DokumenteUebermittelnArztExampleCP.html"/></extension><extension url="http://hl7.org/fhir/tools/StructureDefinition/contained-resource-information"><extension url="type"><valueCode value="RequestGroup"/></extension><extension url="id"><valueId value="DokumenteUebermittelnArztExampleRG"/></extension><extension url="title"><valueId value="RequestGroup"/></extension><extension url="description"/></extension><reference><reference value="CarePlan/DokumenteUebermittelnArztExampleCP"/></reference><name value="Beispiel Dokumente an Arzt übermitteln"/><description value="Beispiel CarePlan für eine Dokumentenübermittlung an den Patienten abfragen (M0)"/><exampleBoolean value="true"/><groupingId value="-ex-example"/></resource><resource><extension url="http://hl7.org/fhir/StructureDefinition/implementationguide-page"><valueUri value="Task-DokumenteUebermittelnArztExampleTSK.html"/></extension><reference><reference value="Task/DokumenteUebermittelnArztExampleTSK"/></reference><name value="Beispiel Dokumente an Arzt übermitteln"/><description value="Beispiel Task für eine Dokumentenübermittlung an den Patienten (M0)"/><exampleBoolean value="true"/><groupingId value="-ex-example"/></resource><resource><extension url="http://hl7.org/fhir/StructureDefinition/implementationguide-page"><valueUri value="CarePlan-DokumenteUebermittelnPatientExampleCP.html"/></extension><extension url="http://hl7.org/fhir/tools/StructureDefinition/contained-resource-information"><extension url="type"><valueCode value="RequestGroup"/></extension><extension url="id"><valueId value="DokumenteUebermittelnPatientExampleRG"/></extension><extension url="title"><valueId value="RequestGroup"/></extension><extension url="description"/></extension><reference><reference value="CarePlan/DokumenteUebermittelnPatientExampleCP"/></reference><name value="Beispiel Dokumente an Patient übermitteln"/><description value="Beispiel CarePlan für eine Dokumentenübermittlung an den Patienten abfragen (M0)"/><exampleBoolean value="true"/><groupingId value="-ex-example"/></resource><resource><extension url="http://hl7.org/fhir/StructureDefinition/implementationguide-page"><valueUri value="Task-DokumenteUebermittelnPatientExampleTSK.html"/></extension><reference><reference value="Task/DokumenteUebermittelnPatientExampleTSK"/></reference><name value="Beispiel Dokumente an Patient übermitteln"/><description value="Beispiel Task für eine Dokumentenübermittlung an den Patienten (M0)"/><exampleBoolean value="true"/><groupingId value="-ex-example"/></resource><resource><extension url="http://hl7.org/fhir/StructureDefinition/implementationguide-page"><valueUri value="CarePlan-EntlassungExampleCP.html"/></extension><extension url="http://hl7.org/fhir/tools/StructureDefinition/contained-resource-information"><extension url="type"><valueCode value="RequestGroup"/></extension><extension url="id"><valueId value="EntlassungExampleRG"/></extension><extension url="title"><valueId value="RequestGroup"/></extension><extension url="description"/></extension><reference><reference value="CarePlan/EntlassungExampleCP"/></reference><name value="Beispiel Entlassung"/><description value="Beispiel CarePlan für die Entlassung eines Patienten (M0)"/><exampleBoolean value="true"/><groupingId value="-ex-example"/></resource><resource><extension url="http://hl7.org/fhir/StructureDefinition/implementationguide-page"><valueUri value="CarePlan-GanganalyseExampleCP.html"/></extension><extension url="http://hl7.org/fhir/tools/StructureDefinition/contained-resource-information"><extension url="type"><valueCode value="RequestGroup"/></extension><extension url="id"><valueId value="GanganalyseExampleRG"/></extension><extension url="title"><valueId value="RequestGroup"/></extension><extension url="description"/></extension><reference><reference value="CarePlan/GanganalyseExampleCP"/></reference><name value="Beispiel Ganganalyse"/><description value="Beispiel CarePlan für die Durchführung einer Ganganalyse mit dem Patienten (M0)"/><exampleBoolean value="true"/><groupingId value="-ex-example"/></resource><resource><extension url="http://hl7.org/fhir/StructureDefinition/implementationguide-page"><valueUri value="ServiceRequest-GanganalyseExampleSR.html"/></extension><reference><reference value="ServiceRequest/GanganalyseExampleSR"/></reference><name value="Beispiel Ganganalyse"/><description value="Beispiel ServiceRequest für die Durchführung einer Ganganalyse mit dem Patienten (M0)"/><exampleBoolean value="true"/><groupingId value="-ex-example"/></resource><resource><extension url="http://hl7.org/fhir/StructureDefinition/implementationguide-page"><valueUri value="DocumentReference-KonsiliarberichtExample.html"/></extension><reference><reference value="DocumentReference/KonsiliarberichtExample"/></reference><name value="Beispiel Konsiliarbericht"/><description value="Beispiel DocumentReference für einen Konsiliarbericht"/><exampleCanonical value="http://qpath4ms.ukdd.de/fhir/StructureDefinition/q4ms-konsiliarbericht"/><groupingId value="-ex-example"/></resource><resource><extension url="http://hl7.org/fhir/StructureDefinition/implementationguide-page"><valueUri value="DocumentReference-LaborergebnisExample.html"/></extension><reference><reference value="DocumentReference/LaborergebnisExample"/></reference><name value="Beispiel Laborergebnis"/><description value="Beispiel DocumentReference für ein Laborergebnis"/><exampleCanonical value="http://qpath4ms.ukdd.de/fhir/StructureDefinition/q4ms-laborergebnis"/><groupingId value="-ex-example"/></resource><resource><extension url="http://hl7.org/fhir/StructureDefinition/implementationguide-page"><valueUri value="CarePlan-LaboruntersuchungExampleCP.html"/></extension><extension url="http://hl7.org/fhir/tools/StructureDefinition/contained-resource-information"><extension url="type"><valueCode value="RequestGroup"/></extension><extension url="id"><valueId value="LaboruntersuchungExampleRG"/></extension><extension url="title"><valueId value="RequestGroup"/></extension><extension url="description"/></extension><reference><reference value="CarePlan/LaboruntersuchungExampleCP"/></reference><name value="Beispiel Laboruntersuchung"/><description value="Beispiel CarePlan für die Durchführung einer Laboruntersuchung mit dem Patienten (M0)"/><exampleBoolean value="true"/><groupingId value="-ex-example"/></resource><resource><extension url="http://hl7.org/fhir/StructureDefinition/implementationguide-page"><valueUri value="ServiceRequest-LaboruntersuchungExampleSR.html"/></extension><reference><reference value="ServiceRequest/LaboruntersuchungExampleSR"/></reference><name value="Beispiel Laboruntersuchung"/><description value="Beispiel ServiceRequest für die Durchführung einer Laboruntersuchung mit dem Patienten (M0)"/><exampleBoolean value="true"/><groupingId value="-ex-example"/></resource><resource><extension url="http://hl7.org/fhir/StructureDefinition/implementationguide-page"><valueUri value="CarePlan-MagnetresonanztomographieExampleCP.html"/></extension><extension url="http://hl7.org/fhir/tools/StructureDefinition/contained-resource-information"><extension url="type"><valueCode value="RequestGroup"/></extension><extension url="id"><valueId value="MagnetresonanztomographieExampleRG"/></extension><extension url="title"><valueId value="RequestGroup"/></extension><extension url="description"/></extension><reference><reference value="CarePlan/MagnetresonanztomographieExampleCP"/></reference><name value="Beispiel Magnetresonanztomographie (MRT)"/><description value="Beispiel CarePlan für die Durchführung einer MRT mit dem Patienten (M0)"/><exampleBoolean value="true"/><groupingId value="-ex-example"/></resource><resource><extension url="http://hl7.org/fhir/StructureDefinition/implementationguide-page"><valueUri value="ServiceRequest-MagnetresonanztomographieExampleSR.html"/></extension><reference><reference value="ServiceRequest/MagnetresonanztomographieExampleSR"/></reference><name value="Beispiel Magnetresonanztomographie (MRT)"/><description value="Beispiel ServiceRequest für die Durchführung einer MRT mit dem Patienten (M0)"/><exampleBoolean value="true"/><groupingId value="-ex-example"/></resource><resource><extension url="http://hl7.org/fhir/StructureDefinition/implementationguide-page"><valueUri value="CarePlan-MultipleSclerosisPerformanceTestExampleCP.html"/></extension><extension url="http://hl7.org/fhir/tools/StructureDefinition/contained-resource-information"><extension url="type"><valueCode value="RequestGroup"/></extension><extension url="id"><valueId value="MultipleSclerosisPerformanceTestExampleRG"/></extension><extension url="title"><valueId value="RequestGroup"/></extension><extension url="description"/></extension><reference><reference value="CarePlan/MultipleSclerosisPerformanceTestExampleCP"/></reference><name value="Beispiel Multiple Sclerosis Performance Test (MSPT)"/><description value="Beispiel CarePlan für die Durchführung eines MSPT mit dem Patienten (M0)"/><exampleBoolean value="true"/><groupingId value="-ex-example"/></resource><resource><extension url="http://hl7.org/fhir/StructureDefinition/implementationguide-page"><valueUri value="ServiceRequest-MultipleSclerosisPerformanceTestExampleSR.html"/></extension><reference><reference value="ServiceRequest/MultipleSclerosisPerformanceTestExampleSR"/></reference><name value="Beispiel Multiple Sclerosis Performance Test (MSPT)"/><description value="Beispiel ServiceRequest für die Durchführung eines MSPT mit dem Patienten (M0)"/><exampleBoolean value="true"/><groupingId value="-ex-example"/></resource><resource><extension url="http://hl7.org/fhir/StructureDefinition/implementationguide-page"><valueUri value="CarePlan-OptischeKohaerenztomographieExampleCP.html"/></extension><extension url="http://hl7.org/fhir/tools/StructureDefinition/contained-resource-information"><extension url="type"><valueCode value="RequestGroup"/></extension><extension url="id"><valueId value="OptischeKohaerenztomographieExampleRG"/></extension><extension url="title"><valueId value="RequestGroup"/></extension><extension url="description"/></extension><reference><reference value="CarePlan/OptischeKohaerenztomographieExampleCP"/></reference><name value="Beispiel Optische Kohärenztomographie (OCT)"/><description value="Beispiel CarePlan für die Durchführung eines OCT mit dem Patienten (M0)"/><exampleBoolean value="true"/><groupingId value="-ex-example"/></resource><resource><extension url="http://hl7.org/fhir/StructureDefinition/implementationguide-page"><valueUri value="ServiceRequest-OptischeKohaerenztomographieExampleSR.html"/></extension><reference><reference value="ServiceRequest/OptischeKohaerenztomographieExampleSR"/></reference><name value="Beispiel Optische Kohärenztomographie (OCT)"/><description value="Beispiel ServiceRequest für die Durchführung eines OCT mit dem Patienten (M0)"/><exampleBoolean value="true"/><groupingId value="-ex-example"/></resource><resource><extension url="http://hl7.org/fhir/StructureDefinition/implementationguide-page"><valueUri value="Patient-PatientJohnDoe.html"/></extension><reference><reference value="Patient/PatientJohnDoe"/></reference><name value="Beispiel Patient"/><description value="Beispiel Patient John Doe"/><exampleBoolean value="true"/><groupingId value="-ex-example"/></resource><resource><extension url="http://hl7.org/fhir/StructureDefinition/implementationguide-page"><valueUri value="StructureMap-Q4MSActivityDefinitionTaskTransform.html"/></extension><reference><reference value="StructureMap/Q4MSActivityDefinitionTaskTransform"/></reference><name value="Transformiert eine ActivityDefinition in einen Task"/><exampleBoolean value="false"/><groupingId value="-map-structuremap"/></resource><resource><extension url="http://hl7.org/fhir/StructureDefinition/implementationguide-page"><valueUri value="PlanDefinition-Q4MSAllgemeineNeurologischeAnamnese.html"/></extension><reference><reference value="PlanDefinition/Q4MSAllgemeineNeurologischeAnamnese"/></reference><name value="Allgemeine und neurologische Anamnese"/><exampleBoolean value="false"/><groupingId value="-ka-plandefinition"/></resource><resource><extension url="http://hl7.org/fhir/StructureDefinition/implementationguide-page"><valueUri value="ActivityDefinition-Q4MSAllgemeineNeurologischeAnamneseAD.html"/></extension><reference><reference value="ActivityDefinition/Q4MSAllgemeineNeurologischeAnamneseAD"/></reference><name value="Allgemeine und neurologische Anamnese"/><exampleBoolean value="false"/><groupingId value="-ka-activitydefinition"/></resource><resource><extension url="http://hl7.org/fhir/StructureDefinition/implementationguide-page"><valueUri value="PlanDefinition-Q4MSAllgemeineNeurologischeUntersuchung.html"/></extension><reference><reference value="PlanDefinition/Q4MSAllgemeineNeurologischeUntersuchung"/></reference><name value="Allgemeine neurologische Untersuchung"/><exampleBoolean value="false"/><groupingId value="-ka-plandefinition"/></resource><resource><extension url="http://hl7.org/fhir/StructureDefinition/implementationguide-page"><valueUri value="MessageDefinition-Q4MSArztbriefanfrage.html"/></extension><reference><reference value="MessageDefinition/Q4MSArztbriefanfrage"/></reference><name value="Arztbriefanfrage"/><exampleBoolean value="false"/><groupingId value="-dyn-messagedefinition"/></resource><resource><extension url="http://hl7.org/fhir/StructureDefinition/implementationguide-page"><valueUri value="MessageHeader-Q4MSArztbriefanfrageHeader.html"/></extension><reference><reference value="MessageHeader/Q4MSArztbriefanfrageHeader"/></reference><name value="Arztbriefanfrage"/><exampleBoolean value="false"/><groupingId value="-other"/></resource><resource><extension url="http://hl7.org/fhir/StructureDefinition/implementationguide-page"><valueUri value="PlanDefinition-Q4MSArztvorstellung.html"/></extension><reference><reference value="PlanDefinition/Q4MSArztvorstellung"/></reference><name value="Arztvorstellung"/><exampleBoolean value="false"/><groupingId value="-ka-plandefinition"/></resource><resource><extension url="http://hl7.org/fhir/StructureDefinition/implementationguide-page"><valueUri value="PlanDefinition-Q4MSAuswertung.html"/></extension><reference><reference value="PlanDefinition/Q4MSAuswertung"/></reference><name value="Auswertung"/><exampleBoolean value="false"/><groupingId value="-ka-plandefinition"/></resource><resource><extension url="http://hl7.org/fhir/StructureDefinition/implementationguide-page"><valueUri value="ActivityDefinition-Q4MSAuswertungAD.html"/></extension><reference><reference value="ActivityDefinition/Q4MSAuswertungAD"/></reference><name value="Auswertung"/><exampleBoolean value="false"/><groupingId value="-ka-activitydefinition"/></resource><resource><extension url="http://hl7.org/fhir/StructureDefinition/implementationguide-page"><valueUri value="PlanDefinition-Q4MSBasismonitoring.html"/></extension><reference><reference value="PlanDefinition/Q4MSBasismonitoring"/></reference><name value="Basismonitoring Patientepfad"/><exampleBoolean value="false"/><groupingId value="-ka-plandefinition"/></resource><resource><extension url="http://hl7.org/fhir/StructureDefinition/implementationguide-page"><valueUri value="PlanDefinition-Q4MSBefundauswertung.html"/></extension><reference><reference value="PlanDefinition/Q4MSBefundauswertung"/></reference><name value="Befundauswertung"/><exampleBoolean value="false"/><groupingId value="-ka-plandefinition"/></resource><resource><extension url="http://hl7.org/fhir/StructureDefinition/implementationguide-page"><valueUri value="ActivityDefinition-Q4MSBefundauswertungAD.html"/></extension><reference><reference value="ActivityDefinition/Q4MSBefundauswertungAD"/></reference><name value="Befundauswertung"/><exampleBoolean value="false"/><groupingId value="-ka-activitydefinition"/></resource><resource><extension url="http://hl7.org/fhir/StructureDefinition/implementationguide-page"><valueUri value="ActivityDefinition-Q4MSDokumenteAbfragenAD.html"/></extension><reference><reference value="ActivityDefinition/Q4MSDokumenteAbfragenAD"/></reference><name value="Dokumente abfragen"/><exampleBoolean value="false"/><groupingId value="-ka-activitydefinition"/></resource><resource><extension url="http://hl7.org/fhir/StructureDefinition/implementationguide-page"><valueUri value="PlanDefinition-Q4MSDokumenteAbfragenPatient.html"/></extension><reference><reference value="PlanDefinition/Q4MSDokumenteAbfragenPatient"/></reference><name value="Dokumente beim Patienten abfragen"/><exampleBoolean value="false"/><groupingId value="-ka-plandefinition"/></resource><resource><extension url="http://hl7.org/fhir/StructureDefinition/implementationguide-page"><valueUri value="ActivityDefinition-Q4MSDokumenteUebermittelnAD.html"/></extension><reference><reference value="ActivityDefinition/Q4MSDokumenteUebermittelnAD"/></reference><name value="Dokumente übermitteln"/><exampleBoolean value="false"/><groupingId value="-ka-activitydefinition"/></resource><resource><extension url="http://hl7.org/fhir/StructureDefinition/implementationguide-page"><valueUri value="PlanDefinition-Q4MSDokumenteUebermittelnArzt.html"/></extension><reference><reference value="PlanDefinition/Q4MSDokumenteUebermittelnArzt"/></reference><name value="Dokumente an Arzt übermitteln"/><exampleBoolean value="false"/><groupingId value="-ka-plandefinition"/></resource><resource><extension url="http://hl7.org/fhir/StructureDefinition/implementationguide-page"><valueUri value="PlanDefinition-Q4MSDokumenteUebermittelnPatient.html"/></extension><reference><reference value="PlanDefinition/Q4MSDokumenteUebermittelnPatient"/></reference><name value="Dokumente an Patient übermitteln"/><exampleBoolean value="false"/><groupingId value="-ka-plandefinition"/></resource><resource><extension url="http://hl7.org/fhir/StructureDefinition/implementationguide-page"><valueUri value="PlanDefinition-Q4MSEntlassung.html"/></extension><reference><reference value="PlanDefinition/Q4MSEntlassung"/></reference><name value="Entlassung"/><exampleBoolean value="false"/><groupingId value="-ka-plandefinition"/></resource><resource><extension url="http://hl7.org/fhir/StructureDefinition/implementationguide-page"><valueUri value="ActivityDefinition-Q4MSExpandedDisabilityStatusScaleAD.html"/></extension><reference><reference value="ActivityDefinition/Q4MSExpandedDisabilityStatusScaleAD"/></reference><name value="Expanded Disability Status Scale (EDSS)"/><exampleBoolean value="false"/><groupingId value="-ka-activitydefinition"/></resource><resource><extension url="http://hl7.org/fhir/StructureDefinition/implementationguide-page"><valueUri value="PlanDefinition-Q4MSGanganalyse.html"/></extension><reference><reference value="PlanDefinition/Q4MSGanganalyse"/></reference><name value="Ganganalyse"/><exampleBoolean value="false"/><groupingId value="-ka-plandefinition"/></resource><resource><extension url="http://hl7.org/fhir/StructureDefinition/implementationguide-page"><valueUri value="ActivityDefinition-Q4MSGanganalyseAD.html"/></extension><reference><reference value="ActivityDefinition/Q4MSGanganalyseAD"/></reference><name value="Ganganalyse"/><exampleBoolean value="false"/><groupingId value="-ka-activitydefinition"/></resource><resource><extension url="http://hl7.org/fhir/StructureDefinition/implementationguide-page"><valueUri value="PlanDefinition-Q4MSLaboruntersuchung.html"/></extension><reference><reference value="PlanDefinition/Q4MSLaboruntersuchung"/></reference><name value="Laboruntersuchung"/><exampleBoolean value="false"/><groupingId value="-ka-plandefinition"/></resource><resource><extension url="http://hl7.org/fhir/StructureDefinition/implementationguide-page"><valueUri value="ActivityDefinition-Q4MSLaboruntersuchungAD.html"/></extension><reference><reference value="ActivityDefinition/Q4MSLaboruntersuchungAD"/></reference><name value="Laboruntersuchung"/><exampleBoolean value="false"/><groupingId value="-ka-activitydefinition"/></resource><resource><extension url="http://hl7.org/fhir/StructureDefinition/implementationguide-page"><valueUri value="PlanDefinition-Q4MSMagnetresonanztomographie.html"/></extension><reference><reference value="PlanDefinition/Q4MSMagnetresonanztomographie"/></reference><name value="Magnetresonanztomographie (MRT)"/><exampleBoolean value="false"/><groupingId value="-ka-plandefinition"/></resource><resource><extension url="http://hl7.org/fhir/StructureDefinition/implementationguide-page"><valueUri value="ActivityDefinition-Q4MSMagnetresonanztomographieAD.html"/></extension><reference><reference value="ActivityDefinition/Q4MSMagnetresonanztomographieAD"/></reference><name value="Magnetresonanztomographie (MRT)"/><exampleBoolean value="false"/><groupingId value="-ka-activitydefinition"/></resource><resource><extension url="http://hl7.org/fhir/StructureDefinition/implementationguide-page"><valueUri value="PlanDefinition-Q4MSMultipleSclerosisPerformanceTest.html"/></extension><reference><reference value="PlanDefinition/Q4MSMultipleSclerosisPerformanceTest"/></reference><name value="Multiple Sclerosis Performance Test (MSPT)"/><exampleBoolean value="false"/><groupingId value="-ka-plandefinition"/></resource><resource><extension url="http://hl7.org/fhir/StructureDefinition/implementationguide-page"><valueUri value="ActivityDefinition-Q4MSMultipleSclerosisPerformanceTestAD.html"/></extension><reference><reference value="ActivityDefinition/Q4MSMultipleSclerosisPerformanceTestAD"/></reference><name value="Multiple Sclerosis Performance Test (MSPT)"/><exampleBoolean value="false"/><groupingId value="-ka-activitydefinition"/></resource><resource><extension url="http://hl7.org/fhir/StructureDefinition/implementationguide-page"><valueUri value="PlanDefinition-Q4MSOptischeKohaerenztomographie.html"/></extension><reference><reference value="PlanDefinition/Q4MSOptischeKohaerenztomographie"/></reference><name value="Optische Kohärenztomographie (OCT)"/><exampleBoolean value="false"/><groupingId value="-ka-plandefinition"/></resource><resource><extension url="http://hl7.org/fhir/StructureDefinition/implementationguide-page"><valueUri value="ActivityDefinition-Q4MSOptischeKohaerenztomographieAD.html"/></extension><reference><reference value="ActivityDefinition/Q4MSOptischeKohaerenztomographieAD"/></reference><name value="Optische Kohärenztomographie (OCT)"/><exampleBoolean value="false"/><groupingId value="-ka-activitydefinition"/></resource><resource><extension url="http://hl7.org/fhir/StructureDefinition/implementationguide-page"><valueUri value="MessageDefinition-Q4MSTerminanfrage.html"/></extension><reference><reference value="MessageDefinition/Q4MSTerminanfrage"/></reference><name value="Terminanfrage"/><exampleBoolean value="false"/><groupingId value="-dyn-messagedefinition"/></resource><resource><extension url="http://hl7.org/fhir/StructureDefinition/implementationguide-page"><valueUri value="MessageHeader-Q4MSTerminanfrageHeader.html"/></extension><reference><reference value="MessageHeader/Q4MSTerminanfrageHeader"/></reference><name value="Terminanfrage"/><exampleBoolean value="false"/><groupingId value="-other"/></resource><resource><extension url="http://hl7.org/fhir/StructureDefinition/implementationguide-page"><valueUri value="PlanDefinition-Q4MSTerminvereinbarung.html"/></extension><reference><reference value="PlanDefinition/Q4MSTerminvereinbarung"/></reference><name value="Terminvereinbarung"/><exampleBoolean value="false"/><groupingId value="-ka-plandefinition"/></resource><resource><extension url="http://hl7.org/fhir/StructureDefinition/implementationguide-page"><valueUri value="ActivityDefinition-Q4MSTerminvereinbarungAD.html"/></extension><reference><reference value="ActivityDefinition/Q4MSTerminvereinbarungAD"/></reference><name value="Terminvereinbarung"/><exampleBoolean value="false"/><groupingId value="-ka-activitydefinition"/></resource><resource><extension url="http://hl7.org/fhir/StructureDefinition/implementationguide-page"><valueUri value="PlanDefinition-Q4MSTherapiespezifischeDiagnostik.html"/></extension><reference><reference value="PlanDefinition/Q4MSTherapiespezifischeDiagnostik"/></reference><name value="Therapiespezifische Diagnostik"/><exampleBoolean value="false"/><groupingId value="-ka-plandefinition"/></resource><resource><extension url="http://hl7.org/fhir/StructureDefinition/implementationguide-page"><valueUri value="ActivityDefinition-Q4MSTherapiespezifischeDiagnostikAD.html"/></extension><reference><reference value="ActivityDefinition/Q4MSTherapiespezifischeDiagnostikAD"/></reference><name value="Therapiespezifische Diagnostik"/><exampleBoolean value="false"/><groupingId value="-ka-activitydefinition"/></resource><resource><extension url="http://hl7.org/fhir/StructureDefinition/implementationguide-page"><valueUri value="PlanDefinition-Q4MSVorstellung.html"/></extension><reference><reference value="PlanDefinition/Q4MSVorstellung"/></reference><name value="Erst- oder Wiedervorstellung"/><exampleBoolean value="false"/><groupingId value="-ka-plandefinition"/></resource><resource><extension url="http://hl7.org/fhir/StructureDefinition/implementationguide-page"><valueUri value="PlanDefinition-Q4MSVoruntersuchung.html"/></extension><reference><reference value="PlanDefinition/Q4MSVoruntersuchung"/></reference><name value="Voruntersuchung"/><exampleBoolean value="false"/><groupingId value="-ka-plandefinition"/></resource><resource><extension url="http://hl7.org/fhir/StructureDefinition/implementationguide-page"><valueUri value="PlanDefinition-Q4MSZusatzdiagnostik.html"/></extension><reference><reference value="PlanDefinition/Q4MSZusatzdiagnostik"/></reference><name value="Zusatzdiagnostik"/><exampleBoolean value="false"/><groupingId value="-ka-plandefinition"/></resource><resource><extension url="http://hl7.org/fhir/StructureDefinition/implementationguide-page"><valueUri value="DocumentReference-RezeptExample.html"/></extension><reference><reference value="DocumentReference/RezeptExample"/></reference><name value="Beispiel Rezept"/><description value="Beispiel DocumentReference für ein Rezept"/><exampleCanonical value="http://qpath4ms.ukdd.de/fhir/StructureDefinition/q4ms-rezept"/><groupingId value="-ex-example"/></resource><resource><extension url="http://hl7.org/fhir/StructureDefinition/implementationguide-page"><valueUri value="DocumentReference-SonstigesDokumentExample.html"/></extension><reference><reference value="DocumentReference/SonstigesDokumentExample"/></reference><name value="Beispiel Sonstiges Dokument"/><description value="Beispiel DocumentReference für ein Sonstiges Dokument, z.B. AU"/><exampleCanonical value="http://qpath4ms.ukdd.de/fhir/StructureDefinition/q4ms-sonstiges-dokument"/><groupingId value="-ex-example"/></resource><resource><extension url="http://hl7.org/fhir/StructureDefinition/implementationguide-page"><valueUri value="Appointment-TerminvereinbarungExampleAPT.html"/></extension><reference><reference value="Appointment/TerminvereinbarungExampleAPT"/></reference><name value="Beispiel Terminvereinbarung"/><description value="Beispiel Appointment mit einem Terminvorschlag für einen Patienten (M0)"/><exampleBoolean value="true"/><groupingId value="-ex-example"/></resource><resource><extension url="http://hl7.org/fhir/StructureDefinition/implementationguide-page"><valueUri value="CarePlan-TerminvereinbarungExampleCP.html"/></extension><extension url="http://hl7.org/fhir/tools/StructureDefinition/contained-resource-information"><extension url="type"><valueCode value="RequestGroup"/></extension><extension url="id"><valueId value="TerminvereinbarungExampleRG"/></extension><extension url="title"><valueId value="RequestGroup"/></extension><extension url="description"/></extension><reference><reference value="CarePlan/TerminvereinbarungExampleCP"/></reference><name value="Beispiel Terminvereinbarung"/><description value="Beispiel CarePlan zur Terminvereinbarung mit einem Patienten (M0)"/><exampleBoolean value="true"/><groupingId value="-ex-example"/></resource><resource><extension url="http://hl7.org/fhir/StructureDefinition/implementationguide-page"><valueUri value="CarePlan-TherapiespezifischeDiagnostikExampleCP.html"/></extension><extension url="http://hl7.org/fhir/tools/StructureDefinition/contained-resource-information"><extension url="type"><valueCode value="RequestGroup"/></extension><extension url="id"><valueId value="TherapiespezifischeDiagnostikExampleRG"/></extension><extension url="title"><valueId value="RequestGroup"/></extension><extension url="description"/></extension><reference><reference value="CarePlan/TherapiespezifischeDiagnostikExampleCP"/></reference><name value="Beispiel Therapiespezifische Diagnostik"/><description value="Beispiel CarePlan für die Durchführung einer therapiespezifischen Diagnostik mit dem Patienten (M0)"/><exampleBoolean value="true"/><groupingId value="-ex-example"/></resource><resource><extension url="http://hl7.org/fhir/StructureDefinition/implementationguide-page"><valueUri value="ServiceRequest-TherapiespezifischeDiagnostikExampleSR.html"/></extension><reference><reference value="ServiceRequest/TherapiespezifischeDiagnostikExampleSR"/></reference><name value="Beispiel Therapiespezifische Diagnostik"/><description value="Beispiel ServiceRequest für die Durchführung einer therapiespezifischen Diagnostik mit dem Patienten (M0)"/><exampleBoolean value="true"/><groupingId value="-ex-example"/></resource><resource><extension url="http://hl7.org/fhir/StructureDefinition/implementationguide-page"><valueUri value="CarePlan-VorstellungExampleCP.html"/></extension><extension url="http://hl7.org/fhir/tools/StructureDefinition/contained-resource-information"><extension url="type"><valueCode value="RequestGroup"/></extension><extension url="id"><valueId value="VorstellungExampleRG"/></extension><extension url="title"><valueId value="RequestGroup"/></extension><extension url="description"/></extension><reference><reference value="CarePlan/VorstellungExampleCP"/></reference><name value="Beispiel Erst- oder Wiedervorstellung"/><description value="Beispiel CarePlan zur Erstvorstellung eines Patienten (M0)"/><exampleBoolean value="true"/><groupingId value="-ex-example"/></resource><resource><extension url="http://hl7.org/fhir/StructureDefinition/implementationguide-page"><valueUri value="CarePlan-VoruntersuchungExampleCP.html"/></extension><extension url="http://hl7.org/fhir/tools/StructureDefinition/contained-resource-information"><extension url="type"><valueCode value="RequestGroup"/></extension><extension url="id"><valueId value="VorstellungExampleRG"/></extension><extension url="title"><valueId value="RequestGroup"/></extension><extension url="description"/></extension><reference><reference value="CarePlan/VoruntersuchungExampleCP"/></reference><name value="Beispiel Voruntersuchung"/><description value="Beispiel CarePlan für die Voruntersuchung eines Patienten (M0)"/><exampleBoolean value="true"/><groupingId value="-ex-example"/></resource><resource><extension url="http://hl7.org/fhir/StructureDefinition/implementationguide-page"><valueUri value="CarePlan-ZusatzdiagnostikExampleCP.html"/></extension><extension url="http://hl7.org/fhir/tools/StructureDefinition/contained-resource-information"><extension url="type"><valueCode value="RequestGroup"/></extension><extension url="id"><valueId value="ZusatzdiagnostikExampleRG"/></extension><extension url="title"><valueId value="RequestGroup"/></extension><extension url="description"/></extension><reference><reference value="CarePlan/ZusatzdiagnostikExampleCP"/></reference><name value="Beispiel Zusatzdiagnostik"/><description value="Beispiel CarePlan für die Durchführung einer Zusatzdiagnostik mit dem Patienten (M0)"/><exampleBoolean value="true"/><groupingId value="-ex-example"/></resource><page><nameUrl value="toc.html"/><title value="Table of Contents"/><generation value="html"/><page><nameUrl value="index.html"/><title value="Home"/><generation value="markdown"/></page><page><nameUrl value="artifacts.html"/><title value="Artifacts Summary"/><generation value="html"/><page><nameUrl value="MessageDefinition-Q4MSArztbriefanfrage.html"/><title value="Arztbriefanfrage"/><generation value="generated"/></page><page><nameUrl value="MessageDefinition-Q4MSTerminanfrage.html"/><title value="Terminanfrage"/><generation value="generated"/></page><page><nameUrl value="StructureDefinition-Q4MSArztbriefProfile.html"/><title value="Arztbrief"/><generation value="generated"/></page><page><nameUrl value="StructureDefinition-Q4MSBefundProfile.html"/><title value="Befund"/><generation value="generated"/></page><page><nameUrl value="StructureDefinition-Q4MSDokumentProfile.html"/><title value="Dokument"/><generation value="generated"/></page><page><nameUrl value="StructureDefinition-Q4MSDokumentanforderungProfile.html"/><title value="Dokumentanforderung"/><generation value="generated"/></page><page><nameUrl value="StructureDefinition-Q4MSKonsiliarberichtProfile.html"/><title value="Konsiliarbericht"/><generation value="generated"/></page><page><nameUrl value="StructureDefinition-Q4MSLaborergebnisProfile.html"/><title value="Laborergebnis"/><generation value="generated"/></page><page><nameUrl value="StructureDefinition-Q4MSRezeptProfile.html"/><title value="Rezept"/><generation value="generated"/></page><page><nameUrl value="StructureDefinition-Q4MSSonstigesDokumentProfile.html"/><title value="Sonstiges Dokument"/><generation value="generated"/></page><page><nameUrl value="StructureDefinition-Q4MSTerminvereinbarungProfile.html"/><title value="Terminvereinbarung"/><generation value="generated"/></page><page><nameUrl value="ValueSet-q4ms-anfragekategorie-vs.html"/><title value="Anfragekategorie"/><generation value="generated"/></page><page><nameUrl value="ValueSet-q4ms-dokumentanforderungkategorie-vs.html"/><title value="Dokumentanforderungkategorie"/><generation value="generated"/></page><page><nameUrl value="ValueSet-q4ms-terminanfragekategorie-vs.html"/><title value="Terminanfragekategorie"/><generation value="generated"/></page><page><nameUrl value="CodeSystem-q4ms-anfragekategorie.html"/><title value="Anfragekategorie"/><generation value="generated"/></page><page><nameUrl value="CodeSystem-q4ms-dokumentanforderungkategorie.html"/><title value="Dokumentanforderungkategorie"/><generation value="generated"/></page><page><nameUrl value="CodeSystem-q4ms-terminanfragekategorie.html"/><title value="Terminanfragekategorie"/><generation value="generated"/></page><page><nameUrl value="StructureMap-Q4MSActivityDefinitionTaskTransform.html"/><title value="Transformiert eine ActivityDefinition in einen Task"/><generation value="generated"/></page><page><nameUrl value="ActivityDefinition-Q4MSAllgemeineNeurologischeAnamneseAD.html"/><title value="Allgemeine und neurologische Anamnese"/><generation value="generated"/></page><page><nameUrl value="ActivityDefinition-Q4MSAuswertungAD.html"/><title value="Auswertung"/><generation value="generated"/></page><page><nameUrl value="ActivityDefinition-Q4MSBefundauswertungAD.html"/><title value="Befundauswertung"/><generation value="generated"/></page><page><nameUrl value="ActivityDefinition-Q4MSDokumenteAbfragenAD.html"/><title value="Dokumente abfragen"/><generation value="generated"/></page><page><nameUrl value="ActivityDefinition-Q4MSDokumenteUebermittelnAD.html"/><title value="Dokumente übermitteln"/><generation value="generated"/></page><page><nameUrl value="ActivityDefinition-Q4MSExpandedDisabilityStatusScaleAD.html"/><title value="Expanded Disability Status Scale (EDSS)"/><generation value="generated"/></page><page><nameUrl value="ActivityDefinition-Q4MSGanganalyseAD.html"/><title value="Ganganalyse"/><generation value="generated"/></page><page><nameUrl value="ActivityDefinition-Q4MSLaboruntersuchungAD.html"/><title value="Laboruntersuchung"/><generation value="generated"/></page><page><nameUrl value="ActivityDefinition-Q4MSMagnetresonanztomographieAD.html"/><title value="Magnetresonanztomographie (MRT)"/><generation value="generated"/></page><page><nameUrl value="ActivityDefinition-Q4MSMultipleSclerosisPerformanceTestAD.html"/><title value="Multiple Sclerosis Performance Test (MSPT)"/><generation value="generated"/></page><page><nameUrl value="ActivityDefinition-Q4MSOptischeKohaerenztomographieAD.html"/><title value="Optische Kohärenztomographie (OCT)"/><generation value="generated"/></page><page><nameUrl value="ActivityDefinition-Q4MSTerminvereinbarungAD.html"/><title value="Terminvereinbarung"/><generation value="generated"/></page><page><nameUrl value="ActivityDefinition-Q4MSTherapiespezifischeDiagnostikAD.html"/><title value="Therapiespezifische Diagnostik"/><generation value="generated"/></page><page><nameUrl value="PlanDefinition-Q4MSAllgemeineNeurologischeAnamnese.html"/><title value="Allgemeine und neurologische Anamnese"/><generation value="generated"/></page><page><nameUrl value="PlanDefinition-Q4MSAllgemeineNeurologischeUntersuchung.html"/><title value="Allgemeine neurologische Untersuchung"/><generation value="generated"/></page><page><nameUrl value="PlanDefinition-Q4MSArztvorstellung.html"/><title value="Arztvorstellung"/><generation value="generated"/></page><page><nameUrl value="PlanDefinition-Q4MSAuswertung.html"/><title value="Auswertung"/><generation value="generated"/></page><page><nameUrl value="PlanDefinition-Q4MSBasismonitoring.html"/><title value="Basismonitoring Patientepfad"/><generation value="generated"/></page><page><nameUrl value="PlanDefinition-Q4MSBefundauswertung.html"/><title value="Befundauswertung"/><generation value="generated"/></page><page><nameUrl value="PlanDefinition-Q4MSDokumenteAbfragenPatient.html"/><title value="Dokumente beim Patienten abfragen"/><generation value="generated"/></page><page><nameUrl value="PlanDefinition-Q4MSDokumenteUebermittelnArzt.html"/><title value="Dokumente an Arzt übermitteln"/><generation value="generated"/></page><page><nameUrl value="PlanDefinition-Q4MSDokumenteUebermittelnPatient.html"/><title value="Dokumente an Patient übermitteln"/><generation value="generated"/></page><page><nameUrl value="PlanDefinition-Q4MSEntlassung.html"/><title value="Entlassung"/><generation value="generated"/></page><page><nameUrl value="PlanDefinition-Q4MSGanganalyse.html"/><title value="Ganganalyse"/><generation value="generated"/></page><page><nameUrl value="PlanDefinition-Q4MSLaboruntersuchung.html"/><title value="Laboruntersuchung"/><generation value="generated"/></page><page><nameUrl value="PlanDefinition-Q4MSMagnetresonanztomographie.html"/><title value="Magnetresonanztomographie (MRT)"/><generation value="generated"/></page><page><nameUrl value="PlanDefinition-Q4MSMultipleSclerosisPerformanceTest.html"/><title value="Multiple Sclerosis Performance Test (MSPT)"/><generation value="generated"/></page><page><nameUrl value="PlanDefinition-Q4MSOptischeKohaerenztomographie.html"/><title value="Optische Kohärenztomographie (OCT)"/><generation value="generated"/></page><page><nameUrl value="PlanDefinition-Q4MSTerminvereinbarung.html"/><title value="Terminvereinbarung"/><generation value="generated"/></page><page><nameUrl value="PlanDefinition-Q4MSTherapiespezifischeDiagnostik.html"/><title value="Therapiespezifische Diagnostik"/><generation value="generated"/></page><page><nameUrl value="PlanDefinition-Q4MSVorstellung.html"/><title value="Erst- oder Wiedervorstellung"/><generation value="generated"/></page><page><nameUrl value="PlanDefinition-Q4MSVoruntersuchung.html"/><title value="Voruntersuchung"/><generation value="generated"/></page><page><nameUrl value="PlanDefinition-Q4MSZusatzdiagnostik.html"/><title value="Zusatzdiagnostik"/><generation value="generated"/></page><page><nameUrl value="CarePlan-AllgemeineNeurologischeAnamneseExampleCP.html"/><title value="Beispiel Allgemeine und neurologische Anamnese"/><generation value="generated"/></page><page><nameUrl value="Task-AllgemeineNeurologischeAnamneseExampleTSK.html"/><title value="Beispiel Allgemeine und neurologische Anamnese"/><generation value="generated"/></page><page><nameUrl value="CarePlan-AllgemeineNeurologischeUntersuchungExampleCP.html"/><title value="Beispiel Allgemeine und neurologische Untersuchung"/><generation value="generated"/></page><page><nameUrl value="Task-AllgemeineNeurologischeUntersuchungExampleTSK.html"/><title value="Beispiel Allgemeine und neurologische Untersuchung"/><generation value="generated"/></page><page><nameUrl value="DocumentReference-ArztbriefExample.html"/><title value="Beispiel Arztbrief"/><generation value="generated"/></page><page><nameUrl value="CarePlan-ArztvorstellungExampleCP.html"/><title value="Beispiel Arztvorstellung"/><generation value="generated"/></page><page><nameUrl value="CarePlan-AuswertungExampleCP.html"/><title value="Beispiel Auswertung"/><generation value="generated"/></page><page><nameUrl value="ServiceRequest-AuswertungExampleSR.html"/><title value="Beispiel Auswertung"/><generation value="generated"/></page><page><nameUrl value="Task-AuswertungExampleTSK.html"/><title value="Beispiel Auswertung"/><generation value="generated"/></page><page><nameUrl value="CarePlan-BasismonitoringExampleCP.html"/><title value="Beispiel Basismonitoring Patientenpfad"/><generation value="generated"/></page><page><nameUrl value="DocumentReference-BefundExample.html"/><title value="Beispiel Befund"/><generation value="generated"/></page><page><nameUrl value="CarePlan-BefundauswertungExampleCP.html"/><title value="Beispiel Befundauswertung"/><generation value="generated"/></page><page><nameUrl value="Task-BefundauswertungExampleTSK.html"/><title value="Beispiel Befundauswertung"/><generation value="generated"/></page><page><nameUrl value="CarePlan-DokumenteAbfragenPatientExampleCP.html"/><title value="Beispiel Dokumente abfragen"/><generation value="generated"/></page><page><nameUrl value="Task-DokumenteAbfragenPatientExampleTSK.html"/><title value="Beispiel Dokumente abfragen"/><generation value="generated"/></page><page><nameUrl value="CarePlan-DokumenteUebermittelnArztExampleCP.html"/><title value="Beispiel Dokumente an Arzt übermitteln"/><generation value="generated"/></page><page><nameUrl value="Task-DokumenteUebermittelnArztExampleTSK.html"/><title value="Beispiel Dokumente an Arzt übermitteln"/><generation value="generated"/></page><page><nameUrl value="CarePlan-DokumenteUebermittelnPatientExampleCP.html"/><title value="Beispiel Dokumente an Patient übermitteln"/><generation value="generated"/></page><page><nameUrl value="Task-DokumenteUebermittelnPatientExampleTSK.html"/><title value="Beispiel Dokumente an Patient übermitteln"/><generation value="generated"/></page><page><nameUrl value="CarePlan-EntlassungExampleCP.html"/><title value="Beispiel Entlassung"/><generation value="generated"/></page><page><nameUrl value="CarePlan-GanganalyseExampleCP.html"/><title value="Beispiel Ganganalyse"/><generation value="generated"/></page><page><nameUrl value="ServiceRequest-GanganalyseExampleSR.html"/><title value="Beispiel Ganganalyse"/><generation value="generated"/></page><page><nameUrl value="DocumentReference-KonsiliarberichtExample.html"/><title value="Beispiel Konsiliarbericht"/><generation value="generated"/></page><page><nameUrl value="DocumentReference-LaborergebnisExample.html"/><title value="Beispiel Laborergebnis"/><generation value="generated"/></page><page><nameUrl value="CarePlan-LaboruntersuchungExampleCP.html"/><title value="Beispiel Laboruntersuchung"/><generation value="generated"/></page><page><nameUrl value="ServiceRequest-LaboruntersuchungExampleSR.html"/><title value="Beispiel Laboruntersuchung"/><generation value="generated"/></page><page><nameUrl value="CarePlan-MagnetresonanztomographieExampleCP.html"/><title value="Beispiel Magnetresonanztomographie (MRT)"/><generation value="generated"/></page><page><nameUrl value="ServiceRequest-MagnetresonanztomographieExampleSR.html"/><title value="Beispiel Magnetresonanztomographie (MRT)"/><generation value="generated"/></page><page><nameUrl value="CarePlan-MultipleSclerosisPerformanceTestExampleCP.html"/><title value="Beispiel Multiple Sclerosis Performance Test (MSPT)"/><generation value="generated"/></page><page><nameUrl value="ServiceRequest-MultipleSclerosisPerformanceTestExampleSR.html"/><title value="Beispiel Multiple Sclerosis Performance Test (MSPT)"/><generation value="generated"/></page><page><nameUrl value="CarePlan-OptischeKohaerenztomographieExampleCP.html"/><title value="Beispiel Optische Kohärenztomographie (OCT)"/><generation value="generated"/></page><page><nameUrl value="ServiceRequest-OptischeKohaerenztomographieExampleSR.html"/><title value="Beispiel Optische Kohärenztomographie (OCT)"/><generation value="generated"/></page><page><nameUrl value="Patient-PatientJohnDoe.html"/><title value="Beispiel Patient"/><generation value="generated"/></page><page><nameUrl value="DocumentReference-RezeptExample.html"/><title value="Beispiel Rezept"/><generation value="generated"/></page><page><nameUrl value="DocumentReference-SonstigesDokumentExample.html"/><title value="Beispiel Sonstiges Dokument"/><generation value="generated"/></page><page><nameUrl value="Appointment-TerminvereinbarungExampleAPT.html"/><title value="Beispiel Terminvereinbarung"/><generation value="generated"/></page><page><nameUrl value="CarePlan-TerminvereinbarungExampleCP.html"/><title value="Beispiel Terminvereinbarung"/><generation value="generated"/></page><page><nameUrl value="CarePlan-TherapiespezifischeDiagnostikExampleCP.html"/><title value="Beispiel Therapiespezifische Diagnostik"/><generation value="generated"/></page><page><nameUrl value="ServiceRequest-TherapiespezifischeDiagnostikExampleSR.html"/><title value="Beispiel Therapiespezifische Diagnostik"/><generation value="generated"/></page><page><nameUrl value="CarePlan-VorstellungExampleCP.html"/><title value="Beispiel Erst- oder Wiedervorstellung"/><generation value="generated"/></page><page><nameUrl value="CarePlan-VoruntersuchungExampleCP.html"/><title value="Beispiel Voruntersuchung"/><generation value="generated"/></page><page><nameUrl value="CarePlan-ZusatzdiagnostikExampleCP.html"/><title value="Beispiel Zusatzdiagnostik"/><generation value="generated"/></page><page><nameUrl value="MessageHeader-Q4MSArztbriefanfrageHeader.html"/><title value="Arztbriefanfrage"/><generation value="generated"/></page><page><nameUrl value="MessageHeader-Q4MSTerminanfrageHeader.html"/><title value="Terminanfrage"/><generation value="generated"/></page></page></page><parameter><code value="path-resource"/><value value="input/capabilities"/></parameter><parameter><code value="path-resource"/><value value="input/examples"/></parameter><parameter><code value="path-resource"/><value value="input/extensions"/></parameter><parameter><code value="path-resource"/><value value="input/models"/></parameter><parameter><code value="path-resource"/><value value="input/operations"/></parameter><parameter><code value="path-resource"/><value value="input/profiles"/></parameter><parameter><code value="path-resource"/><value value="input/resources"/></parameter><parameter><code value="path-resource"/><value value="input/vocabulary"/></parameter><parameter><code value="path-resource"/><value value="input/maps"/></parameter><parameter><code value="path-resource"/><value value="input/testing"/></parameter><parameter><code value="path-resource"/><value value="input/history"/></parameter><parameter><code value="path-resource"/><value value="fsh-generated/resources"/></parameter><parameter><code value="path-pages"/><value value="template/config"/></parameter><parameter><code value="path-pages"/><value value="input/images"/></parameter><parameter><code value="path-tx-cache"/><value value="input-cache/txcache"/></parameter></definition></ImplementationGuide>