<?xml version="1.0" encoding="UTF-8"?><ImplementationGuide xmlns="http://hl7.org/fhir"><id value="fhir.qpath4ms"/><text><status value="extensions"/><div xmlns="http://www.w3.org/1999/xhtml"><h2>QPath4MSIG</h2><p>The official URL for this implementation guide is: </p><pre>http://qpath.ukdd.de/ImplementationGuide/fhir.qpath4ms</pre></div></text><url value="http://qpath.ukdd.de/ImplementationGuide/fhir.qpath4ms"/><version value="0.1.0"/><name value="QPath4MSIG"/><title value="QPath4MS FHIR Implementation Guide"/><status value="draft"/><date value="2021-12-22T11:59:55+01:00"/><publisher value="QPath4MS"/><contact><name value="QPath4MS"/><telecom><system value="url"/><value value="http://qpath.ukdd.de"/></telecom></contact><packageId value="fhir.qpath4ms"/><license value="CC0-1.0"/><fhirVersion value="4.0.1"/><definition><extension url="http://hl7.org/fhir/tools/StructureDefinition/ig-parameter"><extension url="code"><valueString value="copyrightyear"/></extension><extension url="value"><valueString value="2021+"/></extension></extension><extension url="http://hl7.org/fhir/tools/StructureDefinition/ig-parameter"><extension url="code"><valueString value="releaselabel"/></extension><extension url="value"><valueString value="ci-build"/></extension></extension><extension url="http://hl7.org/fhir/tools/StructureDefinition/ig-parameter"><extension url="code"><valueString value="path-liquid"/></extension><extension url="value"><valueString value="template/liquid"/></extension></extension><extension url="http://hl7.org/fhir/tools/StructureDefinition/ig-parameter"><extension url="code"><valueString value="path-liquid"/></extension><extension url="value"><valueString value="input/liquid"/></extension></extension><extension url="http://hl7.org/fhir/tools/StructureDefinition/ig-parameter"><extension url="code"><valueString value="path-qa"/></extension><extension url="value"><valueString value="temp/qa"/></extension></extension><extension url="http://hl7.org/fhir/tools/StructureDefinition/ig-parameter"><extension url="code"><valueString value="path-temp"/></extension><extension url="value"><valueString value="temp/pages"/></extension></extension><extension url="http://hl7.org/fhir/tools/StructureDefinition/ig-parameter"><extension url="code"><valueString value="path-output"/></extension><extension url="value"><valueString value="output"/></extension></extension><extension url="http://hl7.org/fhir/tools/StructureDefinition/ig-parameter"><extension url="code"><valueString value="path-suppressed-warnings"/></extension><extension url="value"><valueString value="input/ignoreWarnings.txt"/></extension></extension><extension url="http://hl7.org/fhir/tools/StructureDefinition/ig-parameter"><extension url="code"><valueString value="path-history"/></extension><extension url="value"><valueString value="http://qpath.ukdd.de/history.html"/></extension></extension><extension url="http://hl7.org/fhir/tools/StructureDefinition/ig-parameter"><extension url="code"><valueString value="template-html"/></extension><extension url="value"><valueString value="template-page.html"/></extension></extension><extension url="http://hl7.org/fhir/tools/StructureDefinition/ig-parameter"><extension url="code"><valueString value="template-md"/></extension><extension url="value"><valueString value="template-page-md.html"/></extension></extension><extension url="http://hl7.org/fhir/tools/StructureDefinition/ig-parameter"><extension url="code"><valueString value="apply-contact"/></extension><extension url="value"><valueString value="true"/></extension></extension><extension url="http://hl7.org/fhir/tools/StructureDefinition/ig-parameter"><extension url="code"><valueString value="apply-context"/></extension><extension url="value"><valueString value="true"/></extension></extension><extension url="http://hl7.org/fhir/tools/StructureDefinition/ig-parameter"><extension url="code"><valueString value="apply-copyright"/></extension><extension url="value"><valueString value="true"/></extension></extension><extension url="http://hl7.org/fhir/tools/StructureDefinition/ig-parameter"><extension url="code"><valueString value="apply-jurisdiction"/></extension><extension url="value"><valueString value="true"/></extension></extension><extension url="http://hl7.org/fhir/tools/StructureDefinition/ig-parameter"><extension url="code"><valueString value="apply-license"/></extension><extension url="value"><valueString value="true"/></extension></extension><extension url="http://hl7.org/fhir/tools/StructureDefinition/ig-parameter"><extension url="code"><valueString value="apply-publisher"/></extension><extension url="value"><valueString value="true"/></extension></extension><extension url="http://hl7.org/fhir/tools/StructureDefinition/ig-parameter"><extension url="code"><valueString value="apply-version"/></extension><extension url="value"><valueString value="true"/></extension></extension><extension url="http://hl7.org/fhir/tools/StructureDefinition/ig-parameter"><extension url="code"><valueString value="active-tables"/></extension><extension url="value"><valueString value="true"/></extension></extension><grouping id="-dyn-messagedefinition"><name value="Behavior: Message Definitions"/><description value="These define the types of messages that can be sent and/or received by systems conforming to this implementation guide"/></grouping><grouping id="-str-profile"><name value="Structures: Resource Profiles"/><description value="These define constraints on FHIR resources for systems conforming to this implementation guide"/></grouping><grouping id="-term-valueset"><name value="Terminology: Value Sets"/><description value="These define sets of codes used by systems conforming to this implementation guide"/></grouping><grouping id="-term-codesystem"><name value="Terminology: Code Systems"/><description value="These define new code systems used by systems conforming to this implementation guide"/></grouping><grouping id="-ka-activitydefinition"><name value="Knowledge Artifacts: Activity Definitions"/><description value="These define activities that can be performed as part of content in this implementation guide"/></grouping><grouping id="-ka-plandefinition"><name value="Knowledge Artifacts: Plan Definitions"/><description value="These define workflows, rules, strategies, or protocols as part of content in this implementation guide"/></grouping><grouping id="-ex-example"><name value="Example: Example Instances"/><description value="These are example instances that show what data produced and consumed by systems conforming with this implementation guide might look like"/></grouping><grouping id="-other"><name value="Other"/><description value="These are resources that are used within this implementation guide that do not fit into one of the other categories"/></grouping><resource><extension url="http://hl7.org/fhir/StructureDefinition/implementationguide-page"><valueUri value="StructureDefinition-q4ms-arztbrief-profile.html"/></extension><reference><reference value="StructureDefinition/q4ms-arztbrief-profile"/></reference><name value="Arztbrief DocumentReference Profile"/><exampleBoolean value="false"/><groupingId value="-str-profile"/></resource><resource><extension url="http://hl7.org/fhir/StructureDefinition/implementationguide-page"><valueUri value="StructureDefinition-q4ms-befund-profile.html"/></extension><reference><reference value="StructureDefinition/q4ms-befund-profile"/></reference><name value="Befund DocumentReference Profile"/><exampleBoolean value="false"/><groupingId value="-str-profile"/></resource><resource><extension url="http://hl7.org/fhir/StructureDefinition/implementationguide-page"><valueUri value="StructureDefinition-q4ms-dokument-profile.html"/></extension><reference><reference value="StructureDefinition/q4ms-dokument-profile"/></reference><name value="Dokument DocumentReference Profile"/><exampleBoolean value="false"/><groupingId value="-str-profile"/></resource><resource><extension url="http://hl7.org/fhir/StructureDefinition/implementationguide-page"><valueUri value="StructureDefinition-q4ms-dokumentanforderung-profile.html"/></extension><reference><reference value="StructureDefinition/q4ms-dokumentanforderung-profile"/></reference><name value="Dokumentanforderung MessageDefinition Profile"/><exampleBoolean value="false"/><groupingId value="-str-profile"/></resource><resource><extension url="http://hl7.org/fhir/StructureDefinition/implementationguide-page"><valueUri value="StructureDefinition-q4ms-konsiliarbericht-profile.html"/></extension><reference><reference value="StructureDefinition/q4ms-konsiliarbericht-profile"/></reference><name value="Konsiliarbericht DocumentReference Profile"/><exampleBoolean value="false"/><groupingId value="-str-profile"/></resource><resource><extension url="http://hl7.org/fhir/StructureDefinition/implementationguide-page"><valueUri value="StructureDefinition-q4ms-laborergebnis-profile.html"/></extension><reference><reference value="StructureDefinition/q4ms-laborergebnis-profile"/></reference><name value="Laborergebnis DocumentReference Profile"/><exampleBoolean value="false"/><groupingId value="-str-profile"/></resource><resource><extension url="http://hl7.org/fhir/StructureDefinition/implementationguide-page"><valueUri value="StructureDefinition-q4ms-rezept-profile.html"/></extension><reference><reference value="StructureDefinition/q4ms-rezept-profile"/></reference><name value="Rezept DocumentReference Profile"/><exampleBoolean value="false"/><groupingId value="-str-profile"/></resource><resource><extension url="http://hl7.org/fhir/StructureDefinition/implementationguide-page"><valueUri value="StructureDefinition-q4ms-sonstiges-dokument-profile.html"/></extension><reference><reference value="StructureDefinition/q4ms-sonstiges-dokument-profile"/></reference><name value="Sonstiges Dokument DocumentReference Profile"/><exampleBoolean value="false"/><groupingId value="-str-profile"/></resource><resource><extension url="http://hl7.org/fhir/StructureDefinition/implementationguide-page"><valueUri value="StructureDefinition-q4ms-terminvereinbarung-profile.html"/></extension><reference><reference value="StructureDefinition/q4ms-terminvereinbarung-profile"/></reference><name value="Terminvereinbarung MessageDefinition Profile"/><exampleBoolean value="false"/><groupingId value="-str-profile"/></resource><resource><extension url="http://hl7.org/fhir/StructureDefinition/implementationguide-page"><valueUri value="ValueSet-q4ms-anfragekategorie-vs.html"/></extension><reference><reference value="ValueSet/q4ms-anfragekategorie-vs"/></reference><name value="Anfragekategorie ValueSet"/><description value="Definiert Anfragekategorien"/><exampleBoolean value="false"/><groupingId value="-term-valueset"/></resource><resource><extension url="http://hl7.org/fhir/StructureDefinition/implementationguide-page"><valueUri value="ValueSet-q4ms-dokumentanforderungkategorie-vs.html"/></extension><reference><reference value="ValueSet/q4ms-dokumentanforderungkategorie-vs"/></reference><name value="Dokumentanforderungkategorie ValueSet"/><description value="Definiert Dokumentanforderungkategorien"/><exampleBoolean value="false"/><groupingId value="-term-valueset"/></resource><resource><extension url="http://hl7.org/fhir/StructureDefinition/implementationguide-page"><valueUri value="ValueSet-q4ms-terminanfragekategorie-vs.html"/></extension><reference><reference value="ValueSet/q4ms-terminanfragekategorie-vs"/></reference><name value="Terminanfragekategorie ValueSet"/><description value="Definiert Terminanfragekategorie"/><exampleBoolean value="false"/><groupingId value="-term-valueset"/></resource><resource><extension url="http://hl7.org/fhir/StructureDefinition/implementationguide-page"><valueUri value="CodeSystem-q4ms-anfragekategorie.html"/></extension><reference><reference value="CodeSystem/q4ms-anfragekategorie"/></reference><name value="Anfragekategorie CodeSystem"/><description value="Deklariert Anfragekategorien"/><exampleBoolean value="false"/><groupingId value="-term-codesystem"/></resource><resource><extension url="http://hl7.org/fhir/StructureDefinition/implementationguide-page"><valueUri value="CodeSystem-q4ms-dokumentanforderungkategorie.html"/></extension><reference><reference value="CodeSystem/q4ms-dokumentanforderungkategorie"/></reference><name value="Dokumentanforderungkategorie CodeSystem"/><description value="Deklariert Dokumentanforderungkategorien"/><exampleBoolean value="false"/><groupingId value="-term-codesystem"/></resource><resource><extension url="http://hl7.org/fhir/StructureDefinition/implementationguide-page"><valueUri value="CodeSystem-q4ms-terminanfragekategorie.html"/></extension><reference><reference value="CodeSystem/q4ms-terminanfragekategorie"/></reference><name value="Terminanfragekategorie CodeSystem"/><description value="Deklariert Terminanfragekategorien"/><exampleBoolean value="false"/><groupingId value="-term-codesystem"/></resource><resource><extension url="http://hl7.org/fhir/StructureDefinition/implementationguide-page"><valueUri value="DocumentReference-ArztbriefExample.html"/></extension><reference><reference value="DocumentReference/ArztbriefExample"/></reference><name value="Beispiel Arztbrief"/><description value="Beispiel DocumentReference für einen Arztbrief"/><exampleCanonical value="http://qpath.ukdd.de/StructureDefinition/q4ms-arztbrief-profile"/><groupingId value="-ex-example"/></resource><resource><extension url="http://hl7.org/fhir/StructureDefinition/implementationguide-page"><valueUri value="DocumentReference-BefundExample.html"/></extension><reference><reference value="DocumentReference/BefundExample"/></reference><name value="Beispiel Befund"/><description value="Beispiel DocumentReference für einen Befund"/><exampleCanonical value="http://qpath.ukdd.de/StructureDefinition/q4ms-befund-profile"/><groupingId value="-ex-example"/></resource><resource><extension url="http://hl7.org/fhir/StructureDefinition/implementationguide-page"><valueUri value="DocumentReference-KonsiliarberichtExample.html"/></extension><reference><reference value="DocumentReference/KonsiliarberichtExample"/></reference><name value="Beispiel Konsiliarbericht"/><description value="Beispiel DocumentReference für einen Konsiliarbericht"/><exampleCanonical value="http://qpath.ukdd.de/StructureDefinition/q4ms-konsiliarbericht-profile"/><groupingId value="-ex-example"/></resource><resource><extension url="http://hl7.org/fhir/StructureDefinition/implementationguide-page"><valueUri value="DocumentReference-LaborergebnisExample.html"/></extension><reference><reference value="DocumentReference/LaborergebnisExample"/></reference><name value="Beispiel Laborergebnis"/><description value="Beispiel DocumentReference für ein Laborergebnis"/><exampleCanonical value="http://qpath.ukdd.de/StructureDefinition/q4ms-laborergebnis-profile"/><groupingId value="-ex-example"/></resource><resource><extension url="http://hl7.org/fhir/StructureDefinition/implementationguide-page"><valueUri value="PlanDefinition-Q4MSAllgemeineNeurologischeAnamnese.html"/></extension><reference><reference value="PlanDefinition/Q4MSAllgemeineNeurologischeAnamnese"/></reference><name value="Allgemeine neurologische Anamnese PlanDefinition"/><exampleBoolean value="false"/><groupingId value="-ka-plandefinition"/></resource><resource><extension url="http://hl7.org/fhir/StructureDefinition/implementationguide-page"><valueUri value="ActivityDefinition-Q4MSAllgemeineNeurologischeAnamneseActivity.html"/></extension><reference><reference value="ActivityDefinition/Q4MSAllgemeineNeurologischeAnamneseActivity"/></reference><name value="Allgemeine neurologische Anamnese ActivityDefinition"/><exampleBoolean value="false"/><groupingId value="-ka-activitydefinition"/></resource><resource><extension url="http://hl7.org/fhir/StructureDefinition/implementationguide-page"><valueUri value="PlanDefinition-Q4MSAllgemeineNeurologischeUntersuchung.html"/></extension><reference><reference value="PlanDefinition/Q4MSAllgemeineNeurologischeUntersuchung"/></reference><name value="Allgemeine neurologische Untersuchung PlanDefinition"/><exampleBoolean value="false"/><groupingId value="-ka-plandefinition"/></resource><resource><extension url="http://hl7.org/fhir/StructureDefinition/implementationguide-page"><valueUri value="MessageDefinition-Q4MSArztbriefanfrage.html"/></extension><reference><reference value="MessageDefinition/Q4MSArztbriefanfrage"/></reference><name value="Arztbriefanfrage MessageDefinition"/><exampleBoolean value="false"/><groupingId value="-dyn-messagedefinition"/></resource><resource><extension url="http://hl7.org/fhir/StructureDefinition/implementationguide-page"><valueUri value="MessageHeader-Q4MSArztbriefanfrageHeader.html"/></extension><reference><reference value="MessageHeader/Q4MSArztbriefanfrageHeader"/></reference><name value="Arztbriefanfrage MessageHeader"/><exampleBoolean value="false"/><groupingId value="-other"/></resource><resource><extension url="http://hl7.org/fhir/StructureDefinition/implementationguide-page"><valueUri value="PlanDefinition-Q4MSArztvorstellung.html"/></extension><reference><reference value="PlanDefinition/Q4MSArztvorstellung"/></reference><name value="Arztvorstellung PlanDefinition"/><exampleBoolean value="false"/><groupingId value="-ka-plandefinition"/></resource><resource><extension url="http://hl7.org/fhir/StructureDefinition/implementationguide-page"><valueUri value="PlanDefinition-Q4MSAuswertung.html"/></extension><reference><reference value="PlanDefinition/Q4MSAuswertung"/></reference><name value="Auswertung PlanDefinition"/><exampleBoolean value="false"/><groupingId value="-ka-plandefinition"/></resource><resource><extension url="http://hl7.org/fhir/StructureDefinition/implementationguide-page"><valueUri value="ActivityDefinition-Q4MSAuswertungActivity.html"/></extension><reference><reference value="ActivityDefinition/Q4MSAuswertungActivity"/></reference><name value="Auswertung ActivityDefinition"/><exampleBoolean value="false"/><groupingId value="-ka-activitydefinition"/></resource><resource><extension url="http://hl7.org/fhir/StructureDefinition/implementationguide-page"><valueUri value="PlanDefinition-Q4MSBasismonitoring.html"/></extension><reference><reference value="PlanDefinition/Q4MSBasismonitoring"/></reference><name value="Basismonitoring Patientepfad PlanDefinition"/><exampleBoolean value="false"/><groupingId value="-ka-plandefinition"/></resource><resource><extension url="http://hl7.org/fhir/StructureDefinition/implementationguide-page"><valueUri value="PlanDefinition-Q4MSBefundauswertung.html"/></extension><reference><reference value="PlanDefinition/Q4MSBefundauswertung"/></reference><name value="Befundauswertung PlanDefinition"/><exampleBoolean value="false"/><groupingId value="-ka-plandefinition"/></resource><resource><extension url="http://hl7.org/fhir/StructureDefinition/implementationguide-page"><valueUri value="ActivityDefinition-Q4MSBefundauswertungActivity.html"/></extension><reference><reference value="ActivityDefinition/Q4MSBefundauswertungActivity"/></reference><name value="Befundauswertung ActivityDefinition"/><exampleBoolean value="false"/><groupingId value="-ka-activitydefinition"/></resource><resource><extension url="http://hl7.org/fhir/StructureDefinition/implementationguide-page"><valueUri value="ActivityDefinition-Q4MSDokumenteAbfragenActivity.html"/></extension><reference><reference value="ActivityDefinition/Q4MSDokumenteAbfragenActivity"/></reference><name value="Dokumente abfragen ActivityDefinition"/><exampleBoolean value="false"/><groupingId value="-ka-activitydefinition"/></resource><resource><extension url="http://hl7.org/fhir/StructureDefinition/implementationguide-page"><valueUri value="PlanDefinition-Q4MSDokumenteAbfragenPatient.html"/></extension><reference><reference value="PlanDefinition/Q4MSDokumenteAbfragenPatient"/></reference><name value="Dokumente beim Patienten abfragen PlanDefinition"/><exampleBoolean value="false"/><groupingId value="-ka-plandefinition"/></resource><resource><extension url="http://hl7.org/fhir/StructureDefinition/implementationguide-page"><valueUri value="ActivityDefinition-Q4MSDokumenteUebermittelnActivity.html"/></extension><reference><reference value="ActivityDefinition/Q4MSDokumenteUebermittelnActivity"/></reference><name value="Dokumente uebermitteln ActivityDefinition"/><exampleBoolean value="false"/><groupingId value="-ka-activitydefinition"/></resource><resource><extension url="http://hl7.org/fhir/StructureDefinition/implementationguide-page"><valueUri value="PlanDefinition-Q4MSDokumenteUebermittelnArzt.html"/></extension><reference><reference value="PlanDefinition/Q4MSDokumenteUebermittelnArzt"/></reference><name value="Dokumente an Arzt übermitteln PlanDefinition"/><exampleBoolean value="false"/><groupingId value="-ka-plandefinition"/></resource><resource><extension url="http://hl7.org/fhir/StructureDefinition/implementationguide-page"><valueUri value="PlanDefinition-Q4MSDokumenteUebermittelnPatient.html"/></extension><reference><reference value="PlanDefinition/Q4MSDokumenteUebermittelnPatient"/></reference><name value="Dokumente an Patient übermitteln PlanDefinition"/><exampleBoolean value="false"/><groupingId value="-ka-plandefinition"/></resource><resource><extension url="http://hl7.org/fhir/StructureDefinition/implementationguide-page"><valueUri value="PlanDefinition-Q4MSEntlassung.html"/></extension><reference><reference value="PlanDefinition/Q4MSEntlassung"/></reference><name value="Entlassung PlanDefinition"/><exampleBoolean value="false"/><groupingId value="-ka-plandefinition"/></resource><resource><extension url="http://hl7.org/fhir/StructureDefinition/implementationguide-page"><valueUri value="ActivityDefinition-Q4MSExpandedDisabilityStatusScaleActivity.html"/></extension><reference><reference value="ActivityDefinition/Q4MSExpandedDisabilityStatusScaleActivity"/></reference><name value="Expanded Disability Status Scale ActivityDefinition"/><exampleBoolean value="false"/><groupingId value="-ka-activitydefinition"/></resource><resource><extension url="http://hl7.org/fhir/StructureDefinition/implementationguide-page"><valueUri value="PlanDefinition-Q4MSGanganalyse.html"/></extension><reference><reference value="PlanDefinition/Q4MSGanganalyse"/></reference><name value="Ganganalyse PlanDefinition"/><exampleBoolean value="false"/><groupingId value="-ka-plandefinition"/></resource><resource><extension url="http://hl7.org/fhir/StructureDefinition/implementationguide-page"><valueUri value="ActivityDefinition-Q4MSGanganalyseActivity.html"/></extension><reference><reference value="ActivityDefinition/Q4MSGanganalyseActivity"/></reference><name value="Ganganalyse ActivityDefinition"/><exampleBoolean value="false"/><groupingId value="-ka-activitydefinition"/></resource><resource><extension url="http://hl7.org/fhir/StructureDefinition/implementationguide-page"><valueUri value="PlanDefinition-Q4MSLaboruntersuchung.html"/></extension><reference><reference value="PlanDefinition/Q4MSLaboruntersuchung"/></reference><name value="Laboruntersuchung PlanDefinition"/><exampleBoolean value="false"/><groupingId value="-ka-plandefinition"/></resource><resource><extension url="http://hl7.org/fhir/StructureDefinition/implementationguide-page"><valueUri value="ActivityDefinition-Q4MSLaboruntersuchungActivity.html"/></extension><reference><reference value="ActivityDefinition/Q4MSLaboruntersuchungActivity"/></reference><name value="Laboruntersuchung ActivityDefinition"/><exampleBoolean value="false"/><groupingId value="-ka-activitydefinition"/></resource><resource><extension url="http://hl7.org/fhir/StructureDefinition/implementationguide-page"><valueUri value="PlanDefinition-Q4MSMagnetresonanztomographie.html"/></extension><reference><reference value="PlanDefinition/Q4MSMagnetresonanztomographie"/></reference><name value="Magnetresonanztomographie PlanDefinition"/><exampleBoolean value="false"/><groupingId value="-ka-plandefinition"/></resource><resource><extension url="http://hl7.org/fhir/StructureDefinition/implementationguide-page"><valueUri value="ActivityDefinition-Q4MSMagnetresonanztomographieActivity.html"/></extension><reference><reference value="ActivityDefinition/Q4MSMagnetresonanztomographieActivity"/></reference><name value="Magnetresonanztomographie ActivityDefinition"/><exampleBoolean value="false"/><groupingId value="-ka-activitydefinition"/></resource><resource><extension url="http://hl7.org/fhir/StructureDefinition/implementationguide-page"><valueUri value="PlanDefinition-Q4MSMultipleSclerosisPerformanceTest.html"/></extension><reference><reference value="PlanDefinition/Q4MSMultipleSclerosisPerformanceTest"/></reference><name value="Multiple Sclerosis Performance Test PlanDefinition"/><exampleBoolean value="false"/><groupingId value="-ka-plandefinition"/></resource><resource><extension url="http://hl7.org/fhir/StructureDefinition/implementationguide-page"><valueUri value="ActivityDefinition-Q4MSMultipleSclerosisPerformanceTestActivity.html"/></extension><reference><reference value="ActivityDefinition/Q4MSMultipleSclerosisPerformanceTestActivity"/></reference><name value="Multiple Sclerosis Performance Test ActivityDefinition"/><exampleBoolean value="false"/><groupingId value="-ka-activitydefinition"/></resource><resource><extension url="http://hl7.org/fhir/StructureDefinition/implementationguide-page"><valueUri value="PlanDefinition-Q4MSOptischeKoheraenztomographie.html"/></extension><reference><reference value="PlanDefinition/Q4MSOptischeKoheraenztomographie"/></reference><name value="Optische Koheränztomographie PlanDefinition"/><exampleBoolean value="false"/><groupingId value="-ka-plandefinition"/></resource><resource><extension url="http://hl7.org/fhir/StructureDefinition/implementationguide-page"><valueUri value="ActivityDefinition-Q4MSOptischeKoheraenztomographieActivity.html"/></extension><reference><reference value="ActivityDefinition/Q4MSOptischeKoheraenztomographieActivity"/></reference><name value="Optische Koheränztomographie ActivityDefinition"/><exampleBoolean value="false"/><groupingId value="-ka-activitydefinition"/></resource><resource><extension url="http://hl7.org/fhir/StructureDefinition/implementationguide-page"><valueUri value="MessageDefinition-Q4MSTerminanfrage.html"/></extension><reference><reference value="MessageDefinition/Q4MSTerminanfrage"/></reference><name value="Terminanfrage MessageDefinition"/><exampleBoolean value="false"/><groupingId value="-dyn-messagedefinition"/></resource><resource><extension url="http://hl7.org/fhir/StructureDefinition/implementationguide-page"><valueUri value="MessageHeader-Q4MSTerminanfrageHeader.html"/></extension><reference><reference value="MessageHeader/Q4MSTerminanfrageHeader"/></reference><name value="Terminanfrage MessageHeader"/><exampleBoolean value="false"/><groupingId value="-other"/></resource><resource><extension url="http://hl7.org/fhir/StructureDefinition/implementationguide-page"><valueUri value="PlanDefinition-Q4MSTerminvereinbarung.html"/></extension><reference><reference value="PlanDefinition/Q4MSTerminvereinbarung"/></reference><name value="Terminvereinbarung PlanDefinition"/><exampleBoolean value="false"/><groupingId value="-ka-plandefinition"/></resource><resource><extension url="http://hl7.org/fhir/StructureDefinition/implementationguide-page"><valueUri value="ActivityDefinition-Q4MSTerminvereinbarungActivity.html"/></extension><reference><reference value="ActivityDefinition/Q4MSTerminvereinbarungActivity"/></reference><name value="Terminvereinbarung ActivityDefinition"/><exampleBoolean value="false"/><groupingId value="-ka-activitydefinition"/></resource><resource><extension url="http://hl7.org/fhir/StructureDefinition/implementationguide-page"><valueUri value="PlanDefinition-Q4MSTherapiespezifischeDiagnostik.html"/></extension><reference><reference value="PlanDefinition/Q4MSTherapiespezifischeDiagnostik"/></reference><name value="Therapiespezifische Diagnostik PlanDefinition"/><exampleBoolean value="false"/><groupingId value="-ka-plandefinition"/></resource><resource><extension url="http://hl7.org/fhir/StructureDefinition/implementationguide-page"><valueUri value="ActivityDefinition-Q4MSTherapiespezifischeDiagnostikActivity.html"/></extension><reference><reference value="ActivityDefinition/Q4MSTherapiespezifischeDiagnostikActivity"/></reference><name value="Therapiespezifische Diagnostik ActivityDefinition"/><exampleBoolean value="false"/><groupingId value="-ka-activitydefinition"/></resource><resource><extension url="http://hl7.org/fhir/StructureDefinition/implementationguide-page"><valueUri value="PlanDefinition-Q4MSVorstellung.html"/></extension><reference><reference value="PlanDefinition/Q4MSVorstellung"/></reference><name value="Erst- oder Wiedervorstellung PlanDefinition"/><exampleBoolean value="false"/><groupingId value="-ka-plandefinition"/></resource><resource><extension url="http://hl7.org/fhir/StructureDefinition/implementationguide-page"><valueUri value="PlanDefinition-Q4MSVoruntersuchung.html"/></extension><reference><reference value="PlanDefinition/Q4MSVoruntersuchung"/></reference><name value="Voruntersuchung PlanDefinition"/><exampleBoolean value="false"/><groupingId value="-ka-plandefinition"/></resource><resource><extension url="http://hl7.org/fhir/StructureDefinition/implementationguide-page"><valueUri value="PlanDefinition-Q4MSZusatzdiagnostik.html"/></extension><reference><reference value="PlanDefinition/Q4MSZusatzdiagnostik"/></reference><name value="Zusatzdiagnostik PlanDefinition"/><exampleBoolean value="false"/><groupingId value="-ka-plandefinition"/></resource><resource><extension url="http://hl7.org/fhir/StructureDefinition/implementationguide-page"><valueUri value="DocumentReference-RezeptExample.html"/></extension><reference><reference value="DocumentReference/RezeptExample"/></reference><name value="Beispiel Rezept"/><description value="Beispiel DocumentReference für ein Rezept"/><exampleCanonical value="http://qpath.ukdd.de/StructureDefinition/q4ms-rezept-profile"/><groupingId value="-ex-example"/></resource><resource><extension url="http://hl7.org/fhir/StructureDefinition/implementationguide-page"><valueUri value="DocumentReference-SonstigesDokumentExample.html"/></extension><reference><reference value="DocumentReference/SonstigesDokumentExample"/></reference><name value="Beispiel Sonstiges Dokument"/><description value="Beispiel DocumentReference für ein Sonstiges Dokument, z.B. AU"/><exampleCanonical value="http://qpath.ukdd.de/StructureDefinition/q4ms-sonstiges-dokument-profile"/><groupingId value="-ex-example"/></resource><resource><extension url="http://hl7.org/fhir/StructureDefinition/implementationguide-page"><valueUri value="Patient-john-doe.html"/></extension><reference><reference value="Patient/john-doe"/></reference><name value="PatientExample"/><description value="Beispiel Patient John Doe"/><exampleBoolean value="true"/><groupingId value="-ex-example"/></resource><page><nameUrl value="toc.html"/><title value="Table of Contents"/><generation value="html"/><page><nameUrl value="index.html"/><title value="Home"/><generation value="markdown"/></page><page><nameUrl value="artifacts.html"/><title value="Artifacts Summary"/><generation value="html"/><page><nameUrl value="MessageDefinition-Q4MSArztbriefanfrage.html"/><title value="Arztbriefanfrage MessageDefinition"/><generation value="generated"/></page><page><nameUrl value="MessageDefinition-Q4MSTerminanfrage.html"/><title value="Terminanfrage MessageDefinition"/><generation value="generated"/></page><page><nameUrl value="StructureDefinition-q4ms-arztbrief-profile.html"/><title value="Arztbrief DocumentReference Profile"/><generation value="generated"/></page><page><nameUrl value="StructureDefinition-q4ms-befund-profile.html"/><title value="Befund DocumentReference Profile"/><generation value="generated"/></page><page><nameUrl value="StructureDefinition-q4ms-dokument-profile.html"/><title value="Dokument DocumentReference Profile"/><generation value="generated"/></page><page><nameUrl value="StructureDefinition-q4ms-dokumentanforderung-profile.html"/><title value="Dokumentanforderung MessageDefinition Profile"/><generation value="generated"/></page><page><nameUrl value="StructureDefinition-q4ms-konsiliarbericht-profile.html"/><title value="Konsiliarbericht DocumentReference Profile"/><generation value="generated"/></page><page><nameUrl value="StructureDefinition-q4ms-laborergebnis-profile.html"/><title value="Laborergebnis DocumentReference Profile"/><generation value="generated"/></page><page><nameUrl value="StructureDefinition-q4ms-rezept-profile.html"/><title value="Rezept DocumentReference Profile"/><generation value="generated"/></page><page><nameUrl value="StructureDefinition-q4ms-sonstiges-dokument-profile.html"/><title value="Sonstiges Dokument DocumentReference Profile"/><generation value="generated"/></page><page><nameUrl value="StructureDefinition-q4ms-terminvereinbarung-profile.html"/><title value="Terminvereinbarung MessageDefinition Profile"/><generation value="generated"/></page><page><nameUrl value="ValueSet-q4ms-anfragekategorie-vs.html"/><title value="Anfragekategorie ValueSet"/><generation value="generated"/></page><page><nameUrl value="ValueSet-q4ms-dokumentanforderungkategorie-vs.html"/><title value="Dokumentanforderungkategorie ValueSet"/><generation value="generated"/></page><page><nameUrl value="ValueSet-q4ms-terminanfragekategorie-vs.html"/><title value="Terminanfragekategorie ValueSet"/><generation value="generated"/></page><page><nameUrl value="CodeSystem-q4ms-anfragekategorie.html"/><title value="Anfragekategorie CodeSystem"/><generation value="generated"/></page><page><nameUrl value="CodeSystem-q4ms-dokumentanforderungkategorie.html"/><title value="Dokumentanforderungkategorie CodeSystem"/><generation value="generated"/></page><page><nameUrl value="CodeSystem-q4ms-terminanfragekategorie.html"/><title value="Terminanfragekategorie CodeSystem"/><generation value="generated"/></page><page><nameUrl value="ActivityDefinition-Q4MSAllgemeineNeurologischeAnamneseActivity.html"/><title value="Allgemeine neurologische Anamnese ActivityDefinition"/><generation value="generated"/></page><page><nameUrl value="ActivityDefinition-Q4MSAuswertungActivity.html"/><title value="Auswertung ActivityDefinition"/><generation value="generated"/></page><page><nameUrl value="ActivityDefinition-Q4MSBefundauswertungActivity.html"/><title value="Befundauswertung ActivityDefinition"/><generation value="generated"/></page><page><nameUrl value="ActivityDefinition-Q4MSDokumenteAbfragenActivity.html"/><title value="Dokumente abfragen ActivityDefinition"/><generation value="generated"/></page><page><nameUrl value="ActivityDefinition-Q4MSDokumenteUebermittelnActivity.html"/><title value="Dokumente uebermitteln ActivityDefinition"/><generation value="generated"/></page><page><nameUrl value="ActivityDefinition-Q4MSExpandedDisabilityStatusScaleActivity.html"/><title value="Expanded Disability Status Scale ActivityDefinition"/><generation value="generated"/></page><page><nameUrl value="ActivityDefinition-Q4MSGanganalyseActivity.html"/><title value="Ganganalyse ActivityDefinition"/><generation value="generated"/></page><page><nameUrl value="ActivityDefinition-Q4MSLaboruntersuchungActivity.html"/><title value="Laboruntersuchung ActivityDefinition"/><generation value="generated"/></page><page><nameUrl value="ActivityDefinition-Q4MSMagnetresonanztomographieActivity.html"/><title value="Magnetresonanztomographie ActivityDefinition"/><generation value="generated"/></page><page><nameUrl value="ActivityDefinition-Q4MSMultipleSclerosisPerformanceTestActivity.html"/><title value="Multiple Sclerosis Performance Test ActivityDefinition"/><generation value="generated"/></page><page><nameUrl value="ActivityDefinition-Q4MSOptischeKoheraenztomographieActivity.html"/><title value="Optische Koheränztomographie ActivityDefinition"/><generation value="generated"/></page><page><nameUrl value="ActivityDefinition-Q4MSTerminvereinbarungActivity.html"/><title value="Terminvereinbarung ActivityDefinition"/><generation value="generated"/></page><page><nameUrl value="ActivityDefinition-Q4MSTherapiespezifischeDiagnostikActivity.html"/><title value="Therapiespezifische Diagnostik ActivityDefinition"/><generation value="generated"/></page><page><nameUrl value="PlanDefinition-Q4MSAllgemeineNeurologischeAnamnese.html"/><title value="Allgemeine neurologische Anamnese PlanDefinition"/><generation value="generated"/></page><page><nameUrl value="PlanDefinition-Q4MSAllgemeineNeurologischeUntersuchung.html"/><title value="Allgemeine neurologische Untersuchung PlanDefinition"/><generation value="generated"/></page><page><nameUrl value="PlanDefinition-Q4MSArztvorstellung.html"/><title value="Arztvorstellung PlanDefinition"/><generation value="generated"/></page><page><nameUrl value="PlanDefinition-Q4MSAuswertung.html"/><title value="Auswertung PlanDefinition"/><generation value="generated"/></page><page><nameUrl value="PlanDefinition-Q4MSBasismonitoring.html"/><title value="Basismonitoring Patientepfad PlanDefinition"/><generation value="generated"/></page><page><nameUrl value="PlanDefinition-Q4MSBefundauswertung.html"/><title value="Befundauswertung PlanDefinition"/><generation value="generated"/></page><page><nameUrl value="PlanDefinition-Q4MSDokumenteAbfragenPatient.html"/><title value="Dokumente beim Patienten abfragen PlanDefinition"/><generation value="generated"/></page><page><nameUrl value="PlanDefinition-Q4MSDokumenteUebermittelnArzt.html"/><title value="Dokumente an Arzt übermitteln PlanDefinition"/><generation value="generated"/></page><page><nameUrl value="PlanDefinition-Q4MSDokumenteUebermittelnPatient.html"/><title value="Dokumente an Patient übermitteln PlanDefinition"/><generation value="generated"/></page><page><nameUrl value="PlanDefinition-Q4MSEntlassung.html"/><title value="Entlassung PlanDefinition"/><generation value="generated"/></page><page><nameUrl value="PlanDefinition-Q4MSGanganalyse.html"/><title value="Ganganalyse PlanDefinition"/><generation value="generated"/></page><page><nameUrl value="PlanDefinition-Q4MSLaboruntersuchung.html"/><title value="Laboruntersuchung PlanDefinition"/><generation value="generated"/></page><page><nameUrl value="PlanDefinition-Q4MSMagnetresonanztomographie.html"/><title value="Magnetresonanztomographie PlanDefinition"/><generation value="generated"/></page><page><nameUrl value="PlanDefinition-Q4MSMultipleSclerosisPerformanceTest.html"/><title value="Multiple Sclerosis Performance Test PlanDefinition"/><generation value="generated"/></page><page><nameUrl value="PlanDefinition-Q4MSOptischeKoheraenztomographie.html"/><title value="Optische Koheränztomographie PlanDefinition"/><generation value="generated"/></page><page><nameUrl value="PlanDefinition-Q4MSTerminvereinbarung.html"/><title value="Terminvereinbarung PlanDefinition"/><generation value="generated"/></page><page><nameUrl value="PlanDefinition-Q4MSTherapiespezifischeDiagnostik.html"/><title value="Therapiespezifische Diagnostik PlanDefinition"/><generation value="generated"/></page><page><nameUrl value="PlanDefinition-Q4MSVorstellung.html"/><title value="Erst- oder Wiedervorstellung PlanDefinition"/><generation value="generated"/></page><page><nameUrl value="PlanDefinition-Q4MSVoruntersuchung.html"/><title value="Voruntersuchung PlanDefinition"/><generation value="generated"/></page><page><nameUrl value="PlanDefinition-Q4MSZusatzdiagnostik.html"/><title value="Zusatzdiagnostik PlanDefinition"/><generation value="generated"/></page><page><nameUrl value="DocumentReference-ArztbriefExample.html"/><title value="Beispiel Arztbrief"/><generation value="generated"/></page><page><nameUrl value="DocumentReference-BefundExample.html"/><title value="Beispiel Befund"/><generation value="generated"/></page><page><nameUrl value="DocumentReference-KonsiliarberichtExample.html"/><title value="Beispiel Konsiliarbericht"/><generation value="generated"/></page><page><nameUrl value="DocumentReference-LaborergebnisExample.html"/><title value="Beispiel Laborergebnis"/><generation value="generated"/></page><page><nameUrl value="DocumentReference-RezeptExample.html"/><title value="Beispiel Rezept"/><generation value="generated"/></page><page><nameUrl value="DocumentReference-SonstigesDokumentExample.html"/><title value="Beispiel Sonstiges Dokument"/><generation value="generated"/></page><page><nameUrl value="Patient-john-doe.html"/><title value="PatientExample"/><generation value="generated"/></page><page><nameUrl value="MessageHeader-Q4MSArztbriefanfrageHeader.html"/><title value="Arztbriefanfrage MessageHeader"/><generation value="generated"/></page><page><nameUrl value="MessageHeader-Q4MSTerminanfrageHeader.html"/><title value="Terminanfrage MessageHeader"/><generation value="generated"/></page></page></page><parameter><code value="path-resource"/><value value="input/capabilities"/></parameter><parameter><code value="path-resource"/><value value="input/examples"/></parameter><parameter><code value="path-resource"/><value value="input/extensions"/></parameter><parameter><code value="path-resource"/><value value="input/models"/></parameter><parameter><code value="path-resource"/><value value="input/operations"/></parameter><parameter><code value="path-resource"/><value value="input/profiles"/></parameter><parameter><code value="path-resource"/><value value="input/resources"/></parameter><parameter><code value="path-resource"/><value value="input/vocabulary"/></parameter><parameter><code value="path-resource"/><value value="input/maps"/></parameter><parameter><code value="path-resource"/><value value="input/testing"/></parameter><parameter><code value="path-resource"/><value value="input/history"/></parameter><parameter><code value="path-resource"/><value value="fsh-generated/resources"/></parameter><parameter><code value="path-pages"/><value value="template/config"/></parameter><parameter><code value="path-pages"/><value value="input/images"/></parameter><parameter><code value="path-tx-cache"/><value value="input-cache/txcache"/></parameter></definition></ImplementationGuide>