<?xml version="1.0" encoding="UTF-8"?><MessageDefinition xmlns="http://hl7.org/fhir"><id value="Q4MSArztbriefanfrage"/><meta><profile value="http://qpath.ukdd.de/StructureDefinition/Q4MSDokumentanforderungProfile"/></meta><url value="http://qpath.ukdd.de/MessageDefinition/Q4MSArztbriefanfrage"/><version value="0.1.0"/><status value="draft"/><date value="2021-12-21"/><publisher value="QPath4MS"/><contact><name value="QPath4MS"/><telecom><system value="url"/><value value="http://qpath.ukdd.de"/></telecom></contact><parent value="http://qpath.ukdd.de/ActivityDefinition/Q4MSDokumenteAbfragenActivity"/><eventCoding><system value="http://terminology-fgdh.wiwi.tu-dresden.de/fhir/CodeSystem/q4ms-dokumentanforderungkategorie"/><code value="doctor-letter"/></eventCoding><focus><code value="DocumentReference"/><profile value="http://qpath.ukdd.de/StructureDefinition/Q4MSArztbriefProfile"/><min value="1"/></focus></MessageDefinition>