<?xml version="1.0" encoding="UTF-8"?><MessageDefinition xmlns="http://hl7.org/fhir"><id value="Q4MSTerminanfrage"/><meta><profile value="http://qpath4ms.ukdd.de/fhir/StructureDefinition/Q4MSTerminvereinbarungProfile"/></meta><url value="http://qpath4ms.ukdd.de/fhir/MessageDefinition/Q4MSTerminanfrage"/><version value="0.1.0"/><name value="Q4MSTerminanfrage"/><status value="draft"/><date value="2021-12-21"/><publisher value="Forschungsgruppe Digital Health"/><contact><name value="Forschungsgruppe Digital Health"/><telecom><system value="url"/><value value="https://tud.link/xd10"/></telecom><telecom><system value="email"/><value value="digital-health@tu-dresden.de"/></telecom></contact><contact><name value="Martin Burwitz"/><telecom><system value="email"/><value value="martin.burwitz@tu-dresden.de"/><use value="work"/></telecom></contact><contact><name value="Harry Preiß"/><telecom><system value="email"/><value value="harry.preiss@medicalsyn.com"/><use value="work"/></telecom></contact><contact><name value="Marcel Susky"/><telecom><system value="email"/><value value="marcel.susky@tu-dresden.de"/><use value="work"/></telecom></contact><jurisdiction><coding><system value="urn:iso:std:iso:3166"/><code value="DE"/><display value="Germany"/></coding></jurisdiction><parent value="http://qpath4ms.ukdd.de/fhir/ActivityDefinition/Q4MSTerminvereinbarungAD"/><eventCoding><system value="http://qpath4ms.ukdd.de/fhir/CodeSystem/Q4MSTerminanfragekategorie"/><code value="booking"/></eventCoding><focus><code value="Appointment"/><min value="1"/><max value="1"/></focus><responseRequired value="always"/></MessageDefinition>