<?xml version="1.0" encoding="UTF-8"?><MessageDefinition xmlns="http://hl7.org/fhir"><id value="Q4MSArztbriefanfrage"/><meta><profile value="http://pathway-fgdh.wiwi.tu-dresden.de/fhir/StructureDefinition/q4ms-dokumentanforderung"/></meta><url value="http://pathway-fgdh.wiwi.tu-dresden.de/fhir/MessageDefinition/q4ms-arztbriefanfrage"/><version value="0.1.0"/><status value="draft"/><date value="2021-12-21"/><publisher value="QPath4MS"/><contact><name value="QPath4MS"/><telecom><system value="url"/><value value="http://qpath.ukdd.de"/></telecom></contact><parent value="http://pathway-fgdh.wiwi.tu-dresden.de/fhir/ActivityDefinition/q4ms-dokumente-abfragenn"/><eventCoding><system value="http://terminology-fgdh.wiwi.tu-dresden.de/fhir/CodeSystem/q4ms-dokumentanforderungkategorie"/><code value="doctor-letter"/></eventCoding><focus><code value="DocumentReference"/><profile value="http://pathway-fgdh.wiwi.tu-dresden.de/fhir/StructureDefinition/q4ms-arztbrief"/><min value="1"/></focus></MessageDefinition>