<?xml version="1.0" encoding="UTF-8"?><MessageDefinition xmlns="http://hl7.org/fhir"><id value="Q4MSArztbriefanfrage"/><meta><profile value="http://qpath4ms.ukdd.de/fhir/StructureDefinition/q4ms-dokumentanforderung"/></meta><url value="http://qpath4ms.ukdd.de/fhir/MessageDefinition/q4ms-arztbriefanfrage"/><version value="0.1.0"/><status value="draft"/><date value="2021-12-21"/><publisher value="Forschungsgruppe Digital Health"/><contact><name value="Forschungsgruppe Digital Health"/><telecom><system value="url"/><value value="https://tud.link/xd10"/></telecom><telecom><system value="email"/><value value="digital-health@tu-dresden.de"/></telecom></contact><contact><name value="Marcel Susky"/><telecom><system value="email"/><value value="marcel.susky@tu-dresden.de"/><use value="work"/></telecom></contact><jurisdiction><coding><system value="urn:iso:std:iso:3166"/><code value="DE"/><display value="Germany"/></coding></jurisdiction><parent value="http://qpath4ms.ukdd.de/fhir/ActivityDefinition/q4ms-dokumente-abfragenn"/><eventCoding><system value="http://qpath4ms.ukdd.de/fhir/CodeSystem/q4ms-dokumentanforderungkategorie"/><code value="doctor-letter"/></eventCoding><focus><code value="DocumentReference"/><profile value="http://qpath4ms.ukdd.de/fhir/StructureDefinition/q4ms-arztbrief"/><min value="1"/></focus></MessageDefinition>