<?xml version="1.0" encoding="UTF-8"?><PlanDefinition xmlns="http://hl7.org/fhir"><id value="Q4MSEntlassung"/><url value="http://pathway-fgdh.wiwi.tu-dresden.de/fhir/PlanDefinition/q4ms-entlassung"/><version value="0.1.0"/><type><coding><system value="http://terminology.hl7.org/CodeSystem/plan-definition-type"/><code value="workflow-definition"/></coding></type><status value="draft"/><experimental value="true"/><date value="2021-12-22T19:56:03+01:00"/><publisher value="QPath4MS"/><contact><name value="QPath4MS"/><telecom><system value="url"/><value value="http://qpath.ukdd.de"/></telecom></contact><action><groupingBehavior value="logical-group"/><selectionBehavior value="all"/><requiredBehavior value="must-unless-documented"/><cardinalityBehavior value="single"/><action><groupingBehavior value="logical-group"/><selectionBehavior value="all"/><requiredBehavior value="must-unless-documented"/><cardinalityBehavior value="single"/><action><title value="Terminvereinbarung"/><description value="Termin zur Wiederorstellung vereinbaren"/><timingTiming><repeat><frequency value="1"/><period value="3"/><periodUnit value="mo"/></repeat></timingTiming><definitionCanonical value="http://pathway-fgdh.wiwi.tu-dresden.de/fhir/PlanDefinition/q4ms-terminvereinbarung"/></action><action><title value="Dokumente übermitteln (Patient)"/><description value="Dokumente an Patient übermitteln"/><definitionCanonical value="http://pathway-fgdh.wiwi.tu-dresden.de/fhir/PlanDefinition/q4ms-dokumente-uebermitteln-patient"/></action></action><action><title value="Dokumente übermitteln (Arzt)"/><description value="Dokumente an Arzt übermitteln"/><condition><kind value="applicability"/><expression><language value="text/cql"/><expression value="is referred"/></expression></condition><definitionCanonical value="http://pathway-fgdh.wiwi.tu-dresden.de/fhir/PlanDefinition/q4ms-dokumente-uebermitteln-arzt"/></action></action></PlanDefinition>