<?xml version="1.0" encoding="UTF-8"?><PlanDefinition xmlns="http://hl7.org/fhir"><id value="Q4MSBefundauswertung"/><url value="/PlanDefinition/Q4MSBefundauswertung"/><version value="0.1.0"/><type><coding><code value="eca-rule"/></coding></type><status value="draft"/><experimental value="true"/><date value="2021-12-22T11:59:55+01:00"/><publisher value="QPath4MS"/><contact><name value="QPath4MS"/><telecom><system value="url"/><value value="http://qpath.ukdd.de"/></telecom></contact><action><title value="Befundauswertung"/><condition><kind value="applicability"/><expression><language value="text/cql"/><expression value="are findings available"/></expression></condition><type><coding><code value="create"/></coding></type><definitionCanonical value="http://qpath.ukdd.de/ActivityDefinition/Q4MSBefundauswertungActivity"/></action></PlanDefinition>