<?xml version="1.0" encoding="UTF-8"?><PlanDefinition xmlns="http://hl7.org/fhir"><id value="Q4MSBasismonitoring"/><url value="http://qpath4ms.ukdd.de/fhir/PlanDefinition/Q4MSBasismonitoring"/><version value="0.1.0"/><type><coding><system value="http://terminology.hl7.org/CodeSystem/plan-definition-type"/><code value="clinical-protocol"/></coding></type><status value="draft"/><experimental value="true"/><date value="2022-01-20T17:09:51+01:00"/><publisher value="Forschungsgruppe Digital Health"/><contact><name value="Forschungsgruppe Digital Health"/><telecom><system value="url"/><value value="https://tud.link/xd10"/></telecom><telecom><system value="email"/><value value="digital-health@tu-dresden.de"/></telecom></contact><contact><name value="Marcel Susky"/><telecom><system value="email"/><value value="marcel.susky@tu-dresden.de"/><use value="work"/></telecom></contact><jurisdiction><coding><system value="urn:iso:std:iso:3166"/><code value="DE"/><display value="Germany"/></coding></jurisdiction><action><groupingBehavior value="logical-group"/><selectionBehavior value="all"/><requiredBehavior value="must-unless-documented"/><cardinalityBehavior value="multiple"/><action id="admission"><title value="Vorstellung"/><description value="Erst- und Wiedervostellung"/><definitionCanonical value="http://qpath4ms.ukdd.de/fhir/PlanDefinition/Q4MSVorstellung"/></action><action id="diagnostic-testing"><title value="Voruntersuchung"/><description value="Diagnostische Voruntersuchungen durchführen"/><relatedAction><actionId value="admission"/><relationship value="after-end"/></relatedAction><definitionCanonical value="http://qpath4ms.ukdd.de/fhir/PlanDefinition/Q4MSVoruntersuchung"/></action><action id="examination"><title value="Arztvorstellung"/><description value="Voruntersuchungen auswerten und Therapiemaßnahmen ableiten"/><relatedAction><actionId value="diagnostic-testing"/><relationship value="after-end"/></relatedAction><definitionCanonical value="http://qpath4ms.ukdd.de/fhir/PlanDefinition/Q4MSArztvorstellung"/></action><action id="discharge"><title value="Entlassung"/><description value="Patient nach Hause entlassen"/><relatedAction><actionId value="examination"/><relationship value="after-end"/></relatedAction><definitionCanonical value="http://qpath4ms.ukdd.de/fhir/PlanDefinition/Q4MSEntlassung"/></action></action></PlanDefinition>