<?xml version="1.0" encoding="UTF-8"?><PlanDefinition xmlns="http://hl7.org/fhir"><id value="Q4MSZusatzdiagnostik"/><url value="http://pathway-fgdh.wiwi.tu-dresden.de/fhir/PlanDefinition/q4ms-zusatzdiagnostik"/><version value="0.1.0"/><type><coding><system value="http://terminology.hl7.org/CodeSystem/plan-definition-type"/><code value="workflow-definition"/></coding></type><status value="draft"/><experimental value="true"/><date value="2021-12-22T19:56:03+01:00"/><publisher value="QPath4MS"/><contact><name value="QPath4MS"/><telecom><system value="url"/><value value="http://qpath.ukdd.de"/></telecom></contact><action><selectionBehavior value="any"/><requiredBehavior value="must-unless-documented"/><cardinalityBehavior value="single"/><action><title value="Ganganalyse"/><definitionCanonical value="http://pathway-fgdh.wiwi.tu-dresden.de/fhir/PlanDefinition/q4ms-ganganalyse"/></action><action><title value="Optische Koheränztomographie (OCT)"/><definitionCanonical value="http://pathway-fgdh.wiwi.tu-dresden.de/fhir/PlanDefinition/q4ms-optische-koheraenztomographie"/></action><action><title value="Magnetresonanztomographie (MRT)"/><definitionCanonical value="http://pathway-fgdh.wiwi.tu-dresden.de/fhir/PlanDefinition/q4ms-magnetresonanztomographie"/></action><action><title value="Laboruntersuchung"/><definitionCanonical value="http://pathway-fgdh.wiwi.tu-dresden.de/fhir/PlanDefinition/q4ms-laboruntersuchung"/></action><action><title value="Multiple Sclerosis Performance Test (MSPT)"/><definitionCanonical value="http://pathway-fgdh.wiwi.tu-dresden.de/fhir/PlanDefinition/q4ms-multiple-sclerosis-performance-test"/></action></action></PlanDefinition>