<?xml version="1.0" encoding="UTF-8"?><PlanDefinition xmlns="http://hl7.org/fhir"><id value="Q4MSBasismonitoring"/><url value="/PlanDefinition/Q4MSBasismonitoring"/><version value="0.1.0"/><type><coding><code value="clinical-protocol"/></coding></type><status value="draft"/><experimental value="true"/><date value="2021-12-22T11:59:55+01:00"/><publisher value="QPath4MS"/><contact><name value="QPath4MS"/><telecom><system value="url"/><value value="http://qpath.ukdd.de"/></telecom></contact><action><groupingBehavior value="logical-group"/><selectionBehavior value="all"/><requiredBehavior value="must-unless-documented"/><cardinalityBehavior value="multiple"/><action id="admission"><title value="Vorstellung"/><description value="Erst- und Wiedervostellung"/><definitionCanonical value="/PlanDefinition/Q4MSVorstellung"/></action><action id="diagnostic-testing"><title value="Voruntersuchung"/><description value="Diagnostische Voruntersuchungen durchführen"/><relatedAction><actionId value="admission"/><relationship value="after-end"/></relatedAction><definitionCanonical value="/PlanDefinition/Q4MSVoruntersuchung"/></action><action id="examination"><title value="Arztvorstellung"/><description value="Voruntersuchungen auswerten und Therapiemaßnahmen ableiten"/><relatedAction><actionId value="diagnostic-testing"/><relationship value="after-end"/></relatedAction><definitionCanonical value="/PlanDefinition/Q4MSArztvorstellung"/></action><action id="discharge"><title value="Entlassung"/><description value="Patient nach Hause entlassen"/><relatedAction><actionId value="examination"/><relationship value="after-end"/></relatedAction><definitionCanonical value="/PlanDefinition/Q4MSEntlassung"/></action></action></PlanDefinition>