<?xml version="1.0" encoding="UTF-8"?><PlanDefinition xmlns="http://hl7.org/fhir"><id value="Q4MSTherapiespezifischeDiagnostik"/><url value="http://qpath4ms.ukdd.de/fhir/PlanDefinition/Q4MSTherapiespezifischeDiagnostik"/><version value="0.1.0"/><type><coding><system value="http://terminology.hl7.org/CodeSystem/plan-definition-type"/><code value="eca-rule"/></coding></type><status value="draft"/><experimental value="true"/><date value="2022-01-20T13:58:01+01:00"/><publisher value="Forschungsgruppe Digital Health"/><contact><name value="Forschungsgruppe Digital Health"/><telecom><system value="url"/><value value="https://tud.link/xd10"/></telecom><telecom><system value="email"/><value value="digital-health@tu-dresden.de"/></telecom></contact><contact><name value="Marcel Susky"/><telecom><system value="email"/><value value="marcel.susky@tu-dresden.de"/><use value="work"/></telecom></contact><jurisdiction><coding><system value="urn:iso:std:iso:3166"/><code value="DE"/><display value="Germany"/></coding></jurisdiction><action><title value="Therapiespezifische Diagnostik"/><condition><kind value="applicability"/><expression><language value="text/cql"/><expression value="is under therapy"/></expression></condition><type><coding><system value="http://terminology.hl7.org/CodeSystem/action-type"/><code value="create"/></coding></type><definitionCanonical value="http://qpath4ms.ukdd.de/fhir/ActivityDefinition/Q4MSTherapiespezifischeDiagnostikAD"/></action></PlanDefinition>