<?xml version="1.0" encoding="UTF-8"?><PlanDefinition xmlns="http://hl7.org/fhir"><id value="Q4MSVoruntersuchung"/><url value="http://qpath4ms.ukdd.de/fhir/PlanDefinition/Q4MSVoruntersuchung"/><version value="0.1.0"/><name value="Q4MSVoruntersuchung"/><type><coding><system value="http://terminology.hl7.org/CodeSystem/plan-definition-type"/><code value="workflow-definition"/></coding></type><status value="draft"/><experimental value="true"/><date value="2022-01-21T07:36:48+01:00"/><publisher value="Forschungsgruppe Digital Health"/><contact><name value="Forschungsgruppe Digital Health"/><telecom><system value="url"/><value value="https://tud.link/xd10"/></telecom><telecom><system value="email"/><value value="digital-health@tu-dresden.de"/></telecom></contact><contact><name value="Marcel Susky"/><telecom><system value="email"/><value value="marcel.susky@tu-dresden.de"/><use value="work"/></telecom></contact><jurisdiction><coding><system value="urn:iso:std:iso:3166"/><code value="DE"/><display value="Germany"/></coding></jurisdiction><action><groupingBehavior value="logical-group"/><selectionBehavior value="all"/><requiredBehavior value="must-unless-documented"/><cardinalityBehavior value="single"/><action><title value="Diagnostik alle 3 Monate"/><timingTiming><repeat><frequency value="1"/><period value="3"/><periodUnit value="mo"/></repeat></timingTiming><groupingBehavior value="logical-group"/><selectionBehavior value="all"/><requiredBehavior value="must-unless-documented"/><cardinalityBehavior value="single"/><action><title value="Multiple Sclerosis Performance Test (MSPT)"/><definitionCanonical value="http://qpath4ms.ukdd.de/fhir/PlanDefinition/Q4MSMultipleSclerosisPerformanceTest"/></action><action><title value="Therapiespezifische Diagnostik"/><definitionCanonical value="http://qpath4ms.ukdd.de/fhir/PlanDefinition/Q4MSTherapiespezifischeDiagnostik"/></action></action><action><title value="Diagnostik alle 12 Monate"/><timingTiming><repeat><frequency value="1"/><period value="12"/><periodUnit value="mo"/></repeat></timingTiming><groupingBehavior value="logical-group"/><selectionBehavior value="all"/><requiredBehavior value="must-unless-documented"/><cardinalityBehavior value="single"/><action><title value="Optische Kohärenztomographie (OCT)"/><definitionCanonical value="http://qpath4ms.ukdd.de/fhir/PlanDefinition/Q4MSOptischeKohaerenztomographie"/></action><action><title value="Ganganalyse"/><definitionCanonical value="http://qpath4ms.ukdd.de/fhir/PlanDefinition/Q4MSGanganalyse"/></action><action><title value="Magnetresonanztomographie (MRT)"/><definitionCanonical value="http://qpath4ms.ukdd.de/fhir/PlanDefinition/Q4MSMagnetresonanztomographie"/></action></action></action></PlanDefinition>