<?xml version="1.0" encoding="UTF-8"?><PlanDefinition xmlns="http://hl7.org/fhir"><id value="Q4MSBasismonitoring"/><url value="http://pathway-fgdh.wiwi.tu-dresden.de/fhir/PlanDefinition/q4ms-basismonitoring"/><version value="0.1.0"/><type><coding><system value="http://terminology.hl7.org/CodeSystem/plan-definition-type"/><code value="clinical-protocol"/></coding></type><status value="draft"/><experimental value="true"/><date value="2021-12-22T19:56:03+01:00"/><publisher value="QPath4MS"/><contact><name value="QPath4MS"/><telecom><system value="url"/><value value="http://qpath.ukdd.de"/></telecom></contact><action><groupingBehavior value="logical-group"/><selectionBehavior value="all"/><requiredBehavior value="must-unless-documented"/><cardinalityBehavior value="multiple"/><action id="admission"><title value="Vorstellung"/><description value="Erst- und Wiedervostellung"/><definitionCanonical value="http://pathway-fgdh.wiwi.tu-dresden.de/fhir/PlanDefinition/q4ms-vorstellung"/></action><action id="diagnostic-testing"><title value="Voruntersuchung"/><description value="Diagnostische Voruntersuchungen durchführen"/><relatedAction><actionId value="admission"/><relationship value="after-end"/></relatedAction><definitionCanonical value="http://pathway-fgdh.wiwi.tu-dresden.de/fhir/PlanDefinition/q4ms-voruntersuchung"/></action><action id="examination"><title value="Arztvorstellung"/><description value="Voruntersuchungen auswerten und Therapiemaßnahmen ableiten"/><relatedAction><actionId value="diagnostic-testing"/><relationship value="after-end"/></relatedAction><definitionCanonical value="http://pathway-fgdh.wiwi.tu-dresden.de/fhir/PlanDefinition/q4ms-arztvorstellung"/></action><action id="discharge"><title value="Entlassung"/><description value="Patient nach Hause entlassen"/><relatedAction><actionId value="examination"/><relationship value="after-end"/></relatedAction><definitionCanonical value="http://pathway-fgdh.wiwi.tu-dresden.de/fhir/PlanDefinition/q4ms-entlassung"/></action></action></PlanDefinition>