<?xml version="1.0" encoding="UTF-8"?><PlanDefinition xmlns="http://hl7.org/fhir"><id value="Q4MSZusatzdiagnostik"/><url value="/PlanDefinition/Q4MSZusatzdiagnostik"/><version value="0.1.0"/><type><coding><code value="workflow-definition"/></coding></type><status value="draft"/><experimental value="true"/><date value="2021-12-22T11:59:55+01:00"/><publisher value="QPath4MS"/><contact><name value="QPath4MS"/><telecom><system value="url"/><value value="http://qpath.ukdd.de"/></telecom></contact><action><selectionBehavior value="any"/><requiredBehavior value="must-unless-documented"/><cardinalityBehavior value="single"/><action><title value="Ganganalyse"/><definitionCanonical value="/PlanDefinition/Q4MSGanganalyse"/></action><action><title value="Optische Koheränztomographie (OCT)"/><definitionCanonical value="/PlanDefinition/Q4MSOptischeKoheraenztomographie"/></action><action><title value="Magnetresonanztomographie (MRT)"/><definitionCanonical value="/PlanDefinition/Q4MSMagnetresonanztomographie"/></action><action><title value="Laboruntersuchung"/><definitionCanonical value="/PlanDefinition/Q4MSLaboruntersuchung"/></action><action><title value="Multiple Sclerosis Performance Test (MSPT)"/><definitionCanonical value="/PlanDefinition/Q4MSMultipleSclerosisPerformanceTest"/></action></action></PlanDefinition>