<?xml version="1.0" encoding="UTF-8"?><PlanDefinition xmlns="http://hl7.org/fhir"><id value="Q4MSZusatzdiagnostik"/><url value="http://qpath4ms.ukdd.de/fhir/PlanDefinition/Q4MSZusatzdiagnostik"/><version value="0.1.0"/><name value="Q4MSZusatzdiagnostik"/><type><coding><system value="http://terminology.hl7.org/CodeSystem/plan-definition-type"/><code value="workflow-definition"/></coding></type><status value="draft"/><experimental value="true"/><date value="2022-01-20T17:26:57+01:00"/><publisher value="Forschungsgruppe Digital Health"/><contact><name value="Forschungsgruppe Digital Health"/><telecom><system value="url"/><value value="https://tud.link/xd10"/></telecom><telecom><system value="email"/><value value="digital-health@tu-dresden.de"/></telecom></contact><contact><name value="Marcel Susky"/><telecom><system value="email"/><value value="marcel.susky@tu-dresden.de"/><use value="work"/></telecom></contact><jurisdiction><coding><system value="urn:iso:std:iso:3166"/><code value="DE"/><display value="Germany"/></coding></jurisdiction><action><selectionBehavior value="any"/><requiredBehavior value="must-unless-documented"/><cardinalityBehavior value="single"/><action><title value="Ganganalyse"/><definitionCanonical value="http://qpath4ms.ukdd.de/fhir/PlanDefinition/Q4MSGanganalyse"/></action><action><title value="Optische Kohärenztomographie (OCT)"/><definitionCanonical value="http://qpath4ms.ukdd.de/fhir/PlanDefinition/Q4MSOptischeKohaerenztomographie"/></action><action><title value="Magnetresonanztomographie (MRT)"/><definitionCanonical value="http://qpath4ms.ukdd.de/fhir/PlanDefinition/Q4MSMagnetresonanztomographie"/></action><action><title value="Laboruntersuchung"/><definitionCanonical value="http://qpath4ms.ukdd.de/fhir/PlanDefinition/Q4MSLaboruntersuchung"/></action><action><title value="Multiple Sclerosis Performance Test (MSPT)"/><definitionCanonical value="http://qpath4ms.ukdd.de/fhir/PlanDefinition/Q4MSMultipleSclerosisPerformanceTest"/></action></action></PlanDefinition>