<?xml version="1.0" encoding="UTF-8"?><PlanDefinition xmlns="http://hl7.org/fhir"><id value="Q4MSVorstellung"/><url value="http://pathway-fgdh.wiwi.tu-dresden.de/fhir/PlanDefinition/q4ms-vorstellung"/><version value="0.1.0"/><type><coding><system value="http://terminology.hl7.org/CodeSystem/plan-definition-type"/><code value="workflow-definition"/></coding></type><status value="draft"/><experimental value="true"/><date value="2021-12-22T13:43:58+01:00"/><publisher value="QPath4MS"/><contact><name value="QPath4MS"/><telecom><system value="url"/><value value="http://qpath.ukdd.de"/></telecom></contact><action id="appointment"><title value="Terminvereinbarung"/><description value="Termin zur Vorstellung vereinbaren"/><definitionCanonical value="http://pathway-fgdh.wiwi.tu-dresden.de/fhir/PlanDefinition/q4ms-terminvereinbarung"/></action><action><title value="Dokumente abfragen"/><description value="Dokumente beim Patienten abfragen"/><relatedAction><actionId value="appointment"/><relationship value="after-end"/></relatedAction><definitionCanonical value="http://pathway-fgdh.wiwi.tu-dresden.de/fhir/PlanDefinition/q4ms-dokumente-abfragen-patient"/></action></PlanDefinition>