<?xml version="1.0" encoding="UTF-8"?><PlanDefinition xmlns="http://hl7.org/fhir"><id value="Q4MSAllgemeineNeurologischeAnamnese"/><url value="http://pathway-fgdh.wiwi.tu-dresden.de/fhir/PlanDefinition/q4ms-allgemeine-neurologische-anamnese"/><version value="0.1.0"/><type><coding><system value="http://terminology.hl7.org/CodeSystem/plan-definition-type"/><code value="eca-rule"/></coding></type><status value="draft"/><experimental value="true"/><date value="2021-12-22T13:43:58+01:00"/><publisher value="QPath4MS"/><contact><name value="QPath4MS"/><telecom><system value="url"/><value value="http://qpath.ukdd.de"/></telecom></contact><action><title value="Expanded Disability Status Scale (EDSS)"/><type><coding><system value="http://terminology.hl7.org/CodeSystem/action-type"/><code value="create"/></coding></type><definitionCanonical value="http://qpath.ukdd.de/ActivityDefinition/Q4MSExpandedDisabilityStatusScaleActivity"/></action></PlanDefinition>