<?xml version="1.0" encoding="UTF-8"?><PlanDefinition xmlns="http://hl7.org/fhir"><id value="Q4MSArztvorstellung"/><url value="/PlanDefinition/Q4MSArztvorstellung"/><version value="0.1.0"/><type><coding><code value="workflow-definition"/></coding></type><status value="draft"/><experimental value="true"/><date value="2021-12-22T11:59:55+01:00"/><publisher value="QPath4MS"/><contact><name value="QPath4MS"/><telecom><system value="url"/><value value="http://qpath.ukdd.de"/></telecom></contact><action id="examination"><groupingBehavior value="logical-group"/><selectionBehavior value="all"/><requiredBehavior value="must-unless-documented"/><cardinalityBehavior value="single"/><action><title value="Allgemeine und neurologische Untersuchung"/><definitionCanonical value="/PlanDefinition/Q4MSAllgemeineNeurologischeUntersuchung"/></action><action><title value="Befundauswertung"/><definitionCanonical value="/PlanDefinition/Q4MSBefundauswertung"/></action><action><title value="Allgemeine und neurologische Anamnese"/><definitionCanonical value="/PlanDefinition/Q4MSAllgemeineNeurologischeAnamnese"/></action><action><title value="Therapiespezifische Diagnostik"/><definitionCanonical value="/PlanDefinition/Q4MSTherapiespezifischeDiagnostik"/></action><action><title value="Zusatzdiagnostik"/><definitionCanonical value="/PlanDefinition/Q4MSZusatzdiagnostik"/></action></action><action><title value="Auswertung"/><relatedAction><actionId value="examination"/><relationship value="after-end"/></relatedAction><definitionCanonical value="/PlanDefinition/Q4MSAuswertung"/></action></PlanDefinition>