<?xml version="1.0" encoding="UTF-8"?><PlanDefinition xmlns="http://hl7.org/fhir"><id value="Q4MSEntlassung"/><url value="/PlanDefinition/Q4MSEntlassung"/><version value="0.1.0"/><type><coding><code value="workflow-definition"/></coding></type><status value="draft"/><experimental value="true"/><date value="2021-12-22T11:59:55+01:00"/><publisher value="QPath4MS"/><contact><name value="QPath4MS"/><telecom><system value="url"/><value value="http://qpath.ukdd.de"/></telecom></contact><action><groupingBehavior value="logical-group"/><selectionBehavior value="all"/><requiredBehavior value="must-unless-documented"/><cardinalityBehavior value="single"/><action><groupingBehavior value="logical-group"/><selectionBehavior value="all"/><requiredBehavior value="must-unless-documented"/><cardinalityBehavior value="single"/><action><title value="Terminvereinbarung"/><description value="Termin zur Wiederorstellung vereinbaren"/><timingTiming><repeat><frequency value="1"/><period value="3"/><periodUnit value="mo"/></repeat></timingTiming><definitionCanonical value="/PlanDefinition/Q4MSTerminvereinbarung"/></action><action><title value="Dokumente übermitteln (Patient)"/><description value="Dokumente an Patient übermitteln"/><definitionCanonical value="/PlanDefinition/Q4MSDokumenteUebermittelnPatient"/></action></action><action><title value="Dokumente übermitteln (Arzt)"/><description value="Dokumente an Arzt übermitteln"/><condition><kind value="applicability"/><expression><language value="text/cql"/><expression value="is referred"/></expression></condition><definitionCanonical value="/PlanDefinition/Q4MSDokumenteUebermittelnArzt"/></action></action></PlanDefinition>