<?xml version="1.0" encoding="UTF-8"?><PlanDefinition xmlns="http://hl7.org/fhir"><id value="Q4MSEntlassung"/><url value="http://qpath4ms.ukdd.de/fhir/PlanDefinition/Q4MSEntlassung"/><version value="0.1.0"/><type><coding><system value="http://terminology.hl7.org/CodeSystem/plan-definition-type"/><code value="workflow-definition"/></coding></type><status value="draft"/><experimental value="true"/><date value="2022-01-20T14:56:11+01:00"/><publisher value="Forschungsgruppe Digital Health"/><contact><name value="Forschungsgruppe Digital Health"/><telecom><system value="url"/><value value="https://tud.link/xd10"/></telecom><telecom><system value="email"/><value value="digital-health@tu-dresden.de"/></telecom></contact><contact><name value="Marcel Susky"/><telecom><system value="email"/><value value="marcel.susky@tu-dresden.de"/><use value="work"/></telecom></contact><jurisdiction><coding><system value="urn:iso:std:iso:3166"/><code value="DE"/><display value="Germany"/></coding></jurisdiction><action><groupingBehavior value="logical-group"/><selectionBehavior value="all"/><requiredBehavior value="must-unless-documented"/><cardinalityBehavior value="single"/><action><groupingBehavior value="logical-group"/><selectionBehavior value="all"/><requiredBehavior value="must-unless-documented"/><cardinalityBehavior value="single"/><action><title value="Terminvereinbarung"/><description value="Termin zur Wiedervorstellung vereinbaren"/><timingTiming><repeat><frequency value="1"/><period value="3"/><periodUnit value="mo"/></repeat></timingTiming><definitionCanonical value="http://qpath4ms.ukdd.de/fhir/PlanDefinition/Q4MSTerminvereinbarung"/></action><action><title value="Dokumente übermitteln (Patient)"/><description value="Dokumente an Patient übermitteln"/><definitionCanonical value="http://qpath4ms.ukdd.de/fhir/PlanDefinition/Q4MSDokumenteUebermittelnPatient"/></action></action><action><title value="Dokumente übermitteln (Arzt)"/><description value="Dokumente an Arzt übermitteln"/><condition><kind value="applicability"/><expression><language value="text/cql"/><expression value="is referred"/></expression></condition><definitionCanonical value="http://qpath4ms.ukdd.de/fhir/PlanDefinition/Q4MSDokumenteUebermittelnArzt"/></action></action></PlanDefinition>