<?xml version="1.0" encoding="UTF-8"?><PlanDefinition xmlns="http://hl7.org/fhir"><id value="Q4MSVorstellung"/><url value="http://qpath4ms.ukdd.de/fhir/PlanDefinition/Q4MSVorstellung"/><version value="0.1.0"/><type><coding><system value="http://terminology.hl7.org/CodeSystem/plan-definition-type"/><code value="workflow-definition"/></coding></type><status value="draft"/><experimental value="true"/><date value="2022-01-19T20:56:59+01:00"/><publisher value="Forschungsgruppe Digital Health"/><contact><name value="Forschungsgruppe Digital Health"/><telecom><system value="url"/><value value="https://tud.link/xd10"/></telecom><telecom><system value="email"/><value value="digital-health@tu-dresden.de"/></telecom></contact><contact><name value="Marcel Susky"/><telecom><system value="email"/><value value="marcel.susky@tu-dresden.de"/><use value="work"/></telecom></contact><jurisdiction><coding><system value="urn:iso:std:iso:3166"/><code value="DE"/><display value="Germany"/></coding></jurisdiction><action id="appointment"><title value="Terminvereinbarung"/><description value="Termin zur Vorstellung vereinbaren"/><definitionCanonical value="http://qpath4ms.ukdd.de/fhir/PlanDefinition/Q4MSTerminvereinbarung"/></action><action><title value="Dokumente abfragen"/><description value="Dokumente beim Patienten abfragen"/><relatedAction><actionId value="appointment"/><relationship value="after-end"/></relatedAction><definitionCanonical value="http://qpath4ms.ukdd.de/fhir/PlanDefinition/Q4MSDokumenteAbfragenPatient"/></action></PlanDefinition>