<?xml version="1.0" encoding="UTF-8"?><StructureMap xmlns="http://hl7.org/fhir"><id value="Q4MSActivityDefinitionTaskTransform"/><url value="http://qpath4ms.ukdd.de/fhir/StructureMap/Q4MSActivityDefinitionTaskTransform"/><version value="0.1.0"/><name value="Transformiert eine ActivityDefinition in einen Task"/><status value="draft"/><experimental value="true"/><date value="2022-01-21T07:36:48+01:00"/><publisher value="Forschungsgruppe Digital Health"/><contact><name value="Forschungsgruppe Digital Health"/><telecom><system value="url"/><value value="https://tud.link/xd10"/></telecom><telecom><system value="email"/><value value="digital-health@tu-dresden.de"/></telecom></contact><contact><name value="Marcel Susky"/><telecom><system value="email"/><value value="marcel.susky@tu-dresden.de"/><use value="work"/></telecom></contact><jurisdiction><coding><system value="urn:iso:std:iso:3166"/><code value="DE"/><display value="Germany"/></coding></jurisdiction><structure><url value="http://hl7.org/fhir/StructureDefinition/activitydefinition"/><mode value="source"/></structure><structure><url value="http://hl7.org/fhir/StructureDefinition/activitydefinition"/><mode value="queried"/></structure><structure><url value="http://hl7.org/fhir/StructureDefinition/task"/><mode value="target"/></structure><structure><url value="http://hl7.org/fhir/StructureDefinition/task"/><mode value="produced"/></structure><group><name value="main"/><typeMode value="type-and-types"/><input><name value="source"/><type value="ActivityDefinition"/><mode value="source"/></input><input><name value="target"/><type value="Task"/><mode value="target"/></input><rule><name value="status"/><source><context value="source"/><element value="status"/><variable value="a"/></source><target><context value="target"/><contextType value="variable"/><element value="status"/><transform value="copy"/></target></rule><rule><name value="intent"/><source><context value="source"/><defaultValueString value="plan"/><element value="intent"/><variable value="a"/></source><target><context value="target"/><contextType value="variable"/><element value="intent"/><transform value="copy"/></target></rule><rule><name value="instantiatesCanonical"/><source><context value="source"/><element value="url"/><variable value="a"/></source><target><context value="target"/><contextType value="variable"/><element value="instantiatesCanonical"/><transform value="copy"/></target></rule><rule><name value="description"/><source><context value="source"/><element value="title"/><variable value="a"/></source><target><context value="target"/><contextType value="variable"/><element value="description"/><transform value="copy"/></target></rule></group></StructureMap>