<?xml version="1.0" encoding="UTF-8"?><ValueSet xmlns="http://hl7.org/fhir"><id value="q4ms-dokumentanforderungkategorie-vs"/><text><status value="generated"/><div xmlns="http://www.w3.org/1999/xhtml"><ul><li>Include all codes defined in <a href="CodeSystem-q4ms-dokumentanforderungkategorie.html"><code>http://terminology-fgdh.wiwi.tu-dresden.de/fhir/CodeSystem/q4ms-dokumentanforderungkategorie</code></a></li></ul></div></text><url value="http://terminology-fgdh.wiwi.tu-dresden.de/fhir/ValueSet/q4ms-dokumentanforderungkategorie-vs"/><version value="0.1.0"/><name value="Q4MSDokumentanforderungkategorieVS"/><title value="Dokumentanforderungkategorie"/><status value="active"/><date value="2021-12-22T21:26:07+01:00"/><publisher value="Forschungsgruppe Digital Health"/><contact><name value="Forschungsgruppe Digital Health"/><telecom><system value="url"/><value value="https://tud.link/xd10"/></telecom><telecom><system value="email"/><value value="digital-health@tu-dresden.de"/></telecom></contact><contact><name value="Marcel Susky"/><telecom><system value="email"/><value value="marcel.susky@tu-dresden.de"/><use value="work"/></telecom></contact><description value="Definiert Dokumentanforderungkategorien"/><jurisdiction><coding><system value="urn:iso:std:iso:3166"/><code value="DE"/><display value="Germany"/></coding></jurisdiction><compose><include><system value="http://terminology-fgdh.wiwi.tu-dresden.de/fhir/CodeSystem/q4ms-dokumentanforderungkategorie"/></include></compose></ValueSet>