<?xml version="1.0" encoding="UTF-8"?>

<CarePlan xmlns="http://hl7.org/fhir">
  <id value="VoruntersuchungExampleCP"/>
  <text>
    <status value="generated"/><div xmlns="http://www.w3.org/1999/xhtml"><p><b>Generated Narrative</b></p><div style="display: inline-block; background-color: #d9e0e7; padding: 6px; margin: 4px; border: 1px solid #8da1b4; border-radius: 5px; line-height: 60%"><p style="margin-bottom: 0px">Resource "VoruntersuchungExampleCP" </p></div><p><b>instantiatesCanonical</b>: <a href="PlanDefinition-Q4MSVoruntersuchung.html">PlanDefinition[http://qpath4ms.ukdd.de/fhir/PlanDefinition/q4ms-voruntersuchung]</a></p><p><b>status</b>: draft</p><p><b>intent</b>: option</p><p><b>subject</b>: <a href="Patient-PatientJohnDoe.html">Patient/PatientJohnDoe</a> " DOE"</p><h3>Activities</h3><table class="grid"><tr><td>-</td><td><b>Reference</b></td></tr><tr><td>*</td><td><a href="RequestGroup/VoruntersuchungExampleRG">RequestGroup/VoruntersuchungExampleRG</a></td></tr></table></div>
  </text>
  <contained>
    <RequestGroup>
      <id value="VorstellungExampleRG"/>
      <instantiatesCanonical value="http://qpath4ms.ukdd.de/fhir/PlanDefinition/q4ms-vorstellung"/>
      <status value="draft"/>
      <intent value="plan"/>
      <subject>
        <reference value="Patient/PatientJohnDoe"/>
      </subject>
      <action id="appointment">
        <title value="Terminvereinbarung"/>
        <description value="Termin zur Vorstellung vereinbaren"/>
        <resource>
          <reference value="CarePlan/TerminvereinbarungExampleCP"/>
        </resource>
      </action>
      <action>
        <title value="Dokumente abfragen"/>
        <description value="Dokumente beim Patienten abfragen"/>
        <relatedAction>
          <actionId value="appointment"/>
          <relationship value="after-end"/>
        </relatedAction>
        <resource>
          <reference value="CarePlan/DokumenteAbfragenPatientExampleCP"/>
        </resource>
      </action>
    </RequestGroup>
  </contained>
  <instantiatesCanonical value="http://qpath4ms.ukdd.de/fhir/PlanDefinition/q4ms-voruntersuchung"/>
  <status value="draft"/>
  <intent value="option"/>
  <subject>
    <reference value="Patient/PatientJohnDoe"/>
  </subject>
  <activity>
    <reference>
      <reference value="RequestGroup/VoruntersuchungExampleRG"/>
    </reference>
  </activity>
</CarePlan>