<?xml version="1.0" encoding="UTF-8"?>

<CarePlan xmlns="http://hl7.org/fhir">
  <id value="EntlassungExampleCP"/>
  <text>
    <status value="generated"/><div xmlns="http://www.w3.org/1999/xhtml"><p><b>Generated Narrative</b></p><div style="display: inline-block; background-color: #d9e0e7; padding: 6px; margin: 4px; border: 1px solid #8da1b4; border-radius: 5px; line-height: 60%"><p style="margin-bottom: 0px">Resource "EntlassungExampleCP" </p></div><p><b>instantiatesCanonical</b>: <a href="PlanDefinition-Q4MSEntlassung.html">PlanDefinition[http://qpath4ms.ukdd.de/fhir/PlanDefinition/q4ms-entlassung]</a></p><p><b>status</b>: draft</p><p><b>intent</b>: option</p><p><b>subject</b>: <a href="Patient-PatientJohnDoe.html">Patient/PatientJohnDoe</a> " DOE"</p><h3>Activities</h3><table class="grid"><tr><td>-</td><td><b>Reference</b></td></tr><tr><td>*</td><td><a name="EntlassungExampleRG"> </a><blockquote><div style="display: inline-block; background-color: #d9e0e7; padding: 6px; margin: 4px; border: 1px solid #8da1b4; border-radius: 5px; line-height: 60%"><p style="margin-bottom: 0px">Resource "EntlassungExampleRG" </p></div><p><b>instantiatesCanonical</b>: <a href="PlanDefinition-Q4MSEntlassung.html">PlanDefinition[http://qpath4ms.ukdd.de/fhir/PlanDefinition/q4ms-entlassung]</a></p><p><b>status</b>: draft</p><p><b>intent</b>: plan</p><p><b>subject</b>: <a href="Patient-PatientJohnDoe.html">Patient/PatientJohnDoe</a> " DOE"</p><blockquote><p><b>action</b></p><p><b>groupingBehavior</b>: logical-group</p><p><b>selectionBehavior</b>: all</p><p><b>requiredBehavior</b>: must-unless-documented</p><p><b>cardinalityBehavior</b>: single</p><blockquote><p><b>action</b></p><p><b>groupingBehavior</b>: logical-group</p><p><b>selectionBehavior</b>: all</p><p><b>requiredBehavior</b>: must-unless-documented</p><p><b>cardinalityBehavior</b>: single</p></blockquote><blockquote><p><b>action</b></p><p><b>title</b>: Dokumente übermitteln (Arzt)</p><p><b>description</b>: Dokumente an Arzt übermitteln</p><p><b>resource</b>: <a href="CarePlan-DokumenteUebermittelnArztExampleCP.html">CarePlan/DokumenteUebermittelnArztExampleCP</a></p></blockquote></blockquote></blockquote></td></tr></table></div>
  </text>
  <contained>
    <RequestGroup>
      <id value="EntlassungExampleRG"/>
      <instantiatesCanonical value="http://qpath4ms.ukdd.de/fhir/PlanDefinition/q4ms-entlassung"/>
      <status value="draft"/>
      <intent value="plan"/>
      <subject>
        <reference value="Patient/PatientJohnDoe"/>
      </subject>
      <action>
        <groupingBehavior value="logical-group"/>
        <selectionBehavior value="all"/>
        <requiredBehavior value="must-unless-documented"/>
        <cardinalityBehavior value="single"/>
        <action>
          <groupingBehavior value="logical-group"/>
          <selectionBehavior value="all"/>
          <requiredBehavior value="must-unless-documented"/>
          <cardinalityBehavior value="single"/>
          <action>
            <title value="Terminvereinbarung"/>
            <description value="Termin zur Wiedervorstellung vereinbaren"/>
            <timingTiming>
              <repeat>
                <frequency value="1"/>
                <period value="3"/>
                <periodUnit value="mo"/>
              </repeat>
            </timingTiming>
            <resource>
              <reference value="CarePlan/TerminvereinbarungExampleCP"/>
            </resource>
          </action>
          <action>
            <title value="Dokumente übermitteln (Patient)"/>
            <description value="Dokumente an Patient übermitteln"/>
            <resource>
              <reference value="CarePlan/DokumenteUebermittelnPatientExampleCP"/>
            </resource>
          </action>
        </action>
        <action>
          <title value="Dokumente übermitteln (Arzt)"/>
          <description value="Dokumente an Arzt übermitteln"/>
          <resource>
            <reference value="CarePlan/DokumenteUebermittelnArztExampleCP"/>
          </resource>
        </action>
      </action>
    </RequestGroup>
  </contained>
  <instantiatesCanonical value="http://qpath4ms.ukdd.de/fhir/PlanDefinition/q4ms-entlassung"/>
  <status value="draft"/>
  <intent value="option"/>
  <subject>
    <reference value="Patient/PatientJohnDoe"/>
  </subject>
  <activity>
    <reference>
      <reference value="#EntlassungExampleRG"/>
    </reference>
  </activity>
</CarePlan>