<?xml version="1.0" encoding="UTF-8"?>

<CarePlan xmlns="http://hl7.org/fhir">
  <id value="ZusatzdiagnostikExampleCP"/>
  <text>
    <status value="generated"/><div xmlns="http://www.w3.org/1999/xhtml"><p><b>Generated Narrative</b></p><div style="display: inline-block; background-color: #d9e0e7; padding: 6px; margin: 4px; border: 1px solid #8da1b4; border-radius: 5px; line-height: 60%"><p style="margin-bottom: 0px">Resource "ZusatzdiagnostikExampleCP" </p></div><p><b>instantiatesCanonical</b>: <a href="PlanDefinition-Q4MSZusatzdiagnostik.html">PlanDefinition[http://qpath4ms.ukdd.de/fhir/PlanDefinition/q4ms-zusatzdiagnostik]</a></p><p><b>status</b>: draft</p><p><b>intent</b>: option</p><p><b>subject</b>: <a href="Patient-PatientJohnDoe.html">Patient/PatientJohnDoe</a> " DOE"</p><h3>Activities</h3><table class="grid"><tr><td>-</td><td><b>Reference</b></td></tr><tr><td>*</td><td><a name="ZusatzdiagnostikExampleRG"> </a><blockquote><div style="display: inline-block; background-color: #d9e0e7; padding: 6px; margin: 4px; border: 1px solid #8da1b4; border-radius: 5px; line-height: 60%"><p style="margin-bottom: 0px">Resource "ZusatzdiagnostikExampleRG" </p></div><p><b>instantiatesCanonical</b>: <a href="PlanDefinition-Q4MSZusatzdiagnostik.html">PlanDefinition[http://qpath4ms.ukdd.de/fhir/PlanDefinition/q4ms-zusatzdiagnostik]</a></p><p><b>status</b>: draft</p><p><b>intent</b>: plan</p><p><b>subject</b>: <a href="Patient-PatientJohnDoe.html">Patient/PatientJohnDoe</a> " DOE"</p><blockquote><p><b>action</b></p><p><b>selectionBehavior</b>: any</p><p><b>requiredBehavior</b>: must-unless-documented</p><p><b>cardinalityBehavior</b>: single</p><h3>Actions</h3><table class="grid"><tr><td>-</td><td><b>Title</b></td><td><b>Resource</b></td></tr><tr><td>*</td><td>Ganganalyse</td><td><a href="CarePlan-GanganalyseExampleCP.html">CarePlan/GanganalyseExampleCP</a></td></tr><tr><td>*</td><td>Optische Kohärenztomographie (OCT)</td><td><a href="CarePlan-OptischeKohaerenztomographieExampleCP.html">CarePlan/OptischeKohaerenztomographieExampleCP</a></td></tr><tr><td>*</td><td>Magnetresonanztomographie (MRT)</td><td><a href="CarePlan-MagnetresonanztomographieExampleCP.html">CarePlan/MagnetresonanztomographieExampleCP</a></td></tr><tr><td>*</td><td>Laboruntersuchung</td><td><a href="CarePlan-LaboruntersuchungExampleCP.html">CarePlan/LaboruntersuchungExampleCP</a></td></tr><tr><td>*</td><td>Multiple Sclerosis Performance Test (MSPT)</td><td><a href="CarePlan-MultipleSclerosisPerformanceTestExampleCP.html">CarePlan/MultipleSclerosisPerformanceTestExampleCP</a></td></tr></table></blockquote></blockquote></td></tr></table></div>
  </text>
  <contained>
    <RequestGroup>
      <id value="ZusatzdiagnostikExampleRG"/>
      <instantiatesCanonical value="http://qpath4ms.ukdd.de/fhir/PlanDefinition/q4ms-zusatzdiagnostik"/>
      <status value="draft"/>
      <intent value="plan"/>
      <subject>
        <reference value="Patient/PatientJohnDoe"/>
      </subject>
      <action>
        <selectionBehavior value="any"/>
        <requiredBehavior value="must-unless-documented"/>
        <cardinalityBehavior value="single"/>
        <action>
          <title value="Ganganalyse"/>
          <resource>
            <reference value="CarePlan/GanganalyseExampleCP"/>
          </resource>
        </action>
        <action>
          <title value="Optische Kohärenztomographie (OCT)"/>
          <resource>
            <reference value="CarePlan/OptischeKohaerenztomographieExampleCP"/>
          </resource>
        </action>
        <action>
          <title value="Magnetresonanztomographie (MRT)"/>
          <resource>
            <reference value="CarePlan/MagnetresonanztomographieExampleCP"/>
          </resource>
        </action>
        <action>
          <title value="Laboruntersuchung"/>
          <resource>
            <reference value="CarePlan/LaboruntersuchungExampleCP"/>
          </resource>
        </action>
        <action>
          <title value="Multiple Sclerosis Performance Test (MSPT)"/>
          <resource>
            <reference value="CarePlan/MultipleSclerosisPerformanceTestExampleCP"/>
          </resource>
        </action>
      </action>
    </RequestGroup>
  </contained>
  <instantiatesCanonical value="http://qpath4ms.ukdd.de/fhir/PlanDefinition/q4ms-zusatzdiagnostik"/>
  <status value="draft"/>
  <intent value="option"/>
  <subject>
    <reference value="Patient/PatientJohnDoe"/>
  </subject>
  <activity>
    <reference>
      <reference value="#ZusatzdiagnostikExampleRG"/>
    </reference>
  </activity>
</CarePlan>