<?xml version="1.0" encoding="UTF-8"?>

<CodeSystem xmlns="http://hl7.org/fhir">
  <id value="Q4MSTerminanfragekategorie"/>
  <meta>
    <profile value="http://hl7.org/fhir/StructureDefinition/shareablecodesystem"/>
  </meta>
  <text>
    <status value="generated"/><div xmlns="http://www.w3.org/1999/xhtml"><p>This code system http://qpath4ms.ukdd.de/fhir/CodeSystem/Q4MSTerminanfragekategorie defines the following codes:</p><table class="codes"><tr><td style="white-space:nowrap"><b>Code</b></td><td><b>Display</b></td><td><b>Definition</b></td></tr><tr><td style="white-space:nowrap">booking<a name="Q4MSTerminanfragekategorie-booking"> </a></td><td>Terminanforderung</td><td>Anforderung eines Termins</td></tr><tr><td style="white-space:nowrap">rescheduling<a name="Q4MSTerminanfragekategorie-rescheduling"> </a></td><td>Terminverschiebung</td><td>Verschiebung eines Termins</td></tr><tr><td style="white-space:nowrap">cancellation<a name="Q4MSTerminanfragekategorie-cancellation"> </a></td><td>Terminabsage</td><td>Absage eines Termins</td></tr></table></div>
  </text>
  <url value="http://qpath4ms.ukdd.de/fhir/CodeSystem/Q4MSTerminanfragekategorie"/>
  <version value="0.1.0"/>
  <name value="Q4MSTerminanfragekategorie"/>
  <title value="Terminanfragekategorie"/>
  <status value="active"/>
  <experimental value="true"/>
  <date value="2022-01-20T17:09:51+01:00"/>
  <publisher value="Forschungsgruppe Digital Health"/>
  <contact>
    <name value="Forschungsgruppe Digital Health"/>
    <telecom>
      <system value="url"/>
      <value value="https://tud.link/xd10"/>
    </telecom>
    <telecom>
      <system value="email"/>
      <value value="digital-health@tu-dresden.de"/>
    </telecom>
  </contact>
  <contact>
    <name value="Marcel Susky"/>
    <telecom>
      <system value="email"/>
      <value value="marcel.susky@tu-dresden.de"/>
      <use value="work"/>
    </telecom>
  </contact>
  <description value="Deklariert Terminanfragekategorien"/>
  <jurisdiction>
    <coding>
      <system value="urn:iso:std:iso:3166"/>
      <code value="DE"/>
      <display value="Germany"/>
    </coding>
  </jurisdiction>
  <caseSensitive value="true"/>
  <content value="complete"/>
  <count value="3"/>
  <concept>
    <code value="booking"/>
    <display value="Terminanforderung"/>
    <definition value="Anforderung eines Termins"/>
  </concept>
  <concept>
    <code value="rescheduling"/>
    <display value="Terminverschiebung"/>
    <definition value="Verschiebung eines Termins"/>
  </concept>
  <concept>
    <code value="cancellation"/>
    <display value="Terminabsage"/>
    <definition value="Absage eines Termins"/>
  </concept>
</CodeSystem>