<?xml version="1.0" encoding="UTF-8"?>

<DocumentReference xmlns="http://hl7.org/fhir">
  <id value="SonstigesDokumentExample"/>
  <meta>
    <profile value="http://pathway-fgdh.wiwi.tu-dresden.de/fhir/StructureDefinition/q4ms-sonstiges-dokument"/>
  </meta>
  <text>
    <status value="generated"/><div xmlns="http://www.w3.org/1999/xhtml"><p><b>Generated Narrative</b></p><div style="display: inline-block; background-color: #d9e0e7; padding: 6px; margin: 4px; border: 1px solid #8da1b4; border-radius: 5px; line-height: 60%"><p style="margin-bottom: 0px">Resource "SonstigesDokumentExample" </p><p style="margin-bottom: 0px">Profile: <a href="StructureDefinition-Q4MSSonstigesDokumentProfile.html">Sonstiges Dokument</a></p></div><p><b>status</b>: current</p><p><b>type</b>: BESC <span style="background: LightGoldenRodYellow; margin: 4px; border: 1px solid khaki"> (IHEXDStypeCode#BESC)</span></p><p><b>subject</b>: <a href="Patient-john-doe.html">Patient/john-doe</a> " DOE"</p><blockquote><p><b>content</b></p></blockquote></div>
  </text>
  <status value="current"/>
  <type>
    <coding>
      <system value="http://ihe-d.de/ValueSets/IHEXDStypeCode"/>
      <code value="BESC"/>
    </coding>
  </type>
  <subject>
    <reference value="Patient/john-doe"/>
  </subject>
  <content>
    <attachment>
      <title value="Leeres Beispiel Attachment für ein Sonstiges Dokument, z.B. AU"/>
    </attachment>
  </content>
</DocumentReference>