<?xml version="1.0" encoding="UTF-8"?>

<MessageDefinition xmlns="http://hl7.org/fhir">
  <id value="Q4MSTerminanfrage"/>
  <meta>
    <profile value="http://qpath4ms.ukdd.de/fhir/StructureDefinition/Q4MSTerminvereinbarungProfile"/>
  </meta>
  <text>
    <status value="generated"/><div xmlns="http://www.w3.org/1999/xhtml"><p><b>Generated Narrative</b></p><div style="display: inline-block; background-color: #d9e0e7; padding: 6px; margin: 4px; border: 1px solid #8da1b4; border-radius: 5px; line-height: 60%"><p style="margin-bottom: 0px">Resource "Q4MSTerminanfrage" </p><p style="margin-bottom: 0px">Profile: <a href="StructureDefinition-Q4MSTerminvereinbarungProfile.html">Terminvereinbarung</a></p></div><p><b>url</b>: <code>http://qpath4ms.ukdd.de/fhir/MessageDefinition/Q4MSTerminanfrage</code></p><p><b>version</b>: 0.1.0</p><p><b>name</b>: Q4MSTerminanfrage</p><p><b>status</b>: draft</p><p><b>date</b>: 2021-12-21</p><p><b>publisher</b>: Forschungsgruppe Digital Health</p><p><b>contact</b>: Forschungsgruppe Digital Health: <a href="https://tud.link/xd10">https://tud.link/xd10</a>,<a href="mailto:digital-health@tu-dresden.de">digital-health@tu-dresden.de</a>, Marcel Susky: <a href="mailto:marcel.susky@tu-dresden.de">marcel.susky@tu-dresden.de</a></p><p><b>jurisdiction</b>: Germany <span style="background: LightGoldenRodYellow; margin: 4px; border: 1px solid khaki"> (unknown#DE)</span></p><p><b>parent</b>: <a href="http://qpath4ms.ukdd.de/fhir/ActivityDefinition/Q4MSTerminvereinbarungAD">http://qpath4ms.ukdd.de/fhir/ActivityDefinition/Q4MSTerminvereinbarungAD</a></p><p><b>event</b>: Terminanforderung (Details: http://qpath4ms.ukdd.de/fhir/CodeSystem/Q4MSTerminanfragekategorie code booking = 'Terminanforderung', stated as 'null')</p><h3>Focus</h3><table class="grid"><tr><td>-</td><td><b>Code</b></td><td><b>Min</b></td><td><b>Max</b></td></tr><tr><td>*</td><td>Appointment</td><td>1</td><td>1</td></tr></table><p><b>responseRequired</b>: always</p></div>
  </text>
  <url value="http://qpath4ms.ukdd.de/fhir/MessageDefinition/Q4MSTerminanfrage"/>
  <version value="0.1.0"/>
  <name value="Q4MSTerminanfrage"/>
  <status value="draft"/>
  <date value="2021-12-21"/>
  <publisher value="Forschungsgruppe Digital Health"/>
  <contact>
    <name value="Forschungsgruppe Digital Health"/>
    <telecom>
      <system value="url"/>
      <value value="https://tud.link/xd10"/>
    </telecom>
    <telecom>
      <system value="email"/>
      <value value="digital-health@tu-dresden.de"/>
    </telecom>
  </contact>
  <contact>
    <name value="Marcel Susky"/>
    <telecom>
      <system value="email"/>
      <value value="marcel.susky@tu-dresden.de"/>
      <use value="work"/>
    </telecom>
  </contact>
  <jurisdiction>
    <coding>
      <system value="urn:iso:std:iso:3166"/>
      <code value="DE"/>
      <display value="Germany"/>
    </coding>
  </jurisdiction>
  <parent value="http://qpath4ms.ukdd.de/fhir/ActivityDefinition/Q4MSTerminvereinbarungAD"/>
  <eventCoding>
    <system value="http://qpath4ms.ukdd.de/fhir/CodeSystem/Q4MSTerminanfragekategorie"/>
    <code value="booking"/>
  </eventCoding>
  <focus>
    <code value="Appointment"/>
    <min value="1"/>
    <max value="1"/>
  </focus>
  <responseRequired value="always"/>
</MessageDefinition>