<?xml version="1.0" encoding="UTF-8"?>

<PlanDefinition xmlns="http://hl7.org/fhir">
  <id value="Q4MSArztvorstellung"/>
  <text>
    <status value="generated"/><div xmlns="http://www.w3.org/1999/xhtml"><p><b>Generated Narrative</b></p><div style="display: inline-block; background-color: #d9e0e7; padding: 6px; margin: 4px; border: 1px solid #8da1b4; border-radius: 5px; line-height: 60%"><p style="margin-bottom: 0px">Resource "Q4MSArztvorstellung" </p></div><p><b>url</b>: <code>http://qpath4ms.ukdd.de/fhir/PlanDefinition/Q4MSArztvorstellung</code></p><p><b>version</b>: 0.1.0</p><p><b>name</b>: Q4MSArztvorstellung</p><p><b>type</b>: Workflow Definition <span style="background: LightGoldenRodYellow; margin: 4px; border: 1px solid khaki"> (<a href="http://terminology.hl7.org/3.0.0/CodeSystem-plan-definition-type.html">PlanDefinitionType</a>#workflow-definition)</span></p><p><b>status</b>: draft</p><p><b>experimental</b>: true</p><p><b>date</b>: 2022-01-20T17:22:31+01:00</p><p><b>publisher</b>: Forschungsgruppe Digital Health</p><p><b>contact</b>: Forschungsgruppe Digital Health: <a href="https://tud.link/xd10">https://tud.link/xd10</a>,<a href="mailto:digital-health@tu-dresden.de">digital-health@tu-dresden.de</a>, Marcel Susky: <a href="mailto:marcel.susky@tu-dresden.de">marcel.susky@tu-dresden.de</a></p><p><b>jurisdiction</b>: Germany <span style="background: LightGoldenRodYellow; margin: 4px; border: 1px solid khaki"> (unknown#DE)</span></p><blockquote><p><b>action</b></p><p><b>groupingBehavior</b>: logical-group</p><p><b>selectionBehavior</b>: all</p><p><b>requiredBehavior</b>: must-unless-documented</p><p><b>cardinalityBehavior</b>: single</p><h3>Actions</h3><table class="grid"><tr><td>-</td><td><b>Title</b></td><td><b>Definition[x]</b></td></tr><tr><td>*</td><td>Allgemeine und neurologische Untersuchung</td><td><a href="PlanDefinition-Q4MSAllgemeineNeurologischeUntersuchung.html">Q4MSAllgemeineNeurologischeUntersuchung</a></td></tr><tr><td>*</td><td>Befundauswertung</td><td><a href="PlanDefinition-Q4MSBefundauswertung.html">Q4MSBefundauswertung</a></td></tr><tr><td>*</td><td>Allgemeine und neurologische Anamnese</td><td><a href="PlanDefinition-Q4MSAllgemeineNeurologischeAnamnese.html">Q4MSAllgemeineNeurologischeAnamnese</a></td></tr><tr><td>*</td><td>Therapiespezifische Diagnostik</td><td><a href="PlanDefinition-Q4MSTherapiespezifischeDiagnostik.html">Q4MSTherapiespezifischeDiagnostik</a></td></tr><tr><td>*</td><td>Zusatzdiagnostik</td><td><a href="PlanDefinition-Q4MSZusatzdiagnostik.html">Q4MSZusatzdiagnostik</a></td></tr></table></blockquote><blockquote><p><b>action</b></p><p><b>title</b>: Auswertung</p><h3>RelatedActions</h3><table class="grid"><tr><td>-</td><td><b>ActionId</b></td><td><b>Relationship</b></td></tr><tr><td>*</td><td>examination</td><td>after-end</td></tr></table><p><b>definition</b>: <a href="PlanDefinition-Q4MSAuswertung.html">Q4MSAuswertung</a></p></blockquote></div>
  </text>
  <url value="http://qpath4ms.ukdd.de/fhir/PlanDefinition/Q4MSArztvorstellung"/>
  <version value="0.1.0"/>
  <name value="Q4MSArztvorstellung"/>
  <type>
    <coding>
      <system value="http://terminology.hl7.org/CodeSystem/plan-definition-type"/>
      <code value="workflow-definition"/>
    </coding>
  </type>
  <status value="draft"/>
  <experimental value="true"/>
  <date value="2022-01-20T17:22:31+01:00"/>
  <publisher value="Forschungsgruppe Digital Health"/>
  <contact>
    <name value="Forschungsgruppe Digital Health"/>
    <telecom>
      <system value="url"/>
      <value value="https://tud.link/xd10"/>
    </telecom>
    <telecom>
      <system value="email"/>
      <value value="digital-health@tu-dresden.de"/>
    </telecom>
  </contact>
  <contact>
    <name value="Marcel Susky"/>
    <telecom>
      <system value="email"/>
      <value value="marcel.susky@tu-dresden.de"/>
      <use value="work"/>
    </telecom>
  </contact>
  <jurisdiction>
    <coding>
      <system value="urn:iso:std:iso:3166"/>
      <code value="DE"/>
      <display value="Germany"/>
    </coding>
  </jurisdiction>
  <action id="examination">
    <groupingBehavior value="logical-group"/>
    <selectionBehavior value="all"/>
    <requiredBehavior value="must-unless-documented"/>
    <cardinalityBehavior value="single"/>
    <action>
      <title value="Allgemeine und neurologische Untersuchung"/>
      <definitionCanonical value="http://qpath4ms.ukdd.de/fhir/PlanDefinition/Q4MSAllgemeineNeurologischeUntersuchung"/>
    </action>
    <action>
      <title value="Befundauswertung"/>
      <definitionCanonical value="http://qpath4ms.ukdd.de/fhir/PlanDefinition/Q4MSBefundauswertung"/>
    </action>
    <action>
      <title value="Allgemeine und neurologische Anamnese"/>
      <definitionCanonical value="http://qpath4ms.ukdd.de/fhir/PlanDefinition/Q4MSAllgemeineNeurologischeAnamnese"/>
    </action>
    <action>
      <title value="Therapiespezifische Diagnostik"/>
      <definitionCanonical value="http://qpath4ms.ukdd.de/fhir/PlanDefinition/Q4MSTherapiespezifischeDiagnostik"/>
    </action>
    <action>
      <title value="Zusatzdiagnostik"/>
      <definitionCanonical value="http://qpath4ms.ukdd.de/fhir/PlanDefinition/Q4MSZusatzdiagnostik"/>
    </action>
  </action>
  <action>
    <title value="Auswertung"/>
    <relatedAction>
      <actionId value="examination"/>
      <relationship value="after-end"/>
    </relatedAction>
    <definitionCanonical value="http://qpath4ms.ukdd.de/fhir/PlanDefinition/Q4MSAuswertung"/>
  </action>
</PlanDefinition>