<?xml version="1.0" encoding="UTF-8"?>

<PlanDefinition xmlns="http://hl7.org/fhir">
  <id value="Q4MSBasismonitoring"/>
  <text>
    <status value="generated"/><div xmlns="http://www.w3.org/1999/xhtml"><p><b>Generated Narrative</b></p><div style="display: inline-block; background-color: #d9e0e7; padding: 6px; margin: 4px; border: 1px solid #8da1b4; border-radius: 5px; line-height: 60%"><p style="margin-bottom: 0px">Resource "Q4MSBasismonitoring" </p></div><p><b>url</b>: <code>http://qpath4ms.ukdd.de/fhir/PlanDefinition/q4ms-basismonitoring</code></p><p><b>version</b>: 0.1.0</p><p><b>type</b>: Clinical Protocol <span style="background: LightGoldenRodYellow; margin: 4px; border: 1px solid khaki"> (<a href="http://terminology.hl7.org/3.0.0/CodeSystem-plan-definition-type.html">PlanDefinitionType</a>#clinical-protocol)</span></p><p><b>status</b>: draft</p><p><b>experimental</b>: true</p><p><b>date</b>: 2022-01-10T21:07:17+01:00</p><p><b>publisher</b>: Forschungsgruppe Digital Health</p><p><b>contact</b>: Forschungsgruppe Digital Health: <a href="https://tud.link/xd10">https://tud.link/xd10</a>,<a href="mailto:digital-health@tu-dresden.de">digital-health@tu-dresden.de</a>, Marcel Susky: <a href="mailto:marcel.susky@tu-dresden.de">marcel.susky@tu-dresden.de</a></p><p><b>jurisdiction</b>: Germany <span style="background: LightGoldenRodYellow; margin: 4px; border: 1px solid khaki"> (unknown#DE)</span></p><blockquote><p><b>action</b></p><p><b>groupingBehavior</b>: logical-group</p><p><b>selectionBehavior</b>: all</p><p><b>requiredBehavior</b>: must-unless-documented</p><p><b>cardinalityBehavior</b>: multiple</p><blockquote><p><b>action</b></p><p><b>title</b>: Vorstellung</p><p><b>description</b>: Erst- und Wiedervostellung</p><p><b>definition</b>: <a href="PlanDefinition-Q4MSVorstellung.html">PlanDefinition[http://qpath4ms.ukdd.de/fhir/PlanDefinition/q4ms-vorstellung]</a></p></blockquote><blockquote><p><b>action</b></p><p><b>title</b>: Voruntersuchung</p><p><b>description</b>: Diagnostische Voruntersuchungen durchführen</p><p><b>definition</b>: <a href="PlanDefinition-Q4MSVoruntersuchung.html">PlanDefinition[http://qpath4ms.ukdd.de/fhir/PlanDefinition/q4ms-voruntersuchung]</a></p></blockquote><blockquote><p><b>action</b></p><p><b>title</b>: Arztvorstellung</p><p><b>description</b>: Voruntersuchungen auswerten und Therapiemaßnahmen ableiten</p><p><b>definition</b>: <a href="PlanDefinition-Q4MSArztvorstellung.html">PlanDefinition[http://qpath4ms.ukdd.de/fhir/PlanDefinition/q4ms-arztvorstellung]</a></p></blockquote><blockquote><p><b>action</b></p><p><b>title</b>: Entlassung</p><p><b>description</b>: Patient nach Hause entlassen</p><p><b>definition</b>: <a href="PlanDefinition-Q4MSEntlassung.html">PlanDefinition[http://qpath4ms.ukdd.de/fhir/PlanDefinition/q4ms-entlassung]</a></p></blockquote></blockquote></div>
  </text>
  <url value="http://qpath4ms.ukdd.de/fhir/PlanDefinition/q4ms-basismonitoring"/>
  <version value="0.1.0"/>
  <type>
    <coding>
      <system value="http://terminology.hl7.org/CodeSystem/plan-definition-type"/>
      <code value="clinical-protocol"/>
    </coding>
  </type>
  <status value="draft"/>
  <experimental value="true"/>
  <date value="2022-01-10T21:07:17+01:00"/>
  <publisher value="Forschungsgruppe Digital Health"/>
  <contact>
    <name value="Forschungsgruppe Digital Health"/>
    <telecom>
      <system value="url"/>
      <value value="https://tud.link/xd10"/>
    </telecom>
    <telecom>
      <system value="email"/>
      <value value="digital-health@tu-dresden.de"/>
    </telecom>
  </contact>
  <contact>
    <name value="Marcel Susky"/>
    <telecom>
      <system value="email"/>
      <value value="marcel.susky@tu-dresden.de"/>
      <use value="work"/>
    </telecom>
  </contact>
  <jurisdiction>
    <coding>
      <system value="urn:iso:std:iso:3166"/>
      <code value="DE"/>
      <display value="Germany"/>
    </coding>
  </jurisdiction>
  <action>
    <groupingBehavior value="logical-group"/>
    <selectionBehavior value="all"/>
    <requiredBehavior value="must-unless-documented"/>
    <cardinalityBehavior value="multiple"/>
    <action id="admission">
      <title value="Vorstellung"/>
      <description value="Erst- und Wiedervostellung"/>
      <definitionCanonical value="http://qpath4ms.ukdd.de/fhir/PlanDefinition/q4ms-vorstellung"/>
    </action>
    <action id="diagnostic-testing">
      <title value="Voruntersuchung"/>
      <description value="Diagnostische Voruntersuchungen durchführen"/>
      <relatedAction>
        <actionId value="admission"/>
        <relationship value="after-end"/>
      </relatedAction>
      <definitionCanonical value="http://qpath4ms.ukdd.de/fhir/PlanDefinition/q4ms-voruntersuchung"/>
    </action>
    <action id="examination">
      <title value="Arztvorstellung"/>
      <description value="Voruntersuchungen auswerten und Therapiemaßnahmen ableiten"/>
      <relatedAction>
        <actionId value="diagnostic-testing"/>
        <relationship value="after-end"/>
      </relatedAction>
      <definitionCanonical value="http://qpath4ms.ukdd.de/fhir/PlanDefinition/q4ms-arztvorstellung"/>
    </action>
    <action id="discharge">
      <title value="Entlassung"/>
      <description value="Patient nach Hause entlassen"/>
      <relatedAction>
        <actionId value="examination"/>
        <relationship value="after-end"/>
      </relatedAction>
      <definitionCanonical value="http://qpath4ms.ukdd.de/fhir/PlanDefinition/q4ms-entlassung"/>
    </action>
  </action>
</PlanDefinition>