<?xml version="1.0" encoding="UTF-8"?>

<PlanDefinition xmlns="http://hl7.org/fhir">
  <id value="Q4MSVoruntersuchung"/>
  <text>
    <status value="generated"/><div xmlns="http://www.w3.org/1999/xhtml"><p><b>Generated Narrative</b></p><div style="display: inline-block; background-color: #d9e0e7; padding: 6px; margin: 4px; border: 1px solid #8da1b4; border-radius: 5px; line-height: 60%"><p style="margin-bottom: 0px">Resource "Q4MSVoruntersuchung" </p></div><p><b>url</b>: <code>http://qpath4ms.ukdd.de/fhir/PlanDefinition/Q4MSVoruntersuchung</code></p><p><b>version</b>: 0.1.0</p><p><b>name</b>: Q4MSVoruntersuchung</p><p><b>type</b>: Workflow Definition <span style="background: LightGoldenRodYellow; margin: 4px; border: 1px solid khaki"> (<a href="http://terminology.hl7.org/3.0.0/CodeSystem-plan-definition-type.html">PlanDefinitionType</a>#workflow-definition)</span></p><p><b>status</b>: draft</p><p><b>experimental</b>: true</p><p><b>date</b>: 2022-01-20T17:26:57+01:00</p><p><b>publisher</b>: Forschungsgruppe Digital Health</p><p><b>contact</b>: Forschungsgruppe Digital Health: <a href="https://tud.link/xd10">https://tud.link/xd10</a>,<a href="mailto:digital-health@tu-dresden.de">digital-health@tu-dresden.de</a>, Marcel Susky: <a href="mailto:marcel.susky@tu-dresden.de">marcel.susky@tu-dresden.de</a></p><p><b>jurisdiction</b>: Germany <span style="background: LightGoldenRodYellow; margin: 4px; border: 1px solid khaki"> (unknown#DE)</span></p><blockquote><p><b>action</b></p><p><b>groupingBehavior</b>: logical-group</p><p><b>selectionBehavior</b>: all</p><p><b>requiredBehavior</b>: must-unless-documented</p><p><b>cardinalityBehavior</b>: single</p><blockquote><p><b>action</b></p><p><b>title</b>: Diagnostik alle 3 Monate</p><p><b>timing</b>: Do Once per 3 months</p><p><b>groupingBehavior</b>: logical-group</p><p><b>selectionBehavior</b>: all</p><p><b>requiredBehavior</b>: must-unless-documented</p><p><b>cardinalityBehavior</b>: single</p></blockquote><blockquote><p><b>action</b></p><p><b>title</b>: Diagnostik alle 12 Monate</p><p><b>timing</b>: Do Once per 12 months</p><p><b>groupingBehavior</b>: logical-group</p><p><b>selectionBehavior</b>: all</p><p><b>requiredBehavior</b>: must-unless-documented</p><p><b>cardinalityBehavior</b>: single</p></blockquote></blockquote></div>
  </text>
  <url value="http://qpath4ms.ukdd.de/fhir/PlanDefinition/Q4MSVoruntersuchung"/>
  <version value="0.1.0"/>
  <name value="Q4MSVoruntersuchung"/>
  <type>
    <coding>
      <system value="http://terminology.hl7.org/CodeSystem/plan-definition-type"/>
      <code value="workflow-definition"/>
    </coding>
  </type>
  <status value="draft"/>
  <experimental value="true"/>
  <date value="2022-01-20T17:26:57+01:00"/>
  <publisher value="Forschungsgruppe Digital Health"/>
  <contact>
    <name value="Forschungsgruppe Digital Health"/>
    <telecom>
      <system value="url"/>
      <value value="https://tud.link/xd10"/>
    </telecom>
    <telecom>
      <system value="email"/>
      <value value="digital-health@tu-dresden.de"/>
    </telecom>
  </contact>
  <contact>
    <name value="Marcel Susky"/>
    <telecom>
      <system value="email"/>
      <value value="marcel.susky@tu-dresden.de"/>
      <use value="work"/>
    </telecom>
  </contact>
  <jurisdiction>
    <coding>
      <system value="urn:iso:std:iso:3166"/>
      <code value="DE"/>
      <display value="Germany"/>
    </coding>
  </jurisdiction>
  <action>
    <groupingBehavior value="logical-group"/>
    <selectionBehavior value="all"/>
    <requiredBehavior value="must-unless-documented"/>
    <cardinalityBehavior value="single"/>
    <action>
      <title value="Diagnostik alle 3 Monate"/>
      <timingTiming>
        <repeat>
          <frequency value="1"/>
          <period value="3"/>
          <periodUnit value="mo"/>
        </repeat>
      </timingTiming>
      <groupingBehavior value="logical-group"/>
      <selectionBehavior value="all"/>
      <requiredBehavior value="must-unless-documented"/>
      <cardinalityBehavior value="single"/>
      <action>
        <title value="Multiple Sclerosis Performance Test (MSPT)"/>
        <definitionCanonical value="http://qpath4ms.ukdd.de/fhir/PlanDefinition/Q4MSMultipleSclerosisPerformanceTest"/>
      </action>
      <action>
        <title value="Therapiespezifische Diagnostik"/>
        <definitionCanonical value="http://qpath4ms.ukdd.de/fhir/PlanDefinition/Q4MSTherapiespezifischeDiagnostik"/>
      </action>
    </action>
    <action>
      <title value="Diagnostik alle 12 Monate"/>
      <timingTiming>
        <repeat>
          <frequency value="1"/>
          <period value="12"/>
          <periodUnit value="mo"/>
        </repeat>
      </timingTiming>
      <groupingBehavior value="logical-group"/>
      <selectionBehavior value="all"/>
      <requiredBehavior value="must-unless-documented"/>
      <cardinalityBehavior value="single"/>
      <action>
        <title value="Optische Kohärenztomographie (OCT)"/>
        <definitionCanonical value="http://qpath4ms.ukdd.de/fhir/PlanDefinition/Q4MSOptischeKohaerenztomographie"/>
      </action>
      <action>
        <title value="Ganganalyse"/>
        <definitionCanonical value="http://qpath4ms.ukdd.de/fhir/PlanDefinition/Q4MSGanganalyse"/>
      </action>
      <action>
        <title value="Magnetresonanztomographie (MRT)"/>
        <definitionCanonical value="http://qpath4ms.ukdd.de/fhir/PlanDefinition/Q4MSMagnetresonanztomographie"/>
      </action>
    </action>
  </action>
</PlanDefinition>