<?xml version="1.0" encoding="UTF-8"?>

<ServiceRequest xmlns="http://hl7.org/fhir">
  <id value="LaboruntersuchungExampleSR"/>
  <text>
    <status value="generated"/><div xmlns="http://www.w3.org/1999/xhtml"><p><b>Generated Narrative</b></p><div style="display: inline-block; background-color: #d9e0e7; padding: 6px; margin: 4px; border: 1px solid #8da1b4; border-radius: 5px; line-height: 60%"><p style="margin-bottom: 0px">Resource "LaboruntersuchungExampleSR" </p></div><p><b>instantiatesCanonical</b>: <a href="http://qpath4ms.ukdd.de/fhir/ActivityDefinition/q4ms-laboruntersuchung">http://qpath4ms.ukdd.de/fhir/ActivityDefinition/q4ms-laboruntersuchung</a></p><p><b>status</b>: active</p><p><b>intent</b>: plan</p><p><b>doNotPerform</b>: false</p><p><b>subject</b>: <a href="Patient-PatientJohnDoe.html">Patient/PatientJohnDoe</a> " DOE"</p><p><b>occurrence</b>: 2022-01-12T12:00:00Z --&gt; 2022-01-21T00:00:00Z</p><p><b>locationCode</b>: hospital laboratory <span style="background: LightGoldenRodYellow; margin: 4px; border: 1px solid khaki"> (<a href="http://terminology.hl7.org/3.0.0/CodeSystem-v3-RoleCode.html">RoleCode</a>#HLAB)</span></p></div>
  </text>
  <instantiatesCanonical value="http://qpath4ms.ukdd.de/fhir/ActivityDefinition/q4ms-laboruntersuchung"/>
  <status value="active"/>
  <intent value="plan"/>
  <doNotPerform value="false"/>
  <subject>
    <reference value="Patient/PatientJohnDoe"/>
  </subject>
  <occurrencePeriod>
    <start value="2022-01-12T12:00:00Z"/>
    <end value="2022-01-21T00:00:00Z"/>
  </occurrencePeriod>
  <locationCode>
    <coding>
      <system value="http://terminology.hl7.org/CodeSystem/v3-RoleCode"/>
      <code value="HLAB"/>
    </coding>
  </locationCode>
</ServiceRequest>