<?xml version="1.0" encoding="UTF-8"?>

<ValueSet xmlns="http://hl7.org/fhir">
  <id value="q4ms-terminanfragekategorie-vs"/>
  <text>
    <status value="generated"/><div xmlns="http://www.w3.org/1999/xhtml"><ul><li>Include all codes defined in <a href="CodeSystem-q4ms-terminanfragekategorie.html"><code>http://terminology-fgdh.wiwi.tu-dresden.de/fhir/CodeSystem/q4ms-terminanfragekategorie</code></a></li></ul></div>
  </text>
  <url value="http://terminology-fgdh.wiwi.tu-dresden.de/fhir/ValueSet/q4ms-terminanfragekategorie-vs"/>
  <version value="0.1.0"/>
  <name value="Q4MSTerminanfragekategorieVS"/>
  <title value="Terminanfragekategorie ValueSet"/>
  <status value="active"/>
  <date value="2021-12-22T13:43:58+01:00"/>
  <publisher value="QPath4MS"/>
  <contact>
    <name value="QPath4MS"/>
    <telecom>
      <system value="url"/>
      <value value="http://qpath.ukdd.de"/>
    </telecom>
  </contact>
  <description value="Definiert Terminanfragekategorie"/>
  <compose>
    <include>
      <system value="http://terminology-fgdh.wiwi.tu-dresden.de/fhir/CodeSystem/q4ms-terminanfragekategorie"/>
    </include>
  </compose>
</ValueSet>