{
  "resourceType": "ActivityDefinition",
  "id": "Q4MSDokumenteUebermittelnAD",
  "text": {
    "status": "generated",
    "div": "<div xmlns=\"http://www.w3.org/1999/xhtml\"><p><b>Generated Narrative</b></p><div style=\"display: inline-block; background-color: #d9e0e7; padding: 6px; margin: 4px; border: 1px solid #8da1b4; border-radius: 5px; line-height: 60%\"><p style=\"margin-bottom: 0px\">Resource \"Q4MSDokumenteUebermittelnAD\" </p></div><p><b>url</b>: <code>http://qpath4ms.ukdd.de/fhir/ActivityDefinition/Q4MSDokumenteUebermittelnAD</code></p><p><b>version</b>: 0.1.0</p><p><b>name</b>: Q4MSDokumenteUebermittelnAD</p><p><b>status</b>: draft</p><p><b>experimental</b>: true</p><p><b>date</b>: 2022-01-21T07:49:24+01:00</p><p><b>publisher</b>: Forschungsgruppe Digital Health</p><p><b>contact</b>: Forschungsgruppe Digital Health: <a href=\"https://tud.link/xd10\">https://tud.link/xd10</a>,<a href=\"mailto:digital-health@tu-dresden.de\">digital-health@tu-dresden.de</a>, Martin Burwitz: <a href=\"mailto:martin.burwitz@tu-dresden.de\">martin.burwitz@tu-dresden.de</a>, Harry Preiß: <a href=\"mailto:harry.preiss@medicalsyn.com\">harry.preiss@medicalsyn.com</a>, Marcel Susky: <a href=\"mailto:marcel.susky@tu-dresden.de\">marcel.susky@tu-dresden.de</a></p><p><b>jurisdiction</b>: Germany <span style=\"background: LightGoldenRodYellow; margin: 4px; border: 1px solid khaki\"> (unknown#DE)</span></p><p><b>kind</b>: Task</p><p><b>doNotPerform</b>: false</p></div>"
  },
  "url": "http://qpath4ms.ukdd.de/fhir/ActivityDefinition/Q4MSDokumenteUebermittelnAD",
  "version": "0.1.0",
  "name": "Q4MSDokumenteUebermittelnAD",
  "status": "draft",
  "experimental": true,
  "date": "2022-01-21T07:49:24+01:00",
  "publisher": "Forschungsgruppe Digital Health",
  "contact": [
    {
      "name": "Forschungsgruppe Digital Health",
      "telecom": [
        {
          "system": "url",
          "value": "https://tud.link/xd10"
        },
        {
          "system": "email",
          "value": "digital-health@tu-dresden.de"
        }
      ]
    },
    {
      "name": "Martin Burwitz",
      "telecom": [
        {
          "system": "email",
          "value": "martin.burwitz@tu-dresden.de",
          "use": "work"
        }
      ]
    },
    {
      "name": "Harry Preiß",
      "telecom": [
        {
          "system": "email",
          "value": "harry.preiss@medicalsyn.com",
          "use": "work"
        }
      ]
    },
    {
      "name": "Marcel Susky",
      "telecom": [
        {
          "system": "email",
          "value": "marcel.susky@tu-dresden.de",
          "use": "work"
        }
      ]
    }
  ],
  "jurisdiction": [
    {
      "coding": [
        {
          "system": "urn:iso:std:iso:3166",
          "code": "DE",
          "display": "Germany"
        }
      ]
    }
  ],
  "kind": "Task",
  "doNotPerform": false
}