<?xml version="1.0" encoding="UTF-8"?>

<ActivityDefinition xmlns="http://hl7.org/fhir">
  <id value="Q4MSTherapiespezifischeDiagnostikActivity"/>
  <text>
    <status value="generated"/><div xmlns="http://www.w3.org/1999/xhtml"><p><b>Generated Narrative</b></p><div style="display: inline-block; background-color: #d9e0e7; padding: 6px; margin: 4px; border: 1px solid #8da1b4; border-radius: 5px; line-height: 60%"><p style="margin-bottom: 0px">Resource "Q4MSTherapiespezifischeDiagnostikActivity" </p></div><p><b>url</b>: <code>http://qpath.ukdd.de/ActivityDefinition/Q4MSTherapiespezifischeDiagnostikActivity</code></p><p><b>version</b>: 0.1.0</p><p><b>status</b>: draft</p><p><b>experimental</b>: true</p><p><b>date</b>: 2021-12-22T13:43:58+01:00</p><p><b>publisher</b>: QPath4MS</p><p><b>contact</b>: QPath4MS: <a href="http://qpath.ukdd.de">http://qpath.ukdd.de</a></p><p><b>kind</b>: ServiceRequest</p><p><b>doNotPerform</b>: false</p></div>
  </text>
  <url value="http://qpath.ukdd.de/ActivityDefinition/Q4MSTherapiespezifischeDiagnostikActivity"/>
  <version value="0.1.0"/>
  <status value="draft"/>
  <experimental value="true"/>
  <date value="2021-12-22T13:43:58+01:00"/>
  <publisher value="QPath4MS"/>
  <contact>
    <name value="QPath4MS"/>
    <telecom>
      <system value="url"/>
      <value value="http://qpath.ukdd.de"/>
    </telecom>
  </contact>
  <kind value="ServiceRequest"/>
  <doNotPerform value="false"/>
</ActivityDefinition>