[
  {
    "id": "fhir.qpath4ms",
    "type": "ImplementationGuide",
    "url": "http://qpath4ms.ukdd.de/ImplementationGuide/fhir.qpath4ms",
    "version": "0.1.0",
    "name": "QPath4MSIG"
  },
  {
    "id": "Q4MSAllgemeineNeurologischeAnamneseAD",
    "type": "ActivityDefinition",
    "url": "http://qpath4ms.ukdd.de/fhir/ActivityDefinition/Q4MSAllgemeineNeurologischeAnamneseAD",
    "version": "0.1.0",
    "name": "Q4MSAllgemeineNeurologischeAnamneseAD"
  },
  {
    "id": "Q4MSAuswertungAD",
    "type": "ActivityDefinition",
    "url": "http://qpath4ms.ukdd.de/fhir/ActivityDefinition/Q4MSAuswertungAD",
    "version": "0.1.0",
    "name": "Q4MSAuswertungAD"
  },
  {
    "id": "Q4MSBefundauswertungAD",
    "type": "ActivityDefinition",
    "url": "http://qpath4ms.ukdd.de/fhir/ActivityDefinition/Q4MSBefundauswertungAD",
    "version": "0.1.0",
    "name": "Q4MSBefundauswertungAD"
  },
  {
    "id": "Q4MSDokumenteAbfragenAD",
    "type": "ActivityDefinition",
    "url": "http://qpath4ms.ukdd.de/fhir/ActivityDefinition/Q4MSDokumenteAbfragenAD",
    "version": "0.1.0",
    "name": "Q4MSDokumenteAbfragenAD"
  },
  {
    "id": "Q4MSDokumenteUebermittelnAD",
    "type": "ActivityDefinition",
    "url": "http://qpath4ms.ukdd.de/fhir/ActivityDefinition/Q4MSDokumenteUebermittelnAD",
    "version": "0.1.0",
    "name": "Q4MSDokumenteUebermittelnAD"
  },
  {
    "id": "Q4MSExpandedDisabilityStatusScaleAD",
    "type": "ActivityDefinition",
    "url": "http://qpath4ms.ukdd.de/fhir/ActivityDefinition/Q4MSExpandedDisabilityStatusScaleAD",
    "version": "0.1.0",
    "name": "Q4MSExpandedDisabilityStatusScaleAD"
  },
  {
    "id": "Q4MSGanganalyseAD",
    "type": "ActivityDefinition",
    "url": "http://qpath4ms.ukdd.de/fhir/ActivityDefinition/Q4MSGanganalyseAD",
    "version": "0.1.0",
    "name": "Q4MSGanganalyseAD"
  },
  {
    "id": "Q4MSLaboruntersuchungAD",
    "type": "ActivityDefinition",
    "url": "http://qpath4ms.ukdd.de/fhir/ActivityDefinition/Q4MSLaboruntersuchungAD",
    "version": "0.1.0",
    "name": "Q4MSLaboruntersuchungAD"
  },
  {
    "id": "Q4MSMagnetresonanztomographieAD",
    "type": "ActivityDefinition",
    "url": "http://qpath4ms.ukdd.de/fhir/ActivityDefinition/Q4MSMagnetresonanztomographieAD",
    "version": "0.1.0",
    "name": "Q4MSMagnetresonanztomographieAD"
  },
  {
    "id": "Q4MSMultipleSclerosisPerformanceTestAD",
    "type": "ActivityDefinition",
    "url": "http://qpath4ms.ukdd.de/fhir/ActivityDefinition/Q4MSMultipleSclerosisPerformanceTestAD",
    "version": "0.1.0",
    "name": "Q4MSMultipleSclerosisPerformanceTestAD"
  },
  {
    "id": "Q4MSOptischeKohaerenztomographieAD",
    "type": "ActivityDefinition",
    "url": "http://qpath4ms.ukdd.de/fhir/ActivityDefinition/Q4MSOptischeKohaerenztomographieAD",
    "version": "0.1.0",
    "name": "Q4MSOptischeKohaerenztomographieAD"
  },
  {
    "id": "Q4MSTerminvereinbarungAD",
    "type": "ActivityDefinition",
    "url": "http://qpath4ms.ukdd.de/fhir/ActivityDefinition/Q4MSTerminvereinbarungAD",
    "version": "0.1.0",
    "name": "Q4MSTerminvereinbarungAD"
  },
  {
    "id": "Q4MSTherapiespezifischeDiagnostikAD",
    "type": "ActivityDefinition",
    "url": "http://qpath4ms.ukdd.de/fhir/ActivityDefinition/Q4MSTherapiespezifischeDiagnostikAD",
    "version": "0.1.0",
    "name": "Q4MSTherapiespezifischeDiagnostikAD"
  },
  {
    "id": "Q4MSAnfragekategorie",
    "type": "CodeSystem",
    "url": "http://qpath4ms.ukdd.de/fhir/CodeSystem/Q4MSAnfragekategorie",
    "version": "0.1.0",
    "name": "Q4MSAnfragekategorie"
  },
  {
    "id": "Q4MSDokumentanforderungkategorie",
    "type": "CodeSystem",
    "url": "http://qpath4ms.ukdd.de/fhir/CodeSystem/Q4MSDokumentanforderungkategorie",
    "version": "0.1.0",
    "name": "Q4MSDokumentanforderungkategorie"
  },
  {
    "id": "Q4MSTerminanfragekategorie",
    "type": "CodeSystem",
    "url": "http://qpath4ms.ukdd.de/fhir/CodeSystem/Q4MSTerminanfragekategorie",
    "version": "0.1.0",
    "name": "Q4MSTerminanfragekategorie"
  },
  {
    "id": "Q4MSArztbriefanfrage",
    "type": "MessageDefinition",
    "url": "http://qpath4ms.ukdd.de/fhir/MessageDefinition/Q4MSArztbriefanfrage",
    "version": "0.1.0"
  },
  {
    "id": "Q4MSTerminanfrage",
    "type": "MessageDefinition",
    "url": "http://qpath4ms.ukdd.de/fhir/MessageDefinition/Q4MSTerminanfrage",
    "version": "0.1.0"
  },
  {
    "id": "Q4MSAllgemeineNeurologischeAnamnese",
    "type": "PlanDefinition",
    "url": "http://qpath4ms.ukdd.de/fhir/PlanDefinition/Q4MSAllgemeineNeurologischeAnamnese",
    "version": "0.1.0"
  },
  {
    "id": "Q4MSAllgemeineNeurologischeUntersuchung",
    "type": "PlanDefinition",
    "url": "http://qpath4ms.ukdd.de/fhir/PlanDefinition/Q4MSAllgemeineNeurologischeUntersuchung",
    "version": "0.1.0"
  },
  {
    "id": "Q4MSArztvorstellung",
    "type": "PlanDefinition",
    "url": "http://qpath4ms.ukdd.de/fhir/PlanDefinition/Q4MSArztvorstellung",
    "version": "0.1.0"
  },
  {
    "id": "Q4MSAuswertung",
    "type": "PlanDefinition",
    "url": "http://qpath4ms.ukdd.de/fhir/PlanDefinition/Q4MSAuswertung",
    "version": "0.1.0"
  },
  {
    "id": "Q4MSBasismonitoring",
    "type": "PlanDefinition",
    "url": "http://qpath4ms.ukdd.de/fhir/PlanDefinition/Q4MSBasismonitoring",
    "version": "0.1.0"
  },
  {
    "id": "Q4MSBefundauswertung",
    "type": "PlanDefinition",
    "url": "http://qpath4ms.ukdd.de/fhir/PlanDefinition/Q4MSBefundauswertung",
    "version": "0.1.0"
  },
  {
    "id": "Q4MSDokumenteAbfragenPatient",
    "type": "PlanDefinition",
    "url": "http://qpath4ms.ukdd.de/fhir/PlanDefinition/Q4MSDokumenteAbfragenPatient",
    "version": "0.1.0"
  },
  {
    "id": "Q4MSDokumenteUebermittelnArzt",
    "type": "PlanDefinition",
    "url": "http://qpath4ms.ukdd.de/fhir/PlanDefinition/Q4MSDokumenteUebermittelnArzt",
    "version": "0.1.0"
  },
  {
    "id": "Q4MSDokumenteUebermittelnPatient",
    "type": "PlanDefinition",
    "url": "http://qpath4ms.ukdd.de/fhir/PlanDefinition/Q4MSDokumenteUebermittelnPatient",
    "version": "0.1.0"
  },
  {
    "id": "Q4MSEntlassung",
    "type": "PlanDefinition",
    "url": "http://qpath4ms.ukdd.de/fhir/PlanDefinition/Q4MSEntlassung",
    "version": "0.1.0"
  },
  {
    "id": "Q4MSGanganalyse",
    "type": "PlanDefinition",
    "url": "http://qpath4ms.ukdd.de/fhir/PlanDefinition/Q4MSGanganalyse",
    "version": "0.1.0"
  },
  {
    "id": "Q4MSLaboruntersuchung",
    "type": "PlanDefinition",
    "url": "http://qpath4ms.ukdd.de/fhir/PlanDefinition/Q4MSLaboruntersuchung",
    "version": "0.1.0"
  },
  {
    "id": "Q4MSMagnetresonanztomographie",
    "type": "PlanDefinition",
    "url": "http://qpath4ms.ukdd.de/fhir/PlanDefinition/Q4MSMagnetresonanztomographie",
    "version": "0.1.0"
  },
  {
    "id": "Q4MSMultipleSclerosisPerformanceTest",
    "type": "PlanDefinition",
    "url": "http://qpath4ms.ukdd.de/fhir/PlanDefinition/Q4MSMultipleSclerosisPerformanceTest",
    "version": "0.1.0"
  },
  {
    "id": "Q4MSOptischeKohaerenztomographie",
    "type": "PlanDefinition",
    "url": "http://qpath4ms.ukdd.de/fhir/PlanDefinition/Q4MSOptischeKohaerenztomographie",
    "version": "0.1.0"
  },
  {
    "id": "Q4MSTerminvereinbarung",
    "type": "PlanDefinition",
    "url": "http://qpath4ms.ukdd.de/fhir/PlanDefinition/Q4MSTerminvereinbarung",
    "version": "0.1.0"
  },
  {
    "id": "Q4MSTherapiespezifischeDiagnostik",
    "type": "PlanDefinition",
    "url": "http://qpath4ms.ukdd.de/fhir/PlanDefinition/Q4MSTherapiespezifischeDiagnostik",
    "version": "0.1.0"
  },
  {
    "id": "Q4MSVorstellung",
    "type": "PlanDefinition",
    "url": "http://qpath4ms.ukdd.de/fhir/PlanDefinition/Q4MSVorstellung",
    "version": "0.1.0"
  },
  {
    "id": "Q4MSVoruntersuchung",
    "type": "PlanDefinition",
    "url": "http://qpath4ms.ukdd.de/fhir/PlanDefinition/Q4MSVoruntersuchung",
    "version": "0.1.0"
  },
  {
    "id": "Q4MSZusatzdiagnostik",
    "type": "PlanDefinition",
    "url": "http://qpath4ms.ukdd.de/fhir/PlanDefinition/Q4MSZusatzdiagnostik",
    "version": "0.1.0"
  },
  {
    "id": "Q4MSArztbriefProfile",
    "type": "StructureDefinition",
    "url": "http://qpath4ms.ukdd.de/fhir/StructureDefinition/Q4MSArztbriefProfile",
    "version": "0.1.0",
    "name": "Q4MSArztbriefProfile"
  },
  {
    "id": "Q4MSBefundProfile",
    "type": "StructureDefinition",
    "url": "http://qpath4ms.ukdd.de/fhir/StructureDefinition/Q4MSBefundProfile",
    "version": "0.1.0",
    "name": "Q4MSBefundProfile"
  },
  {
    "id": "Q4MSDokumentProfile",
    "type": "StructureDefinition",
    "url": "http://qpath4ms.ukdd.de/fhir/StructureDefinition/Q4MSDokumentProfile",
    "version": "0.1.0",
    "name": "Q4MSDokumentProfile"
  },
  {
    "id": "Q4MSDokumentanforderungProfile",
    "type": "StructureDefinition",
    "url": "http://qpath4ms.ukdd.de/fhir/StructureDefinition/Q4MSDokumentanforderungProfile",
    "version": "0.1.0",
    "name": "Q4MSDokumentanforderungProfile"
  },
  {
    "id": "Q4MSKonsiliarberichtProfile",
    "type": "StructureDefinition",
    "url": "http://qpath4ms.ukdd.de/fhir/StructureDefinition/Q4MSKonsiliarberichtProfile",
    "version": "0.1.0",
    "name": "Q4MSKonsiliarberichtProfile"
  },
  {
    "id": "Q4MSLaborergebnisProfile",
    "type": "StructureDefinition",
    "url": "http://qpath4ms.ukdd.de/fhir/StructureDefinition/Q4MSLaborergebnisProfile",
    "version": "0.1.0",
    "name": "Q4MSLaborergebnisProfile"
  },
  {
    "id": "Q4MSRezeptProfile",
    "type": "StructureDefinition",
    "url": "http://qpath4ms.ukdd.de/fhir/StructureDefinition/Q4MSRezeptProfile",
    "version": "0.1.0",
    "name": "Q4MSRezeptProfile"
  },
  {
    "id": "Q4MSSonstigesDokumentProfile",
    "type": "StructureDefinition",
    "url": "http://qpath4ms.ukdd.de/fhir/StructureDefinition/Q4MSSonstigesDokumentProfile",
    "version": "0.1.0",
    "name": "Q4MSSonstigesDokumentProfile"
  },
  {
    "id": "Q4MSTerminvereinbarungProfile",
    "type": "StructureDefinition",
    "url": "http://qpath4ms.ukdd.de/fhir/StructureDefinition/Q4MSTerminvereinbarungProfile",
    "version": "0.1.0",
    "name": "Q4MSTerminvereinbarungProfile"
  },
  {
    "id": "Q4MSActivityDefinitionTaskTransform",
    "type": "StructureMap",
    "url": "http://qpath4ms.ukdd.de/fhir/StructureMap/Q4MSActivityDefinitionTaskTransform",
    "version": "0.1.0",
    "name": "Transformiert eine ActivityDefinition in einen Task"
  },
  {
    "id": "Q4MSAnfragekategorieVS",
    "type": "ValueSet",
    "url": "http://qpath4ms.ukdd.de/fhir/ValueSet/Q4MSAnfragekategorieVS",
    "version": "0.1.0",
    "name": "Q4MSAnfragekategorieVS"
  },
  {
    "id": "Q4MSDokumentanforderungkategorieVS",
    "type": "ValueSet",
    "url": "http://qpath4ms.ukdd.de/fhir/ValueSet/Q4MSDokumentanforderungkategorieVS",
    "version": "0.1.0",
    "name": "Q4MSDokumentanforderungkategorieVS"
  },
  {
    "id": "Q4MSTerminanfragekategorieVS",
    "type": "ValueSet",
    "url": "http://qpath4ms.ukdd.de/fhir/ValueSet/Q4MSTerminanfragekategorieVS",
    "version": "0.1.0",
    "name": "Q4MSTerminanfragekategorieVS"
  }
]