[
  {
    "id": "Q4MSAllgemeineNeurologischeAnamnese",
    "type": "PlanDefinition",
    "url": "http://pathway-fgdh.wiwi.tu-dresden.de/fhir/PlanDefinition/q4ms-allgemeine-neurologische-anamnese",
    "version": "0.1.0"
  },
  {
    "id": "Q4MSAllgemeineNeurologischeUntersuchung",
    "type": "PlanDefinition",
    "url": "http://pathway-fgdh.wiwi.tu-dresden.de/fhir/PlanDefinition/q4ms-allgemeine-neurologische-untersuchung",
    "version": "0.1.0"
  },
  {
    "id": "Q4MSArztvorstellung",
    "type": "PlanDefinition",
    "url": "http://pathway-fgdh.wiwi.tu-dresden.de/fhir/PlanDefinition/q4ms-arztvorstellung",
    "version": "0.1.0"
  },
  {
    "id": "Q4MSAuswertung",
    "type": "PlanDefinition",
    "url": "http://pathway-fgdh.wiwi.tu-dresden.de/fhir/PlanDefinition/q4ms-auswertung",
    "version": "0.1.0"
  },
  {
    "id": "Q4MSBasismonitoring",
    "type": "PlanDefinition",
    "url": "http://pathway-fgdh.wiwi.tu-dresden.de/fhir/PlanDefinition/q4ms-basismonitoring",
    "version": "0.1.0"
  },
  {
    "id": "Q4MSBefundauswertung",
    "type": "PlanDefinition",
    "url": "http://pathway-fgdh.wiwi.tu-dresden.de/fhir/PlanDefinition/q4ms-befundauswertung",
    "version": "0.1.0"
  },
  {
    "id": "Q4MSDokumenteAbfragenPatient",
    "type": "PlanDefinition",
    "url": "http://pathway-fgdh.wiwi.tu-dresden.de/fhir/PlanDefinition/q4ms-dokumente-abfragen-patient",
    "version": "0.1.0"
  },
  {
    "id": "Q4MSDokumenteUebermittelnArzt",
    "type": "PlanDefinition",
    "url": "http://pathway-fgdh.wiwi.tu-dresden.de/fhir/PlanDefinition/q4ms-dokumente-uebermitteln-arzt",
    "version": "0.1.0"
  },
  {
    "id": "Q4MSDokumenteUebermittelnPatient",
    "type": "PlanDefinition",
    "url": "http://pathway-fgdh.wiwi.tu-dresden.de/fhir/PlanDefinition/q4ms-dokumente-uebermitteln-patient",
    "version": "0.1.0"
  },
  {
    "id": "Q4MSEntlassung",
    "type": "PlanDefinition",
    "url": "http://pathway-fgdh.wiwi.tu-dresden.de/fhir/PlanDefinition/q4ms-entlassung",
    "version": "0.1.0"
  },
  {
    "id": "Q4MSGanganalyse",
    "type": "PlanDefinition",
    "url": "http://pathway-fgdh.wiwi.tu-dresden.de/fhir/PlanDefinition/q4ms-ganganalyse",
    "version": "0.1.0"
  },
  {
    "id": "Q4MSLaboruntersuchung",
    "type": "PlanDefinition",
    "url": "http://pathway-fgdh.wiwi.tu-dresden.de/fhir/PlanDefinition/q4ms-laboruntersuchung",
    "version": "0.1.0"
  },
  {
    "id": "Q4MSMagnetresonanztomographie",
    "type": "PlanDefinition",
    "url": "http://pathway-fgdh.wiwi.tu-dresden.de/fhir/PlanDefinition/q4ms-magnetresonanztomographie",
    "version": "0.1.0"
  },
  {
    "id": "Q4MSMultipleSclerosisPerformanceTest",
    "type": "PlanDefinition",
    "url": "http://pathway-fgdh.wiwi.tu-dresden.de/fhir/PlanDefinition/q4ms-multiple-sclerosis-performance-test",
    "version": "0.1.0"
  },
  {
    "id": "Q4MSOptischeKoheraenztomographie",
    "type": "PlanDefinition",
    "url": "http://pathway-fgdh.wiwi.tu-dresden.de/fhir/PlanDefinition/q4ms-optische-koheraenztomographie",
    "version": "0.1.0"
  },
  {
    "id": "Q4MSTerminvereinbarung",
    "type": "PlanDefinition",
    "url": "http://pathway-fgdh.wiwi.tu-dresden.de/fhir/PlanDefinition/q4ms-terminvereinbarung",
    "version": "0.1.0"
  },
  {
    "id": "Q4MSTherapiespezifischeDiagnostik",
    "type": "PlanDefinition",
    "url": "http://pathway-fgdh.wiwi.tu-dresden.de/fhir/PlanDefinition/q4ms-therapiespezifische-diagnostik",
    "version": "0.1.0"
  },
  {
    "id": "Q4MSVorstellung",
    "type": "PlanDefinition",
    "url": "http://pathway-fgdh.wiwi.tu-dresden.de/fhir/PlanDefinition/q4ms-vorstellung",
    "version": "0.1.0"
  },
  {
    "id": "Q4MSVoruntersuchung",
    "type": "PlanDefinition",
    "url": "http://pathway-fgdh.wiwi.tu-dresden.de/fhir/PlanDefinition/q4ms-voruntersuchung",
    "version": "0.1.0"
  },
  {
    "id": "Q4MSZusatzdiagnostik",
    "type": "PlanDefinition",
    "url": "http://pathway-fgdh.wiwi.tu-dresden.de/fhir/PlanDefinition/q4ms-zusatzdiagnostik",
    "version": "0.1.0"
  },
  {
    "id": "Q4MSAllgemeineNeurologischeAnamneseActivity",
    "type": "ActivityDefinition",
    "url": "http://qpath.ukdd.de/ActivityDefinition/Q4MSAllgemeineNeurologischeAnamneseActivity",
    "version": "0.1.0"
  },
  {
    "id": "Q4MSAuswertungActivity",
    "type": "ActivityDefinition",
    "url": "http://qpath.ukdd.de/ActivityDefinition/Q4MSAuswertungActivity",
    "version": "0.1.0"
  },
  {
    "id": "Q4MSBefundauswertungActivity",
    "type": "ActivityDefinition",
    "url": "http://qpath.ukdd.de/ActivityDefinition/Q4MSBefundauswertungActivity",
    "version": "0.1.0"
  },
  {
    "id": "Q4MSDokumenteAbfragenActivity",
    "type": "ActivityDefinition",
    "url": "http://qpath.ukdd.de/ActivityDefinition/Q4MSDokumenteAbfragenActivity",
    "version": "0.1.0"
  },
  {
    "id": "Q4MSDokumenteUebermittelnActivity",
    "type": "ActivityDefinition",
    "url": "http://qpath.ukdd.de/ActivityDefinition/Q4MSDokumenteUebermittelnActivity",
    "version": "0.1.0"
  },
  {
    "id": "Q4MSExpandedDisabilityStatusScaleActivity",
    "type": "ActivityDefinition",
    "url": "http://qpath.ukdd.de/ActivityDefinition/Q4MSExpandedDisabilityStatusScaleActivity",
    "version": "0.1.0"
  },
  {
    "id": "Q4MSGanganalyseActivity",
    "type": "ActivityDefinition",
    "url": "http://qpath.ukdd.de/ActivityDefinition/Q4MSGanganalyseActivity",
    "version": "0.1.0"
  },
  {
    "id": "Q4MSLaboruntersuchungActivity",
    "type": "ActivityDefinition",
    "url": "http://qpath.ukdd.de/ActivityDefinition/Q4MSLaboruntersuchungActivity",
    "version": "0.1.0"
  },
  {
    "id": "Q4MSMagnetresonanztomographieActivity",
    "type": "ActivityDefinition",
    "url": "http://qpath.ukdd.de/ActivityDefinition/Q4MSMagnetresonanztomographieActivity",
    "version": "0.1.0"
  },
  {
    "id": "Q4MSMultipleSclerosisPerformanceTestActivity",
    "type": "ActivityDefinition",
    "url": "http://qpath.ukdd.de/ActivityDefinition/Q4MSMultipleSclerosisPerformanceTestActivity",
    "version": "0.1.0"
  },
  {
    "id": "Q4MSOptischeKoheraenztomographieActivity",
    "type": "ActivityDefinition",
    "url": "http://qpath.ukdd.de/ActivityDefinition/Q4MSOptischeKoheraenztomographieActivity",
    "version": "0.1.0"
  },
  {
    "id": "Q4MSTerminvereinbarungActivity",
    "type": "ActivityDefinition",
    "url": "http://qpath.ukdd.de/ActivityDefinition/Q4MSTerminvereinbarungActivity",
    "version": "0.1.0"
  },
  {
    "id": "Q4MSTherapiespezifischeDiagnostikActivity",
    "type": "ActivityDefinition",
    "url": "http://qpath.ukdd.de/ActivityDefinition/Q4MSTherapiespezifischeDiagnostikActivity",
    "version": "0.1.0"
  },
  {
    "id": "fhir.qpath4ms",
    "type": "ImplementationGuide",
    "url": "http://qpath.ukdd.de/ImplementationGuide/fhir.qpath4ms",
    "version": "0.1.0",
    "name": "QPath4MSIG"
  },
  {
    "id": "Q4MSArztbriefanfrage",
    "type": "MessageDefinition",
    "url": "http://qpath.ukdd.de/MessageDefinition/Q4MSArztbriefanfrage",
    "version": "0.1.0"
  },
  {
    "id": "Q4MSTerminanfrage",
    "type": "MessageDefinition",
    "url": "http://qpath.ukdd.de/MessageDefinition/Q4MSTerminanfrage",
    "version": "0.1.0"
  },
  {
    "id": "Q4MSArztbriefProfile",
    "type": "StructureDefinition",
    "url": "http://qpath.ukdd.de/StructureDefinition/Q4MSArztbriefProfile",
    "version": "0.1.0",
    "name": "Q4MSArztbriefProfile"
  },
  {
    "id": "Q4MSBefundProfile",
    "type": "StructureDefinition",
    "url": "http://qpath.ukdd.de/StructureDefinition/Q4MSBefundProfile",
    "version": "0.1.0",
    "name": "Q4MSBefundProfile"
  },
  {
    "id": "Q4MSDokumentProfile",
    "type": "StructureDefinition",
    "url": "http://qpath.ukdd.de/StructureDefinition/Q4MSDokumentProfile",
    "version": "0.1.0",
    "name": "Q4MSDokumentProfile"
  },
  {
    "id": "Q4MSDokumentanforderungProfile",
    "type": "StructureDefinition",
    "url": "http://qpath.ukdd.de/StructureDefinition/Q4MSDokumentanforderungProfile",
    "version": "0.1.0",
    "name": "Q4MSDokumentanforderungProfile"
  },
  {
    "id": "Q4MSKonsiliarberichtProfile",
    "type": "StructureDefinition",
    "url": "http://qpath.ukdd.de/StructureDefinition/Q4MSKonsiliarberichtProfile",
    "version": "0.1.0",
    "name": "Q4MSKonsiliarberichtProfile"
  },
  {
    "id": "Q4MSLaborergebnisProfile",
    "type": "StructureDefinition",
    "url": "http://qpath.ukdd.de/StructureDefinition/Q4MSLaborergebnisProfile",
    "version": "0.1.0",
    "name": "Q4MSLaborergebnisProfile"
  },
  {
    "id": "Q4MSRezeptProfile",
    "type": "StructureDefinition",
    "url": "http://qpath.ukdd.de/StructureDefinition/Q4MSRezeptProfile",
    "version": "0.1.0",
    "name": "Q4MSRezeptProfile"
  },
  {
    "id": "Q4MSSonstigesDokumentProfile",
    "type": "StructureDefinition",
    "url": "http://qpath.ukdd.de/StructureDefinition/Q4MSSonstigesDokumentProfile",
    "version": "0.1.0",
    "name": "Q4MSSonstigesDokumentProfile"
  },
  {
    "id": "Q4MSTerminvereinbarungProfile",
    "type": "StructureDefinition",
    "url": "http://qpath.ukdd.de/StructureDefinition/Q4MSTerminvereinbarungProfile",
    "version": "0.1.0",
    "name": "Q4MSTerminvereinbarungProfile"
  },
  {
    "id": "q4ms-anfragekategorie",
    "type": "CodeSystem",
    "url": "http://terminology-fgdh.wiwi.tu-dresden.de/fhir/CodeSystem/q4ms-anfragekategorie",
    "version": "0.1.0",
    "name": "Q4MSAnfragekategorie"
  },
  {
    "id": "q4ms-dokumentanforderungkategorie",
    "type": "CodeSystem",
    "url": "http://terminology-fgdh.wiwi.tu-dresden.de/fhir/CodeSystem/q4ms-dokumentanforderungkategorie",
    "version": "0.1.0",
    "name": "Q4MSDokumentanforderungkategorie"
  },
  {
    "id": "q4ms-terminanfragekategorie",
    "type": "CodeSystem",
    "url": "http://terminology-fgdh.wiwi.tu-dresden.de/fhir/CodeSystem/q4ms-terminanfragekategorie",
    "version": "0.1.0",
    "name": "Q4MSTerminanfragekategorie"
  },
  {
    "id": "q4ms-anfragekategorie-vs",
    "type": "ValueSet",
    "url": "http://terminology-fgdh.wiwi.tu-dresden.de/fhir/ValueSet/q4ms-anfragekategorie-vs",
    "version": "0.1.0",
    "name": "Q4MSAnfragekategorieVS"
  },
  {
    "id": "q4ms-dokumentanforderungkategorie-vs",
    "type": "ValueSet",
    "url": "http://terminology-fgdh.wiwi.tu-dresden.de/fhir/ValueSet/q4ms-dokumentanforderungkategorie-vs",
    "version": "0.1.0",
    "name": "Q4MSDokumentanforderungkategorieVS"
  },
  {
    "id": "q4ms-terminanfragekategorie-vs",
    "type": "ValueSet",
    "url": "http://terminology-fgdh.wiwi.tu-dresden.de/fhir/ValueSet/q4ms-terminanfragekategorie-vs",
    "version": "0.1.0",
    "name": "Q4MSTerminanfragekategorieVS"
  }
]