{
  "resourceType": "CarePlan",
  "id": "BasismonitoringExampleCP",
  "text": {
    "status": "generated",
    "div": "<div xmlns=\"http://www.w3.org/1999/xhtml\"><p><b>Generated Narrative</b></p><div style=\"display: inline-block; background-color: #d9e0e7; padding: 6px; margin: 4px; border: 1px solid #8da1b4; border-radius: 5px; line-height: 60%\"><p style=\"margin-bottom: 0px\">Resource \"BasismonitoringExampleCP\" </p></div><p><b>instantiatesCanonical</b>: <a href=\"PlanDefinition-Q4MSBasismonitoring.html\">PlanDefinition[http://qpath4ms.ukdd.de/fhir/PlanDefinition/q4ms-basismonitoring]</a></p><p><b>status</b>: draft</p><p><b>intent</b>: plan</p><p><b>subject</b>: <a href=\"Patient-PatientJohnDoe.html\">Patient/PatientJohnDoe</a> \" DOE\"</p><h3>Activities</h3><table class=\"grid\"><tr><td>-</td><td><b>Reference</b></td></tr><tr><td>*</td><td><a name=\"BasismonitoringExampleRG\"> </a><blockquote><div style=\"display: inline-block; background-color: #d9e0e7; padding: 6px; margin: 4px; border: 1px solid #8da1b4; border-radius: 5px; line-height: 60%\"><p style=\"margin-bottom: 0px\">Resource \"BasismonitoringExampleRG\" </p></div><p><b>instantiatesCanonical</b>: <a href=\"PlanDefinition-Q4MSBasismonitoring.html\">PlanDefinition[http://qpath4ms.ukdd.de/fhir/PlanDefinition/q4ms-basismonitoring]</a></p><p><b>status</b>: draft</p><p><b>intent</b>: plan</p><p><b>subject</b>: <a href=\"Patient-PatientJohnDoe.html\">Patient/PatientJohnDoe</a> \" DOE\"</p><blockquote><p><b>action</b></p><p><b>groupingBehavior</b>: logical-group</p><p><b>selectionBehavior</b>: all</p><p><b>requiredBehavior</b>: must-unless-documented</p><p><b>cardinalityBehavior</b>: multiple</p><blockquote><p><b>action</b></p><p><b>title</b>: Vorstellung</p><p><b>description</b>: Erst- und Wiedervostellung</p><p><b>resource</b>: <a href=\"CarePlan-VorstellungExampleCP.html\">CarePlan/VorstellungExampleCP</a></p></blockquote><blockquote><p><b>action</b></p><p><b>title</b>: Voruntersuchung</p><p><b>description</b>: Diagnostische Voruntersuchungen durchführen</p><p><b>resource</b>: <a href=\"CarePlan-VoruntersuchungExampleCP.html\">CarePlan/VoruntersuchungExampleCP</a></p></blockquote><blockquote><p><b>action</b></p><p><b>title</b>: Arztvorstellung</p><p><b>description</b>: Voruntersuchungen auswerten und Therapiemaßnahmen ableiten</p><p><b>resource</b>: <a href=\"CarePlan-ArztvorstellungExampleCP.html\">CarePlan/ArztvorstellungExampleCP</a></p></blockquote><blockquote><p><b>action</b></p><p><b>title</b>: Entlassung</p><p><b>description</b>: Patient nach Hause entlassen</p><p><b>resource</b>: <a href=\"CarePlan-EntlassungExampleCP.html\">CarePlan/EntlassungExampleCP</a></p></blockquote></blockquote></blockquote></td></tr></table></div>"
  },
  "contained": [
    {
      "resourceType": "RequestGroup",
      "id": "BasismonitoringExampleRG",
      "instantiatesCanonical": [
        "http://qpath4ms.ukdd.de/fhir/PlanDefinition/q4ms-basismonitoring"
      ],
      "status": "draft",
      "intent": "plan",
      "subject": {
        "reference": "Patient/PatientJohnDoe"
      },
      "action": [
        {
          "groupingBehavior": "logical-group",
          "selectionBehavior": "all",
          "requiredBehavior": "must-unless-documented",
          "cardinalityBehavior": "multiple",
          "action": [
            {
              "id": "admission",
              "title": "Vorstellung",
              "description": "Erst- und Wiedervostellung",
              "resource": {
                "reference": "CarePlan/VorstellungExampleCP"
              }
            },
            {
              "id": "diagnostic-testing",
              "title": "Voruntersuchung",
              "description": "Diagnostische Voruntersuchungen durchführen",
              "relatedAction": [
                {
                  "actionId": "admission",
                  "relationship": "after-end"
                }
              ],
              "resource": {
                "reference": "CarePlan/VoruntersuchungExampleCP"
              }
            },
            {
              "id": "examination",
              "title": "Arztvorstellung",
              "description": "Voruntersuchungen auswerten und Therapiemaßnahmen ableiten",
              "relatedAction": [
                {
                  "actionId": "diagnostic-testing",
                  "relationship": "after-end"
                }
              ],
              "resource": {
                "reference": "CarePlan/ArztvorstellungExampleCP"
              }
            },
            {
              "id": "discharge",
              "title": "Entlassung",
              "description": "Patient nach Hause entlassen",
              "relatedAction": [
                {
                  "actionId": "examination",
                  "relationship": "after-end"
                }
              ],
              "resource": {
                "reference": "CarePlan/EntlassungExampleCP"
              }
            }
          ]
        }
      ]
    }
  ],
  "instantiatesCanonical": [
    "http://qpath4ms.ukdd.de/fhir/PlanDefinition/q4ms-basismonitoring"
  ],
  "status": "draft",
  "intent": "plan",
  "subject": {
    "reference": "Patient/PatientJohnDoe"
  },
  "activity": [
    {
      "reference": {
        "reference": "#BasismonitoringExampleRG"
      }
    }
  ]
}