<?xml version="1.0" encoding="UTF-8"?>

<CarePlan xmlns="http://hl7.org/fhir">
  <id value="ArztvorstellungExampleCP"/>
  <text>
    <status value="generated"/><div xmlns="http://www.w3.org/1999/xhtml"><p><b>Generated Narrative</b></p><div style="display: inline-block; background-color: #d9e0e7; padding: 6px; margin: 4px; border: 1px solid #8da1b4; border-radius: 5px; line-height: 60%"><p style="margin-bottom: 0px">Resource "ArztvorstellungExampleCP" </p></div><p><b>instantiatesCanonical</b>: <a href="PlanDefinition-Q4MSArztvorstellung.html">Q4MSArztvorstellung</a></p><p><b>status</b>: draft</p><p><b>intent</b>: option</p><p><b>subject</b>: <a href="Patient-PatientJohnDoe.html">Patient/PatientJohnDoe</a> " DOE"</p><h3>Activities</h3><table class="grid"><tr><td>-</td><td><b>Reference</b></td></tr><tr><td>*</td><td><a name="ArztvorstellungExampleRG"> </a><blockquote><div style="display: inline-block; background-color: #d9e0e7; padding: 6px; margin: 4px; border: 1px solid #8da1b4; border-radius: 5px; line-height: 60%"><p style="margin-bottom: 0px">Resource "ArztvorstellungExampleRG" </p></div><p><b>instantiatesCanonical</b>: <a href="PlanDefinition-Q4MSArztvorstellung.html">Q4MSArztvorstellung</a></p><p><b>status</b>: draft</p><p><b>intent</b>: plan</p><p><b>subject</b>: <a href="Patient-PatientJohnDoe.html">Patient/PatientJohnDoe</a> " DOE"</p><blockquote><p><b>action</b></p><p><b>groupingBehavior</b>: logical-group</p><p><b>selectionBehavior</b>: all</p><p><b>requiredBehavior</b>: must-unless-documented</p><p><b>cardinalityBehavior</b>: single</p><h3>Actions</h3><table class="grid"><tr><td>-</td><td><b>Title</b></td><td><b>Resource</b></td></tr><tr><td>*</td><td>Allgemeine und neurologische Untersuchung</td><td><a href="CarePlan-AllgemeineNeurologischeUntersuchungExampleCP.html">CarePlan/AllgemeineNeurologischeUntersuchungExampleCP</a></td></tr><tr><td>*</td><td>Befundauswertung</td><td><a href="CarePlan-BefundauswertungExampleCP.html">CarePlan/BefundauswertungExampleCP</a></td></tr><tr><td>*</td><td>Allgemeine und neurologische Anamnese</td><td><a href="CarePlan-AllgemeineNeurologischeAnamneseExampleCP.html">CarePlan/AllgemeineNeurologischeAnamneseExampleCP</a></td></tr><tr><td>*</td><td>Therapiespezifische Diagnostik</td><td><a href="CarePlan-TherapiespezifischeDiagnostikExampleCP.html">CarePlan/TherapiespezifischeDiagnostikExampleCP</a></td></tr><tr><td>*</td><td>Zusatzdiagnostik</td><td><a href="CarePlan-ZusatzdiagnostikExampleCP.html">CarePlan/ZusatzdiagnostikExampleCP</a></td></tr></table></blockquote><blockquote><p><b>action</b></p><p><b>title</b>: Auswertung</p><h3>RelatedActions</h3><table class="grid"><tr><td>-</td><td><b>ActionId</b></td><td><b>Relationship</b></td></tr><tr><td>*</td><td>examination</td><td>after-end</td></tr></table><p><b>resource</b>: <a href="CarePlan-AuswertungExampleCP.html">CarePlan/AuswertungExampleCP</a></p></blockquote></blockquote></td></tr></table></div>
  </text>
  <contained>
    <RequestGroup>
      <id value="ArztvorstellungExampleRG"/>
      <instantiatesCanonical value="http://qpath4ms.ukdd.de/fhir/PlanDefinition/Q4MSArztvorstellung"/>
      <status value="draft"/>
      <intent value="plan"/>
      <subject>
        <reference value="Patient/PatientJohnDoe"/>
      </subject>
      <action id="examination">
        <groupingBehavior value="logical-group"/>
        <selectionBehavior value="all"/>
        <requiredBehavior value="must-unless-documented"/>
        <cardinalityBehavior value="single"/>
        <action>
          <title value="Allgemeine und neurologische Untersuchung"/>
          <resource>
            <reference value="CarePlan/AllgemeineNeurologischeUntersuchungExampleCP"/>
          </resource>
        </action>
        <action>
          <title value="Befundauswertung"/>
          <resource>
            <reference value="CarePlan/BefundauswertungExampleCP"/>
          </resource>
        </action>
        <action>
          <title value="Allgemeine und neurologische Anamnese"/>
          <resource>
            <reference value="CarePlan/AllgemeineNeurologischeAnamneseExampleCP"/>
          </resource>
        </action>
        <action>
          <title value="Therapiespezifische Diagnostik"/>
          <resource>
            <reference value="CarePlan/TherapiespezifischeDiagnostikExampleCP"/>
          </resource>
        </action>
        <action>
          <title value="Zusatzdiagnostik"/>
          <resource>
            <reference value="CarePlan/ZusatzdiagnostikExampleCP"/>
          </resource>
        </action>
      </action>
      <action>
        <title value="Auswertung"/>
        <relatedAction>
          <actionId value="examination"/>
          <relationship value="after-end"/>
        </relatedAction>
        <resource>
          <reference value="CarePlan/AuswertungExampleCP"/>
        </resource>
      </action>
    </RequestGroup>
  </contained>
  <instantiatesCanonical value="http://qpath4ms.ukdd.de/fhir/PlanDefinition/Q4MSArztvorstellung"/>
  <status value="draft"/>
  <intent value="option"/>
  <subject>
    <reference value="Patient/PatientJohnDoe"/>
  </subject>
  <activity>
    <reference>
      <reference value="#ArztvorstellungExampleRG"/>
    </reference>
  </activity>
</CarePlan>