{
  "resourceType": "CodeSystem",
  "id": "q4ms-anfragekategorie",
  "meta": {
    "profile": [
      "http://hl7.org/fhir/StructureDefinition/shareablecodesystem"
    ]
  },
  "text": {
    "status": "generated",
    "div": "<div xmlns=\"http://www.w3.org/1999/xhtml\"><p>This code system http://qpath4ms.ukdd.de/fhir/CodeSystem/q4ms-anfragekategorie defines the following codes:</p><table class=\"codes\"><tr><td style=\"white-space:nowrap\"><b>Code</b></td><td><b>Display</b></td><td><b>Definition</b></td></tr><tr><td style=\"white-space:nowrap\">drug-therapy<a name=\"q4ms-anfragekategorie-drug-therapy\"> </a></td><td>Medikamentöse Therapie</td><td>Anfrage zur medikamentösen Therapie</td></tr><tr><td style=\"white-space:nowrap\">examination<a name=\"q4ms-anfragekategorie-examination\"> </a></td><td>Untersuchung</td><td>Anfrage zu Krankenhausaufenthalt</td></tr><tr><td style=\"white-space:nowrap\">hospitalization<a name=\"q4ms-anfragekategorie-hospitalization\"> </a></td><td>Krankenhausaufenthalt</td><td>Anfrage zu Krankenhausaufenthalt</td></tr><tr><td style=\"white-space:nowrap\">infection-vaccination<a name=\"q4ms-anfragekategorie-infection-vaccination\"> </a></td><td>Infekte / Impfungen</td><td>Anfrage zu Infekten / Impfungen (z.B. Corona)</td></tr><tr><td style=\"white-space:nowrap\">non-drug-therapy<a name=\"q4ms-anfragekategorie-non-drug-therapy\"> </a></td><td>Nicht-medikamentöse Therapie</td><td>Anfrage zur nicht-medikamentösen Therapie</td></tr><tr><td style=\"white-space:nowrap\">pregnancy<a name=\"q4ms-anfragekategorie-pregnancy\"> </a></td><td>Schwangerschaft</td><td>Anfrage zu Schwangerschaft</td></tr><tr><td style=\"white-space:nowrap\">suspected-attack<a name=\"q4ms-anfragekategorie-suspected-attack\"> </a></td><td>Schubverdacht</td><td>Anfrage zu Schubverdacht / Verschlechterung der Symptome</td></tr></table></div>"
  },
  "url": "http://qpath4ms.ukdd.de/fhir/CodeSystem/q4ms-anfragekategorie",
  "version": "0.1.0",
  "name": "Q4MSAnfragekategorie",
  "title": "Anfragekategorie",
  "status": "active",
  "date": "2022-01-10T21:07:17+01:00",
  "publisher": "Forschungsgruppe Digital Health",
  "contact": [
    {
      "name": "Forschungsgruppe Digital Health",
      "telecom": [
        {
          "system": "url",
          "value": "https://tud.link/xd10"
        },
        {
          "system": "email",
          "value": "digital-health@tu-dresden.de"
        }
      ]
    },
    {
      "name": "Marcel Susky",
      "telecom": [
        {
          "system": "email",
          "value": "marcel.susky@tu-dresden.de",
          "use": "work"
        }
      ]
    }
  ],
  "description": "Deklariert Anfragekategorien",
  "jurisdiction": [
    {
      "coding": [
        {
          "system": "urn:iso:std:iso:3166",
          "code": "DE",
          "display": "Germany"
        }
      ]
    }
  ],
  "caseSensitive": true,
  "content": "complete",
  "count": 7,
  "concept": [
    {
      "code": "drug-therapy",
      "display": "Medikamentöse Therapie",
      "definition": "Anfrage zur medikamentösen Therapie"
    },
    {
      "code": "examination",
      "display": "Untersuchung",
      "definition": "Anfrage zu Krankenhausaufenthalt"
    },
    {
      "code": "hospitalization",
      "display": "Krankenhausaufenthalt",
      "definition": "Anfrage zu Krankenhausaufenthalt"
    },
    {
      "code": "infection-vaccination",
      "display": "Infekte / Impfungen",
      "definition": "Anfrage zu Infekten / Impfungen (z.B. Corona)"
    },
    {
      "code": "non-drug-therapy",
      "display": "Nicht-medikamentöse Therapie",
      "definition": "Anfrage zur nicht-medikamentösen Therapie"
    },
    {
      "code": "pregnancy",
      "display": "Schwangerschaft",
      "definition": "Anfrage zu Schwangerschaft"
    },
    {
      "code": "suspected-attack",
      "display": "Schubverdacht",
      "definition": "Anfrage zu Schubverdacht / Verschlechterung der Symptome"
    }
  ]
}