<?xml version="1.0" encoding="UTF-8"?>

<DocumentReference xmlns="http://hl7.org/fhir">
  <id value="ArztbriefExample"/>
  <meta>
    <profile value="http://qpath4ms.ukdd.de/fhir/StructureDefinition/Q4MSArztbriefProfile"/>
  </meta>
  <text>
    <status value="generated"/><div xmlns="http://www.w3.org/1999/xhtml"><p><b>Generated Narrative</b></p><div style="display: inline-block; background-color: #d9e0e7; padding: 6px; margin: 4px; border: 1px solid #8da1b4; border-radius: 5px; line-height: 60%"><p style="margin-bottom: 0px">Resource "ArztbriefExample" </p><p style="margin-bottom: 0px">Profile: <a href="StructureDefinition-Q4MSArztbriefProfile.html">Arztbrief</a></p></div><p><b>status</b>: current</p><p><b>subject</b>: <a href="Patient-PatientJohnDoe.html">Patient/PatientJohnDoe</a> " DOE"</p><blockquote><p><b>content</b></p></blockquote></div>
  </text>
  <status value="current"/>
  <subject>
    <reference value="Patient/PatientJohnDoe"/>
  </subject>
  <content>
    <attachment>
      <title value="Leeres Beispiel Attachment für einen Arztbrief"/>
    </attachment>
  </content>
</DocumentReference>