{
  "resourceType" : "Bundle",
  "id" : "acd3143e-3016-4e0a-9869-06282e0ba979",
  "meta" : {
    "lastUpdated" : "2021-12-22T11:59:55.704+01:00"
  },
  "type" : "collection",
  "entry" : [{
    "fullUrl" : "http://qpath.ukdd.de/ValueSet/q4ms-anfragekategorie-vs",
    "resource" : {
      "resourceType" : "ValueSet",
      "id" : "q4ms-anfragekategorie-vs",
      "text" : {
        "status" : "generated",
        "div" : "<div xmlns=\"http://www.w3.org/1999/xhtml\"><p>This value set contains 7 concepts</p><p style=\"border: black 1px dotted; background-color: #EEEEEE; padding: 8px; margin-bottom: 8px\">Expansion based on <a href=\"CodeSystem-q4ms-anfragekategorie.html\">Anfragekategorie CodeSystem v0.1.0 (CodeSystem)</a></p><p>All codes in this table are from the system <a href=\"CodeSystem-q4ms-anfragekategorie.html\"><code>http://qpath.ukdd.de/CodeSystem/q4ms-anfragekategorie</code></a></p><table class=\"codes\"><tr><td style=\"white-space:nowrap\"><b>Code</b></td><td><b>Display</b></td><td><b>Definition</b></td></tr><tr><td style=\"white-space:nowrap\"><a name=\"http---qpath.ukdd.de-CodeSystem-q4ms-anfragekategorie-drug-therapy\"> </a><a href=\"CodeSystem-q4ms-anfragekategorie.html#q4ms-anfragekategorie-drug-therapy\">drug-therapy</a></td><td>Medikamentöse Therapie</td><td>Anfrage zur medikamentösen Therapie</td></tr><tr><td style=\"white-space:nowrap\"><a name=\"http---qpath.ukdd.de-CodeSystem-q4ms-anfragekategorie-examination\"> </a><a href=\"CodeSystem-q4ms-anfragekategorie.html#q4ms-anfragekategorie-examination\">examination</a></td><td>Untersuchung</td><td>Anfrage zu Krankenhausaufenthalt</td></tr><tr><td style=\"white-space:nowrap\"><a name=\"http---qpath.ukdd.de-CodeSystem-q4ms-anfragekategorie-hospitalization\"> </a><a href=\"CodeSystem-q4ms-anfragekategorie.html#q4ms-anfragekategorie-hospitalization\">hospitalization</a></td><td>Krankenhausaufenthalt</td><td>Anfrage zu Krankenhausaufenthalt</td></tr><tr><td style=\"white-space:nowrap\"><a name=\"http---qpath.ukdd.de-CodeSystem-q4ms-anfragekategorie-infection-vaccination\"> </a><a href=\"CodeSystem-q4ms-anfragekategorie.html#q4ms-anfragekategorie-infection-vaccination\">infection-vaccination</a></td><td>Infekte / Impfungen</td><td>Anfrage zu Infekten / Impfungen (z.B. Corona)</td></tr><tr><td style=\"white-space:nowrap\"><a name=\"http---qpath.ukdd.de-CodeSystem-q4ms-anfragekategorie-non-drug-therapy\"> </a><a href=\"CodeSystem-q4ms-anfragekategorie.html#q4ms-anfragekategorie-non-drug-therapy\">non-drug-therapy</a></td><td>Nicht-medikamentöse Therapie</td><td>Anfrage zur nicht-medikamentösen Therapie</td></tr><tr><td style=\"white-space:nowrap\"><a name=\"http---qpath.ukdd.de-CodeSystem-q4ms-anfragekategorie-pregnancy\"> </a><a href=\"CodeSystem-q4ms-anfragekategorie.html#q4ms-anfragekategorie-pregnancy\">pregnancy</a></td><td>Schwangerschaft</td><td>Anfrage zu Schwangerschaft</td></tr><tr><td style=\"white-space:nowrap\"><a name=\"http---qpath.ukdd.de-CodeSystem-q4ms-anfragekategorie-suspected-attack\"> </a><a href=\"CodeSystem-q4ms-anfragekategorie.html#q4ms-anfragekategorie-suspected-attack\">suspected-attack</a></td><td>Schubverdacht</td><td>Anfrage zu Schubverdacht / Verschlechterung der Symptome</td></tr></table></div>"
      },
      "url" : "http://qpath.ukdd.de/ValueSet/q4ms-anfragekategorie-vs",
      "version" : "0.1.0",
      "name" : "Q4MSAnfragekategorieVS",
      "title" : "Anfragekategorie ValueSet",
      "status" : "active",
      "date" : "2021-12-22T11:59:55+01:00",
      "publisher" : "QPath4MS",
      "contact" : [{
        "name" : "QPath4MS",
        "telecom" : [{
          "system" : "url",
          "value" : "http://qpath.ukdd.de"
        }]
      }],
      "description" : "Definiert Anfragekategorien",
      "expansion" : {
        "identifier" : "urn:uuid:f920a590-7890-4cc5-b729-9fc362e9e94d",
        "timestamp" : "2021-12-22T12:01:21+01:00",
        "total" : 7,
        "parameter" : [{
          "name" : "excludeNested",
          "valueBoolean" : false
        },
        {
          "name" : "version",
          "valueUri" : "http://qpath.ukdd.de/CodeSystem/q4ms-anfragekategorie|0.1.0"
        }],
        "contains" : [{
          "system" : "http://qpath.ukdd.de/CodeSystem/q4ms-anfragekategorie",
          "code" : "drug-therapy",
          "display" : "Medikamentöse Therapie"
        },
        {
          "system" : "http://qpath.ukdd.de/CodeSystem/q4ms-anfragekategorie",
          "code" : "examination",
          "display" : "Untersuchung"
        },
        {
          "system" : "http://qpath.ukdd.de/CodeSystem/q4ms-anfragekategorie",
          "code" : "hospitalization",
          "display" : "Krankenhausaufenthalt"
        },
        {
          "system" : "http://qpath.ukdd.de/CodeSystem/q4ms-anfragekategorie",
          "code" : "infection-vaccination",
          "display" : "Infekte / Impfungen"
        },
        {
          "system" : "http://qpath.ukdd.de/CodeSystem/q4ms-anfragekategorie",
          "code" : "non-drug-therapy",
          "display" : "Nicht-medikamentöse Therapie"
        },
        {
          "system" : "http://qpath.ukdd.de/CodeSystem/q4ms-anfragekategorie",
          "code" : "pregnancy",
          "display" : "Schwangerschaft"
        },
        {
          "system" : "http://qpath.ukdd.de/CodeSystem/q4ms-anfragekategorie",
          "code" : "suspected-attack",
          "display" : "Schubverdacht"
        }]
      }
    }
  },
  {
    "fullUrl" : "http://qpath.ukdd.de/ValueSet/q4ms-dokumentanforderungkategorie-vs",
    "resource" : {
      "resourceType" : "ValueSet",
      "id" : "q4ms-dokumentanforderungkategorie-vs",
      "text" : {
        "status" : "generated",
        "div" : "<div xmlns=\"http://www.w3.org/1999/xhtml\"><p>This value set contains 6 concepts</p><p style=\"border: black 1px dotted; background-color: #EEEEEE; padding: 8px; margin-bottom: 8px\">Expansion based on <a href=\"CodeSystem-q4ms-dokumentanforderungkategorie.html\">Dokumentanforderungkategorie CodeSystem v0.1.0 (CodeSystem)</a></p><p>All codes in this table are from the system <a href=\"CodeSystem-q4ms-dokumentanforderungkategorie.html\"><code>http://qpath.ukdd.de/CodeSystem/q4ms-dokumentanforderungkategorie</code></a></p><table class=\"codes\"><tr><td style=\"white-space:nowrap\"><b>Code</b></td><td><b>Display</b></td><td><b>Definition</b></td></tr><tr><td style=\"white-space:nowrap\"><a name=\"http---qpath.ukdd.de-CodeSystem-q4ms-dokumentanforderungkategorie-laboratory-result\"> </a><a href=\"CodeSystem-q4ms-dokumentanforderungkategorie.html#q4ms-dokumentanforderungkategorie-laboratory-result\">laboratory-result</a></td><td>Laborergebnis</td><td>Anforderung eines Laborergebnisses</td></tr><tr><td style=\"white-space:nowrap\"><a name=\"http---qpath.ukdd.de-CodeSystem-q4ms-dokumentanforderungkategorie-finding\"> </a><a href=\"CodeSystem-q4ms-dokumentanforderungkategorie.html#q4ms-dokumentanforderungkategorie-finding\">finding</a></td><td>Befund</td><td>Anforderung eines Befunds</td></tr><tr><td style=\"white-space:nowrap\"><a name=\"http---qpath.ukdd.de-CodeSystem-q4ms-dokumentanforderungkategorie-doctor-letter\"> </a><a href=\"CodeSystem-q4ms-dokumentanforderungkategorie.html#q4ms-dokumentanforderungkategorie-doctor-letter\">doctor-letter</a></td><td>Arztbrief</td><td>Anforderung eines Arztbriefs</td></tr><tr><td style=\"white-space:nowrap\"><a name=\"http---qpath.ukdd.de-CodeSystem-q4ms-dokumentanforderungkategorie-consiliary-report\"> </a><a href=\"CodeSystem-q4ms-dokumentanforderungkategorie.html#q4ms-dokumentanforderungkategorie-consiliary-report\">consiliary-report</a></td><td>Konsiliarbericht</td><td>Anforderung eines Konsiliarberichts</td></tr><tr><td style=\"white-space:nowrap\"><a name=\"http---qpath.ukdd.de-CodeSystem-q4ms-dokumentanforderungkategorie-prescription\"> </a><a href=\"CodeSystem-q4ms-dokumentanforderungkategorie.html#q4ms-dokumentanforderungkategorie-prescription\">prescription</a></td><td>Rezept</td><td>Anforderung eines Rezepts</td></tr><tr><td style=\"white-space:nowrap\"><a name=\"http---qpath.ukdd.de-CodeSystem-q4ms-dokumentanforderungkategorie-other\"> </a><a href=\"CodeSystem-q4ms-dokumentanforderungkategorie.html#q4ms-dokumentanforderungkategorie-other\">other</a></td><td>Sonstiges</td><td>Anforderung eines sonstigen Dokuments</td></tr></table></div>"
      },
      "url" : "http://qpath.ukdd.de/ValueSet/q4ms-dokumentanforderungkategorie-vs",
      "version" : "0.1.0",
      "name" : "Q4MSDokumentanforderungkategorieVS",
      "title" : "Dokumentanforderungkategorie ValueSet",
      "status" : "active",
      "date" : "2021-12-22T11:59:55+01:00",
      "publisher" : "QPath4MS",
      "contact" : [{
        "name" : "QPath4MS",
        "telecom" : [{
          "system" : "url",
          "value" : "http://qpath.ukdd.de"
        }]
      }],
      "description" : "Definiert Dokumentanforderungkategorien",
      "expansion" : {
        "identifier" : "urn:uuid:ed6fe6c1-8e1f-43fe-a370-20f1e19b030c",
        "timestamp" : "2021-12-22T12:01:21+01:00",
        "total" : 6,
        "parameter" : [{
          "name" : "excludeNested",
          "valueBoolean" : false
        },
        {
          "name" : "version",
          "valueUri" : "http://qpath.ukdd.de/CodeSystem/q4ms-dokumentanforderungkategorie|0.1.0"
        }],
        "contains" : [{
          "system" : "http://qpath.ukdd.de/CodeSystem/q4ms-dokumentanforderungkategorie",
          "code" : "laboratory-result",
          "display" : "Laborergebnis"
        },
        {
          "system" : "http://qpath.ukdd.de/CodeSystem/q4ms-dokumentanforderungkategorie",
          "code" : "finding",
          "display" : "Befund"
        },
        {
          "system" : "http://qpath.ukdd.de/CodeSystem/q4ms-dokumentanforderungkategorie",
          "code" : "doctor-letter",
          "display" : "Arztbrief"
        },
        {
          "system" : "http://qpath.ukdd.de/CodeSystem/q4ms-dokumentanforderungkategorie",
          "code" : "consiliary-report",
          "display" : "Konsiliarbericht"
        },
        {
          "system" : "http://qpath.ukdd.de/CodeSystem/q4ms-dokumentanforderungkategorie",
          "code" : "prescription",
          "display" : "Rezept"
        },
        {
          "system" : "http://qpath.ukdd.de/CodeSystem/q4ms-dokumentanforderungkategorie",
          "code" : "other",
          "display" : "Sonstiges"
        }]
      }
    }
  },
  {
    "fullUrl" : "http://qpath.ukdd.de/ValueSet/q4ms-terminanfragekategorie-vs",
    "resource" : {
      "resourceType" : "ValueSet",
      "id" : "q4ms-terminanfragekategorie-vs",
      "text" : {
        "status" : "generated",
        "div" : "<div xmlns=\"http://www.w3.org/1999/xhtml\"><p>This value set contains 3 concepts</p><p style=\"border: black 1px dotted; background-color: #EEEEEE; padding: 8px; margin-bottom: 8px\">Expansion based on <a href=\"CodeSystem-q4ms-terminanfragekategorie.html\">Terminanfragekategorie CodeSystem v0.1.0 (CodeSystem)</a></p><p>All codes in this table are from the system <a href=\"CodeSystem-q4ms-terminanfragekategorie.html\"><code>http://qpath.ukdd.de/CodeSystem/q4ms-terminanfragekategorie</code></a></p><table class=\"codes\"><tr><td style=\"white-space:nowrap\"><b>Code</b></td><td><b>Display</b></td><td><b>Definition</b></td></tr><tr><td style=\"white-space:nowrap\"><a name=\"http---qpath.ukdd.de-CodeSystem-q4ms-terminanfragekategorie-booking\"> </a><a href=\"CodeSystem-q4ms-terminanfragekategorie.html#q4ms-terminanfragekategorie-booking\">booking</a></td><td>Terminanforderung</td><td>Anforderung eines Termins</td></tr><tr><td style=\"white-space:nowrap\"><a name=\"http---qpath.ukdd.de-CodeSystem-q4ms-terminanfragekategorie-rescheduling\"> </a><a href=\"CodeSystem-q4ms-terminanfragekategorie.html#q4ms-terminanfragekategorie-rescheduling\">rescheduling</a></td><td>Terminverschiebung</td><td>Verschiebung eines Termins</td></tr><tr><td style=\"white-space:nowrap\"><a name=\"http---qpath.ukdd.de-CodeSystem-q4ms-terminanfragekategorie-cancellation\"> </a><a href=\"CodeSystem-q4ms-terminanfragekategorie.html#q4ms-terminanfragekategorie-cancellation\">cancellation</a></td><td>Terminabsage</td><td>Absage eines Termins</td></tr></table></div>"
      },
      "url" : "http://qpath.ukdd.de/ValueSet/q4ms-terminanfragekategorie-vs",
      "version" : "0.1.0",
      "name" : "Q4MSTerminanfragekategorieVS",
      "title" : "Terminanfragekategorie ValueSet",
      "status" : "active",
      "date" : "2021-12-22T11:59:55+01:00",
      "publisher" : "QPath4MS",
      "contact" : [{
        "name" : "QPath4MS",
        "telecom" : [{
          "system" : "url",
          "value" : "http://qpath.ukdd.de"
        }]
      }],
      "description" : "Definiert Terminanfragekategorie",
      "expansion" : {
        "identifier" : "urn:uuid:b4f825c5-301e-4b43-b4fe-e6013904ae93",
        "timestamp" : "2021-12-22T12:01:21+01:00",
        "total" : 3,
        "parameter" : [{
          "name" : "excludeNested",
          "valueBoolean" : false
        },
        {
          "name" : "version",
          "valueUri" : "http://qpath.ukdd.de/CodeSystem/q4ms-terminanfragekategorie|0.1.0"
        }],
        "contains" : [{
          "system" : "http://qpath.ukdd.de/CodeSystem/q4ms-terminanfragekategorie",
          "code" : "booking",
          "display" : "Terminanforderung"
        },
        {
          "system" : "http://qpath.ukdd.de/CodeSystem/q4ms-terminanfragekategorie",
          "code" : "rescheduling",
          "display" : "Terminverschiebung"
        },
        {
          "system" : "http://qpath.ukdd.de/CodeSystem/q4ms-terminanfragekategorie",
          "code" : "cancellation",
          "display" : "Terminabsage"
        }]
      }
    }
  }]
}