<?xml version="1.0" encoding="UTF-8"?>

<ImplementationGuide xmlns="http://hl7.org/fhir">
  <id value="fhir.qpath4ms"/>
  <text>
    <status value="extensions"/><div xmlns="http://www.w3.org/1999/xhtml"><h2>QPath4MSIG</h2><p>The official URL for this implementation guide is: </p><pre>http://qpath4ms.ukdd.de/ImplementationGuide/fhir.qpath4ms</pre><div><p>Ein Leitfaden zur Implementierung ausgewählter Multiple Sklerose-Patientenpfade</p>
</div></div>
  </text>
  <url value="http://qpath4ms.ukdd.de/ImplementationGuide/fhir.qpath4ms"/>
  <version value="0.1.0"/>
  <name value="QPath4MSIG"/>
  <title value="QPath4MS FHIR Implementation Guide"/>
  <status value="draft"/>
  <date value="2022-01-20T17:09:51+01:00"/>
  <publisher value="Forschungsgruppe Digital Health"/>
  <contact>
    <name value="Forschungsgruppe Digital Health"/>
    <telecom>
      <system value="url"/>
      <value value="https://tud.link/xd10"/>
    </telecom>
    <telecom>
      <system value="email"/>
      <value value="digital-health@tu-dresden.de"/>
    </telecom>
  </contact>
  <contact>
    <name value="Marcel Susky"/>
    <telecom>
      <system value="email"/>
      <value value="marcel.susky@tu-dresden.de"/>
      <use value="work"/>
    </telecom>
  </contact>
  <description value="Ein Leitfaden zur Implementierung ausgewählter Multiple Sklerose-Patientenpfade"/>
  <jurisdiction>
    <coding>
      <system value="urn:iso:std:iso:3166"/>
      <code value="DE"/>
      <display value="Germany"/>
    </coding>
  </jurisdiction>
  <packageId value="fhir.qpath4ms"/>
  <license value="CC0-1.0"/>
  <fhirVersion value="4.0.1"/>
  <definition>
    <extension url="http://hl7.org/fhir/tools/StructureDefinition/ig-parameter">
      <extension url="code">
        <valueString value="copyrightyear"/>
      </extension>
      <extension url="value">
        <valueString value="2021+"/>
      </extension>
    </extension>
    <extension url="http://hl7.org/fhir/tools/StructureDefinition/ig-parameter">
      <extension url="code">
        <valueString value="releaselabel"/>
      </extension>
      <extension url="value">
        <valueString value="ci-build"/>
      </extension>
    </extension>
    <extension url="http://hl7.org/fhir/tools/StructureDefinition/ig-parameter">
      <extension url="code">
        <valueString value="path-liquid"/>
      </extension>
      <extension url="value">
        <valueString value="template/liquid"/>
      </extension>
    </extension>
    <extension url="http://hl7.org/fhir/tools/StructureDefinition/ig-parameter">
      <extension url="code">
        <valueString value="path-liquid"/>
      </extension>
      <extension url="value">
        <valueString value="input/liquid"/>
      </extension>
    </extension>
    <extension url="http://hl7.org/fhir/tools/StructureDefinition/ig-parameter">
      <extension url="code">
        <valueString value="path-qa"/>
      </extension>
      <extension url="value">
        <valueString value="temp/qa"/>
      </extension>
    </extension>
    <extension url="http://hl7.org/fhir/tools/StructureDefinition/ig-parameter">
      <extension url="code">
        <valueString value="path-temp"/>
      </extension>
      <extension url="value">
        <valueString value="temp/pages"/>
      </extension>
    </extension>
    <extension url="http://hl7.org/fhir/tools/StructureDefinition/ig-parameter">
      <extension url="code">
        <valueString value="path-output"/>
      </extension>
      <extension url="value">
        <valueString value="output"/>
      </extension>
    </extension>
    <extension url="http://hl7.org/fhir/tools/StructureDefinition/ig-parameter">
      <extension url="code">
        <valueString value="path-suppressed-warnings"/>
      </extension>
      <extension url="value">
        <valueString value="input/ignoreWarnings.txt"/>
      </extension>
    </extension>
    <extension url="http://hl7.org/fhir/tools/StructureDefinition/ig-parameter">
      <extension url="code">
        <valueString value="path-history"/>
      </extension>
      <extension url="value">
        <valueString value="http://qpath4ms.ukdd.de/history.html"/>
      </extension>
    </extension>
    <extension url="http://hl7.org/fhir/tools/StructureDefinition/ig-parameter">
      <extension url="code">
        <valueString value="template-html"/>
      </extension>
      <extension url="value">
        <valueString value="template-page.html"/>
      </extension>
    </extension>
    <extension url="http://hl7.org/fhir/tools/StructureDefinition/ig-parameter">
      <extension url="code">
        <valueString value="template-md"/>
      </extension>
      <extension url="value">
        <valueString value="template-page-md.html"/>
      </extension>
    </extension>
    <extension url="http://hl7.org/fhir/tools/StructureDefinition/ig-parameter">
      <extension url="code">
        <valueString value="apply-contact"/>
      </extension>
      <extension url="value">
        <valueString value="true"/>
      </extension>
    </extension>
    <extension url="http://hl7.org/fhir/tools/StructureDefinition/ig-parameter">
      <extension url="code">
        <valueString value="apply-context"/>
      </extension>
      <extension url="value">
        <valueString value="true"/>
      </extension>
    </extension>
    <extension url="http://hl7.org/fhir/tools/StructureDefinition/ig-parameter">
      <extension url="code">
        <valueString value="apply-copyright"/>
      </extension>
      <extension url="value">
        <valueString value="true"/>
      </extension>
    </extension>
    <extension url="http://hl7.org/fhir/tools/StructureDefinition/ig-parameter">
      <extension url="code">
        <valueString value="apply-jurisdiction"/>
      </extension>
      <extension url="value">
        <valueString value="true"/>
      </extension>
    </extension>
    <extension url="http://hl7.org/fhir/tools/StructureDefinition/ig-parameter">
      <extension url="code">
        <valueString value="apply-license"/>
      </extension>
      <extension url="value">
        <valueString value="true"/>
      </extension>
    </extension>
    <extension url="http://hl7.org/fhir/tools/StructureDefinition/ig-parameter">
      <extension url="code">
        <valueString value="apply-publisher"/>
      </extension>
      <extension url="value">
        <valueString value="true"/>
      </extension>
    </extension>
    <extension url="http://hl7.org/fhir/tools/StructureDefinition/ig-parameter">
      <extension url="code">
        <valueString value="apply-version"/>
      </extension>
      <extension url="value">
        <valueString value="true"/>
      </extension>
    </extension>
    <extension url="http://hl7.org/fhir/tools/StructureDefinition/ig-parameter">
      <extension url="code">
        <valueString value="active-tables"/>
      </extension>
      <extension url="value">
        <valueString value="true"/>
      </extension>
    </extension>
    <resource>
      <extension url="http://hl7.org/fhir/tools/StructureDefinition/resource-information">
        <valueString value="StructureDefinition:resource"/>
      </extension>
      <reference>
        <reference value="StructureDefinition/Q4MSArztbriefProfile"/>
      </reference>
      <name value="Arztbrief"/>
      <description value="Profile eines Arztbriefs"/>
      <exampleBoolean value="false"/>
    </resource>
    <resource>
      <extension url="http://hl7.org/fhir/tools/StructureDefinition/resource-information">
        <valueString value="StructureDefinition:resource"/>
      </extension>
      <reference>
        <reference value="StructureDefinition/Q4MSBefundProfile"/>
      </reference>
      <name value="Befund"/>
      <description value="Profile eines Befunds"/>
      <exampleBoolean value="false"/>
    </resource>
    <resource>
      <extension url="http://hl7.org/fhir/tools/StructureDefinition/resource-information">
        <valueString value="StructureDefinition:resource"/>
      </extension>
      <reference>
        <reference value="StructureDefinition/Q4MSDokumentProfile"/>
      </reference>
      <name value="Dokument"/>
      <description value="Profile eines Dokuments"/>
      <exampleBoolean value="false"/>
    </resource>
    <resource>
      <extension url="http://hl7.org/fhir/tools/StructureDefinition/resource-information">
        <valueString value="StructureDefinition:resource"/>
      </extension>
      <reference>
        <reference value="StructureDefinition/Q4MSDokumentanforderungProfile"/>
      </reference>
      <name value="Dokumentanforderung"/>
      <description value="Profile einer Dokumentanforderung"/>
      <exampleBoolean value="false"/>
    </resource>
    <resource>
      <extension url="http://hl7.org/fhir/tools/StructureDefinition/resource-information">
        <valueString value="StructureDefinition:resource"/>
      </extension>
      <reference>
        <reference value="StructureDefinition/Q4MSKonsiliarberichtProfile"/>
      </reference>
      <name value="Konsiliarbericht"/>
      <description value="Profile eines Konsiliarberichts"/>
      <exampleBoolean value="false"/>
    </resource>
    <resource>
      <extension url="http://hl7.org/fhir/tools/StructureDefinition/resource-information">
        <valueString value="StructureDefinition:resource"/>
      </extension>
      <reference>
        <reference value="StructureDefinition/Q4MSLaborergebnisProfile"/>
      </reference>
      <name value="Laborergebnis"/>
      <description value="Profile eines Laborergebnisses"/>
      <exampleBoolean value="false"/>
    </resource>
    <resource>
      <extension url="http://hl7.org/fhir/tools/StructureDefinition/resource-information">
        <valueString value="StructureDefinition:resource"/>
      </extension>
      <reference>
        <reference value="StructureDefinition/Q4MSRezeptProfile"/>
      </reference>
      <name value="Rezept"/>
      <description value="Profile eines Rezepts"/>
      <exampleBoolean value="false"/>
    </resource>
    <resource>
      <extension url="http://hl7.org/fhir/tools/StructureDefinition/resource-information">
        <valueString value="StructureDefinition:resource"/>
      </extension>
      <reference>
        <reference value="StructureDefinition/Q4MSSonstigesDokumentProfile"/>
      </reference>
      <name value="Sonstiges Dokument"/>
      <description value="Profile eines sonstiges Dokuments"/>
      <exampleBoolean value="false"/>
    </resource>
    <resource>
      <extension url="http://hl7.org/fhir/tools/StructureDefinition/resource-information">
        <valueString value="StructureDefinition:resource"/>
      </extension>
      <reference>
        <reference value="StructureDefinition/Q4MSTerminvereinbarungProfile"/>
      </reference>
      <name value="Terminvereinbarung"/>
      <description value="Profile einer Terminvereinbarung"/>
      <exampleBoolean value="false"/>
    </resource>
    <resource>
      <extension url="http://hl7.org/fhir/tools/StructureDefinition/resource-information">
        <valueString value="ValueSet"/>
      </extension>
      <reference>
        <reference value="ValueSet/Q4MSAnfragekategorieVS"/>
      </reference>
      <name value="Anfragekategorie"/>
      <description value="Definiert Anfragekategorien"/>
      <exampleBoolean value="false"/>
    </resource>
    <resource>
      <extension url="http://hl7.org/fhir/tools/StructureDefinition/resource-information">
        <valueString value="ValueSet"/>
      </extension>
      <reference>
        <reference value="ValueSet/Q4MSDokumentanforderungkategorieVS"/>
      </reference>
      <name value="Dokumentanforderungkategorie"/>
      <description value="Definiert Dokumentanforderungkategorien"/>
      <exampleBoolean value="false"/>
    </resource>
    <resource>
      <extension url="http://hl7.org/fhir/tools/StructureDefinition/resource-information">
        <valueString value="ValueSet"/>
      </extension>
      <reference>
        <reference value="ValueSet/Q4MSTerminanfragekategorieVS"/>
      </reference>
      <name value="Terminanfragekategorie"/>
      <description value="Definiert Terminanfragekategorien"/>
      <exampleBoolean value="false"/>
    </resource>
    <resource>
      <extension url="http://hl7.org/fhir/tools/StructureDefinition/resource-information">
        <valueString value="CodeSystem"/>
      </extension>
      <reference>
        <reference value="CodeSystem/Q4MSAnfragekategorie"/>
      </reference>
      <name value="Anfragekategorie"/>
      <description value="Deklariert Anfragekategorien"/>
      <exampleBoolean value="false"/>
    </resource>
    <resource>
      <extension url="http://hl7.org/fhir/tools/StructureDefinition/resource-information">
        <valueString value="CodeSystem"/>
      </extension>
      <reference>
        <reference value="CodeSystem/Q4MSDokumentanforderungkategorie"/>
      </reference>
      <name value="Dokumentanforderungkategorie"/>
      <description value="Deklariert Dokumentanforderungkategorien"/>
      <exampleBoolean value="false"/>
    </resource>
    <resource>
      <extension url="http://hl7.org/fhir/tools/StructureDefinition/resource-information">
        <valueString value="CodeSystem"/>
      </extension>
      <reference>
        <reference value="CodeSystem/Q4MSTerminanfragekategorie"/>
      </reference>
      <name value="Terminanfragekategorie"/>
      <description value="Deklariert Terminanfragekategorien"/>
      <exampleBoolean value="false"/>
    </resource>
    <resource>
      <extension url="http://hl7.org/fhir/tools/StructureDefinition/resource-information">
        <valueString value="CarePlan"/>
      </extension>
      <reference>
        <reference value="CarePlan/AllgemeineNeurologischeAnamneseExampleCP"/>
      </reference>
      <name value="Beispiel Allgemeine und neurologische Anamnese"/>
      <description value="Beispiel CarePlan für die Durchführung einer allgemeinen und neurologischen Anamnese mit dem Patienten (M0)"/>
      <exampleBoolean value="true"/>
    </resource>
    <resource>
      <extension url="http://hl7.org/fhir/tools/StructureDefinition/resource-information">
        <valueString value="Task"/>
      </extension>
      <reference>
        <reference value="Task/AllgemeineNeurologischeAnamneseExampleTSK"/>
      </reference>
      <name value="Beispiel Allgemeine und neurologische Anamnese"/>
      <description value="Beispiel Task für die Durchführung einer allgemeinenen und neurologischen Anamnese mit dem Patienten (M0)"/>
      <exampleBoolean value="true"/>
    </resource>
    <resource>
      <extension url="http://hl7.org/fhir/tools/StructureDefinition/resource-information">
        <valueString value="CarePlan"/>
      </extension>
      <reference>
        <reference value="CarePlan/AllgemeineNeurologischeUntersuchungExampleCP"/>
      </reference>
      <name value="Beispiel Allgemeine und neurologische Untersuchung"/>
      <description value="Beispiel CarePlan für die Durchführung einer allgemeinen neurologischen Untersuchung mit dem Patienten (M0)"/>
      <exampleBoolean value="true"/>
    </resource>
    <resource>
      <extension url="http://hl7.org/fhir/tools/StructureDefinition/resource-information">
        <valueString value="Task"/>
      </extension>
      <reference>
        <reference value="Task/AllgemeineNeurologischeUntersuchungExampleTSK"/>
      </reference>
      <name value="Beispiel Allgemeine und neurologische Untersuchung"/>
      <description value="Beispiel Task für die Durchführung einer allgemeinen und neurologischen Untersuchung mit dem Patienten (M0)"/>
      <exampleBoolean value="true"/>
    </resource>
    <resource>
      <extension url="http://hl7.org/fhir/tools/StructureDefinition/resource-information">
        <valueString value="DocumentReference"/>
      </extension>
      <reference>
        <reference value="DocumentReference/ArztbriefExample"/>
      </reference>
      <name value="Beispiel Arztbrief"/>
      <description value="Beispiel DocumentReference für einen Arztbrief"/>
      <exampleCanonical value="http://qpath4ms.ukdd.de/fhir/StructureDefinition/Q4MSArztbriefProfile"/>
    </resource>
    <resource>
      <extension url="http://hl7.org/fhir/tools/StructureDefinition/resource-information">
        <valueString value="CarePlan"/>
      </extension>
      <reference>
        <reference value="CarePlan/ArztvorstellungExampleCP"/>
      </reference>
      <name value="Beispiel Arztvorstellung"/>
      <description value="Beispiel CarePlan für die Arztvorstellung eines Patienten (M0)"/>
      <exampleBoolean value="true"/>
    </resource>
    <resource>
      <extension url="http://hl7.org/fhir/tools/StructureDefinition/resource-information">
        <valueString value="CarePlan"/>
      </extension>
      <reference>
        <reference value="CarePlan/AuswertungExampleCP"/>
      </reference>
      <name value="Beispiel Auswertung"/>
      <description value="Beispiel CarePlan für die Durchführung einer Auswertung mit dem Patienten (M0)"/>
      <exampleBoolean value="true"/>
    </resource>
    <resource>
      <extension url="http://hl7.org/fhir/tools/StructureDefinition/resource-information">
        <valueString value="ServiceRequest"/>
      </extension>
      <reference>
        <reference value="ServiceRequest/AuswertungExampleSR"/>
      </reference>
      <name value="Beispiel Auswertung"/>
      <description value="Beispiel ServiceRequest für die Durchführung einer Auswertung mit dem Patienten (M0)"/>
      <exampleBoolean value="true"/>
    </resource>
    <resource>
      <extension url="http://hl7.org/fhir/tools/StructureDefinition/resource-information">
        <valueString value="Task"/>
      </extension>
      <reference>
        <reference value="Task/AuswertungExampleTSK"/>
      </reference>
      <name value="Beispiel Auswertung"/>
      <description value="Beispiel Task für die Durchführung einer Auswertung mit dem Patienten (M0)"/>
      <exampleBoolean value="true"/>
    </resource>
    <resource>
      <extension url="http://hl7.org/fhir/tools/StructureDefinition/resource-information">
        <valueString value="CarePlan"/>
      </extension>
      <reference>
        <reference value="CarePlan/BasismonitoringExampleCP"/>
      </reference>
      <name value="Beispiel Basismonitoring Patientenpfad"/>
      <description value="Beispiel CarePlan einer Basismonitoring-Patientenpfadinstanz bei Erstvorstellung (M0) von Patient John Doe nach Überweisung aus der ambulanten neurologischen Einrichtung"/>
      <exampleBoolean value="true"/>
    </resource>
    <resource>
      <extension url="http://hl7.org/fhir/tools/StructureDefinition/resource-information">
        <valueString value="DocumentReference"/>
      </extension>
      <reference>
        <reference value="DocumentReference/BefundExample"/>
      </reference>
      <name value="Beispiel Befund"/>
      <description value="Beispiel DocumentReference für einen Befund"/>
      <exampleCanonical value="http://qpath4ms.ukdd.de/fhir/StructureDefinition/Q4MSBefundProfile"/>
    </resource>
    <resource>
      <extension url="http://hl7.org/fhir/tools/StructureDefinition/resource-information">
        <valueString value="CarePlan"/>
      </extension>
      <reference>
        <reference value="CarePlan/BefundauswertungExampleCP"/>
      </reference>
      <name value="Beispiel Befundauswertung"/>
      <description value="Beispiel CarePlan für die Durchführung einer Befundauswertung mit dem Patienten (M0)"/>
      <exampleBoolean value="true"/>
    </resource>
    <resource>
      <extension url="http://hl7.org/fhir/tools/StructureDefinition/resource-information">
        <valueString value="Task"/>
      </extension>
      <reference>
        <reference value="Task/BefundauswertungExampleTSK"/>
      </reference>
      <name value="Beispiel Befundauswertung"/>
      <description value="Beispiel Task für die Durchführung einer Befundauswertung mit dem Patienten (M0)"/>
      <exampleBoolean value="true"/>
    </resource>
    <resource>
      <extension url="http://hl7.org/fhir/tools/StructureDefinition/resource-information">
        <valueString value="CarePlan"/>
      </extension>
      <reference>
        <reference value="CarePlan/DokumenteAbfragenPatientExampleCP"/>
      </reference>
      <name value="Beispiel Dokumente abfragen"/>
      <description value="Beispiel CarePlan für eine Dokumentenabfrage beim Patienten abfragen (M0)"/>
      <exampleBoolean value="true"/>
    </resource>
    <resource>
      <extension url="http://hl7.org/fhir/tools/StructureDefinition/resource-information">
        <valueString value="Task"/>
      </extension>
      <reference>
        <reference value="Task/DokumenteAbfragenPatientExampleTSK"/>
      </reference>
      <name value="Beispiel Dokumente abfragen"/>
      <description value="Beispiel Task für eine Dokumentenabfrage beim Patienten (M0)"/>
      <exampleBoolean value="true"/>
    </resource>
    <resource>
      <extension url="http://hl7.org/fhir/tools/StructureDefinition/resource-information">
        <valueString value="CarePlan"/>
      </extension>
      <reference>
        <reference value="CarePlan/DokumenteUebermittelnArztExampleCP"/>
      </reference>
      <name value="Beispiel Dokumente an Arzt übermitteln"/>
      <description value="Beispiel CarePlan für eine Dokumentenübermittlung an den Patienten abfragen (M0)"/>
      <exampleBoolean value="true"/>
    </resource>
    <resource>
      <extension url="http://hl7.org/fhir/tools/StructureDefinition/resource-information">
        <valueString value="Task"/>
      </extension>
      <reference>
        <reference value="Task/DokumenteUebermittelnArztExampleTSK"/>
      </reference>
      <name value="Beispiel Dokumente an Arzt übermitteln"/>
      <description value="Beispiel Task für eine Dokumentenübermittlung an den Patienten (M0)"/>
      <exampleBoolean value="true"/>
    </resource>
    <resource>
      <extension url="http://hl7.org/fhir/tools/StructureDefinition/resource-information">
        <valueString value="CarePlan"/>
      </extension>
      <reference>
        <reference value="CarePlan/DokumenteUebermittelnPatientExampleCP"/>
      </reference>
      <name value="Beispiel Dokumente an Patient übermitteln"/>
      <description value="Beispiel CarePlan für eine Dokumentenübermittlung an den Patienten abfragen (M0)"/>
      <exampleBoolean value="true"/>
    </resource>
    <resource>
      <extension url="http://hl7.org/fhir/tools/StructureDefinition/resource-information">
        <valueString value="Task"/>
      </extension>
      <reference>
        <reference value="Task/DokumenteUebermittelnPatientExampleTSK"/>
      </reference>
      <name value="Beispiel Dokumente an Patient übermitteln"/>
      <description value="Beispiel Task für eine Dokumentenübermittlung an den Patienten (M0)"/>
      <exampleBoolean value="true"/>
    </resource>
    <resource>
      <extension url="http://hl7.org/fhir/tools/StructureDefinition/resource-information">
        <valueString value="CarePlan"/>
      </extension>
      <reference>
        <reference value="CarePlan/EntlassungExampleCP"/>
      </reference>
      <name value="Beispiel Entlassung"/>
      <description value="Beispiel CarePlan für die Entlassung eines Patienten (M0)"/>
      <exampleBoolean value="true"/>
    </resource>
    <resource>
      <extension url="http://hl7.org/fhir/tools/StructureDefinition/resource-information">
        <valueString value="CarePlan"/>
      </extension>
      <reference>
        <reference value="CarePlan/GanganalyseExampleCP"/>
      </reference>
      <name value="Beispiel Ganganalyse"/>
      <description value="Beispiel CarePlan für die Durchführung einer Ganganalyse mit dem Patienten (M0)"/>
      <exampleBoolean value="true"/>
    </resource>
    <resource>
      <extension url="http://hl7.org/fhir/tools/StructureDefinition/resource-information">
        <valueString value="ServiceRequest"/>
      </extension>
      <reference>
        <reference value="ServiceRequest/GanganalyseExampleSR"/>
      </reference>
      <name value="Beispiel Ganganalyse"/>
      <description value="Beispiel ServiceRequest für die Durchführung einer Ganganalyse mit dem Patienten (M0)"/>
      <exampleBoolean value="true"/>
    </resource>
    <resource>
      <extension url="http://hl7.org/fhir/tools/StructureDefinition/resource-information">
        <valueString value="DocumentReference"/>
      </extension>
      <reference>
        <reference value="DocumentReference/KonsiliarberichtExample"/>
      </reference>
      <name value="Beispiel Konsiliarbericht"/>
      <description value="Beispiel DocumentReference für einen Konsiliarbericht"/>
      <exampleCanonical value="http://qpath4ms.ukdd.de/fhir/StructureDefinition/Q4MSKonsiliarberichtProfile"/>
    </resource>
    <resource>
      <extension url="http://hl7.org/fhir/tools/StructureDefinition/resource-information">
        <valueString value="DocumentReference"/>
      </extension>
      <reference>
        <reference value="DocumentReference/LaborergebnisExample"/>
      </reference>
      <name value="Beispiel Laborergebnis"/>
      <description value="Beispiel DocumentReference für ein Laborergebnis"/>
      <exampleCanonical value="http://qpath4ms.ukdd.de/fhir/StructureDefinition/Q4MSLaborergebnisProfile"/>
    </resource>
    <resource>
      <extension url="http://hl7.org/fhir/tools/StructureDefinition/resource-information">
        <valueString value="CarePlan"/>
      </extension>
      <reference>
        <reference value="CarePlan/LaboruntersuchungExampleCP"/>
      </reference>
      <name value="Beispiel Laboruntersuchung"/>
      <description value="Beispiel CarePlan für die Durchführung einer Laboruntersuchung mit dem Patienten (M0)"/>
      <exampleBoolean value="true"/>
    </resource>
    <resource>
      <extension url="http://hl7.org/fhir/tools/StructureDefinition/resource-information">
        <valueString value="ServiceRequest"/>
      </extension>
      <reference>
        <reference value="ServiceRequest/LaboruntersuchungExampleSR"/>
      </reference>
      <name value="Beispiel Laboruntersuchung"/>
      <description value="Beispiel ServiceRequest für die Durchführung einer Laboruntersuchung mit dem Patienten (M0)"/>
      <exampleBoolean value="true"/>
    </resource>
    <resource>
      <extension url="http://hl7.org/fhir/tools/StructureDefinition/resource-information">
        <valueString value="CarePlan"/>
      </extension>
      <reference>
        <reference value="CarePlan/MagnetresonanztomographieExampleCP"/>
      </reference>
      <name value="Beispiel Magnetresonanztomographie (MRT)"/>
      <description value="Beispiel CarePlan für die Durchführung einer MRT mit dem Patienten (M0)"/>
      <exampleBoolean value="true"/>
    </resource>
    <resource>
      <extension url="http://hl7.org/fhir/tools/StructureDefinition/resource-information">
        <valueString value="ServiceRequest"/>
      </extension>
      <reference>
        <reference value="ServiceRequest/MagnetresonanztomographieExampleSR"/>
      </reference>
      <name value="Beispiel Magnetresonanztomographie (MRT)"/>
      <description value="Beispiel ServiceRequest für die Durchführung einer MRT mit dem Patienten (M0)"/>
      <exampleBoolean value="true"/>
    </resource>
    <resource>
      <extension url="http://hl7.org/fhir/tools/StructureDefinition/resource-information">
        <valueString value="CarePlan"/>
      </extension>
      <reference>
        <reference value="CarePlan/MultipleSclerosisPerformanceTestExampleCP"/>
      </reference>
      <name value="Beispiel Multiple Sclerosis Performance Test (MSPT)"/>
      <description value="Beispiel CarePlan für die Durchführung eines MSPT mit dem Patienten (M0)"/>
      <exampleBoolean value="true"/>
    </resource>
    <resource>
      <extension url="http://hl7.org/fhir/tools/StructureDefinition/resource-information">
        <valueString value="ServiceRequest"/>
      </extension>
      <reference>
        <reference value="ServiceRequest/MultipleSclerosisPerformanceTestExampleSR"/>
      </reference>
      <name value="Beispiel Multiple Sclerosis Performance Test (MSPT)"/>
      <description value="Beispiel ServiceRequest für die Durchführung eines MSPT mit dem Patienten (M0)"/>
      <exampleBoolean value="true"/>
    </resource>
    <resource>
      <extension url="http://hl7.org/fhir/tools/StructureDefinition/resource-information">
        <valueString value="CarePlan"/>
      </extension>
      <reference>
        <reference value="CarePlan/OptischeKohaerenztomographieExampleCP"/>
      </reference>
      <name value="Beispiel Optische Kohärenztomographie (OCT)"/>
      <description value="Beispiel CarePlan für die Durchführung eines OCT mit dem Patienten (M0)"/>
      <exampleBoolean value="true"/>
    </resource>
    <resource>
      <extension url="http://hl7.org/fhir/tools/StructureDefinition/resource-information">
        <valueString value="ServiceRequest"/>
      </extension>
      <reference>
        <reference value="ServiceRequest/OptischeKohaerenztomographieExampleSR"/>
      </reference>
      <name value="Beispiel Optische Kohärenztomographie (OCT)"/>
      <description value="Beispiel ServiceRequest für die Durchführung eines OCT mit dem Patienten (M0)"/>
      <exampleBoolean value="true"/>
    </resource>
    <resource>
      <extension url="http://hl7.org/fhir/tools/StructureDefinition/resource-information">
        <valueString value="Patient"/>
      </extension>
      <reference>
        <reference value="Patient/PatientJohnDoe"/>
      </reference>
      <name value="Beispiel Patient"/>
      <description value="Beispiel Patient John Doe"/>
      <exampleBoolean value="true"/>
    </resource>
    <resource>
      <extension url="http://hl7.org/fhir/tools/StructureDefinition/resource-information">
        <valueString value="StructureMap"/>
      </extension>
      <reference>
        <reference value="StructureMap/Q4MSActivityDefinitionTaskTransform"/>
      </reference>
      <name value="Transformiert eine ActivityDefinition in einen Task"/>
      <exampleBoolean value="false"/>
    </resource>
    <resource>
      <extension url="http://hl7.org/fhir/tools/StructureDefinition/resource-information">
        <valueString value="PlanDefinition"/>
      </extension>
      <reference>
        <reference value="PlanDefinition/Q4MSAllgemeineNeurologischeAnamnese"/>
      </reference>
      <name value="Allgemeine und neurologische Anamnese"/>
      <description value="PlanDefinition zur allgemeinen und neurologischen Anamnese"/>
      <exampleBoolean value="false"/>
    </resource>
    <resource>
      <extension url="http://hl7.org/fhir/tools/StructureDefinition/resource-information">
        <valueString value="ActivityDefinition"/>
      </extension>
      <reference>
        <reference value="ActivityDefinition/Q4MSAllgemeineNeurologischeAnamneseAD"/>
      </reference>
      <name value="Allgemeine und neurologische Anamnese"/>
      <description value="ActivityDefinition zur allgemeinen und neurologischen Anamnese"/>
      <exampleBoolean value="false"/>
    </resource>
    <resource>
      <extension url="http://hl7.org/fhir/tools/StructureDefinition/resource-information">
        <valueString value="PlanDefinition"/>
      </extension>
      <reference>
        <reference value="PlanDefinition/Q4MSAllgemeineNeurologischeUntersuchung"/>
      </reference>
      <name value="Allgemeine und neurologische Untersuchung"/>
      <description value="PlanDefinition zur allgemeinen und neurologischen Untersuchung"/>
      <exampleBoolean value="false"/>
    </resource>
    <resource>
      <extension url="http://hl7.org/fhir/tools/StructureDefinition/resource-information">
        <valueString value="MessageDefinition"/>
      </extension>
      <reference>
        <reference value="MessageDefinition/Q4MSArztbriefanfrage"/>
      </reference>
      <name value="Arztbriefanfrage"/>
      <description value="Profile einer Arztbriefanfrage"/>
      <exampleBoolean value="false"/>
    </resource>
    <resource>
      <extension url="http://hl7.org/fhir/tools/StructureDefinition/resource-information">
        <valueString value="MessageHeader"/>
      </extension>
      <reference>
        <reference value="MessageHeader/Q4MSArztbriefanfrageHeader"/>
      </reference>
      <name value="Arztbriefanfrage"/>
      <exampleBoolean value="false"/>
    </resource>
    <resource>
      <extension url="http://hl7.org/fhir/tools/StructureDefinition/resource-information">
        <valueString value="PlanDefinition"/>
      </extension>
      <reference>
        <reference value="PlanDefinition/Q4MSArztvorstellung"/>
      </reference>
      <name value="Arztvorstellung"/>
      <description value="PlanDefinition zur Arztvorstellung"/>
      <exampleBoolean value="false"/>
    </resource>
    <resource>
      <extension url="http://hl7.org/fhir/tools/StructureDefinition/resource-information">
        <valueString value="PlanDefinition"/>
      </extension>
      <reference>
        <reference value="PlanDefinition/Q4MSAuswertung"/>
      </reference>
      <name value="Auswertung"/>
      <description value="PlanDefinition zur Auswertung"/>
      <exampleBoolean value="false"/>
    </resource>
    <resource>
      <extension url="http://hl7.org/fhir/tools/StructureDefinition/resource-information">
        <valueString value="ActivityDefinition"/>
      </extension>
      <reference>
        <reference value="ActivityDefinition/Q4MSAuswertungAD"/>
      </reference>
      <name value="Auswertung"/>
      <description value="ActivityDefinition zur Auswertung"/>
      <exampleBoolean value="false"/>
    </resource>
    <resource>
      <extension url="http://hl7.org/fhir/tools/StructureDefinition/resource-information">
        <valueString value="PlanDefinition"/>
      </extension>
      <reference>
        <reference value="PlanDefinition/Q4MSBasismonitoring"/>
      </reference>
      <name value="Basismonitoring Patientepfad"/>
      <description value="PlanDefinition zum Basismonitoring-Patientepfad"/>
      <exampleBoolean value="false"/>
    </resource>
    <resource>
      <extension url="http://hl7.org/fhir/tools/StructureDefinition/resource-information">
        <valueString value="PlanDefinition"/>
      </extension>
      <reference>
        <reference value="PlanDefinition/Q4MSBefundauswertung"/>
      </reference>
      <name value="Befundauswertung"/>
      <description value="PlanDefinition zur Befundauswertung"/>
      <exampleBoolean value="false"/>
    </resource>
    <resource>
      <extension url="http://hl7.org/fhir/tools/StructureDefinition/resource-information">
        <valueString value="ActivityDefinition"/>
      </extension>
      <reference>
        <reference value="ActivityDefinition/Q4MSBefundauswertungAD"/>
      </reference>
      <name value="Befundauswertung"/>
      <description value="ActivityDefinition zur Befundauswertung"/>
      <exampleBoolean value="false"/>
    </resource>
    <resource>
      <extension url="http://hl7.org/fhir/tools/StructureDefinition/resource-information">
        <valueString value="ActivityDefinition"/>
      </extension>
      <reference>
        <reference value="ActivityDefinition/Q4MSDokumenteAbfragenAD"/>
      </reference>
      <name value="Dokumente abfragen"/>
      <description value="ActivityDefinition zur Abfragen von Dokumenten"/>
      <exampleBoolean value="false"/>
    </resource>
    <resource>
      <extension url="http://hl7.org/fhir/tools/StructureDefinition/resource-information">
        <valueString value="PlanDefinition"/>
      </extension>
      <reference>
        <reference value="PlanDefinition/Q4MSDokumenteAbfragenPatient"/>
      </reference>
      <name value="Dokumente beim Patient abfragen"/>
      <description value="PlanDefinition zur Abfrage von Dokumenten beim Patient"/>
      <exampleBoolean value="false"/>
    </resource>
    <resource>
      <extension url="http://hl7.org/fhir/tools/StructureDefinition/resource-information">
        <valueString value="ActivityDefinition"/>
      </extension>
      <reference>
        <reference value="ActivityDefinition/Q4MSDokumenteUebermittelnAD"/>
      </reference>
      <name value="Dokumente übermitteln"/>
      <description value="ActivityDefinition zur Uebermittlung von Dokumenten"/>
      <exampleBoolean value="false"/>
    </resource>
    <resource>
      <extension url="http://hl7.org/fhir/tools/StructureDefinition/resource-information">
        <valueString value="PlanDefinition"/>
      </extension>
      <reference>
        <reference value="PlanDefinition/Q4MSDokumenteUebermittelnArzt"/>
      </reference>
      <name value="Dokumente an Arzt übermitteln"/>
      <description value="PlanDefinition zur Uebermittlung von Dokumenten an einen Arzt"/>
      <exampleBoolean value="false"/>
    </resource>
    <resource>
      <extension url="http://hl7.org/fhir/tools/StructureDefinition/resource-information">
        <valueString value="PlanDefinition"/>
      </extension>
      <reference>
        <reference value="PlanDefinition/Q4MSDokumenteUebermittelnPatient"/>
      </reference>
      <name value="Dokumente an Patient übermitteln"/>
      <description value="PlanDefinition zur Uebermittlung von Dokumenten an einen Patient"/>
      <exampleBoolean value="false"/>
    </resource>
    <resource>
      <extension url="http://hl7.org/fhir/tools/StructureDefinition/resource-information">
        <valueString value="PlanDefinition"/>
      </extension>
      <reference>
        <reference value="PlanDefinition/Q4MSEntlassung"/>
      </reference>
      <name value="Entlassung"/>
      <description value="PlanDefinition zur Entlassung"/>
      <exampleBoolean value="false"/>
    </resource>
    <resource>
      <extension url="http://hl7.org/fhir/tools/StructureDefinition/resource-information">
        <valueString value="ActivityDefinition"/>
      </extension>
      <reference>
        <reference value="ActivityDefinition/Q4MSExpandedDisabilityStatusScaleAD"/>
      </reference>
      <name value="Expanded Disability Status Scale (EDSS)"/>
      <description value="ActivityDefinition zur Expanded Disability Status Scale (EDSS)"/>
      <exampleBoolean value="false"/>
    </resource>
    <resource>
      <extension url="http://hl7.org/fhir/tools/StructureDefinition/resource-information">
        <valueString value="PlanDefinition"/>
      </extension>
      <reference>
        <reference value="PlanDefinition/Q4MSGanganalyse"/>
      </reference>
      <name value="Ganganalyse"/>
      <description value="PlanDefinition zur Ganganalyse"/>
      <exampleBoolean value="false"/>
    </resource>
    <resource>
      <extension url="http://hl7.org/fhir/tools/StructureDefinition/resource-information">
        <valueString value="ActivityDefinition"/>
      </extension>
      <reference>
        <reference value="ActivityDefinition/Q4MSGanganalyseAD"/>
      </reference>
      <name value="Ganganalyse"/>
      <description value="ActivityDefinition zur Ganganalyse"/>
      <exampleBoolean value="false"/>
    </resource>
    <resource>
      <extension url="http://hl7.org/fhir/tools/StructureDefinition/resource-information">
        <valueString value="PlanDefinition"/>
      </extension>
      <reference>
        <reference value="PlanDefinition/Q4MSLaboruntersuchung"/>
      </reference>
      <name value="Laboruntersuchung"/>
      <description value="PlanDefinition zur Laboruntersuchung"/>
      <exampleBoolean value="false"/>
    </resource>
    <resource>
      <extension url="http://hl7.org/fhir/tools/StructureDefinition/resource-information">
        <valueString value="ActivityDefinition"/>
      </extension>
      <reference>
        <reference value="ActivityDefinition/Q4MSLaboruntersuchungAD"/>
      </reference>
      <name value="Laboruntersuchung"/>
      <description value="ActivityDefinition zur Laboruntersuchung"/>
      <exampleBoolean value="false"/>
    </resource>
    <resource>
      <extension url="http://hl7.org/fhir/tools/StructureDefinition/resource-information">
        <valueString value="PlanDefinition"/>
      </extension>
      <reference>
        <reference value="PlanDefinition/Q4MSMagnetresonanztomographie"/>
      </reference>
      <name value="Magnetresonanztomographie"/>
      <description value="PlanDefinition zur Magnetresonanztomographie (MRT)"/>
      <exampleBoolean value="false"/>
    </resource>
    <resource>
      <extension url="http://hl7.org/fhir/tools/StructureDefinition/resource-information">
        <valueString value="ActivityDefinition"/>
      </extension>
      <reference>
        <reference value="ActivityDefinition/Q4MSMagnetresonanztomographieAD"/>
      </reference>
      <name value="Magnetresonanztomographie"/>
      <description value="ActivityDefinition zur Magnetresonanztomographie (MRT)"/>
      <exampleBoolean value="false"/>
    </resource>
    <resource>
      <extension url="http://hl7.org/fhir/tools/StructureDefinition/resource-information">
        <valueString value="PlanDefinition"/>
      </extension>
      <reference>
        <reference value="PlanDefinition/Q4MSMultipleSclerosisPerformanceTest"/>
      </reference>
      <name value="Multiple Sclerosis Performance Test"/>
      <description value="PlanDefinition zum Multiple Sclerosis Performance Test (MSPT)"/>
      <exampleBoolean value="false"/>
    </resource>
    <resource>
      <extension url="http://hl7.org/fhir/tools/StructureDefinition/resource-information">
        <valueString value="ActivityDefinition"/>
      </extension>
      <reference>
        <reference value="ActivityDefinition/Q4MSMultipleSclerosisPerformanceTestAD"/>
      </reference>
      <name value="Multiple Sclerosis Performance Test"/>
      <description value="ActivityDefinition zum Multiple Sclerosis Performance Test (MSPT)"/>
      <exampleBoolean value="false"/>
    </resource>
    <resource>
      <extension url="http://hl7.org/fhir/tools/StructureDefinition/resource-information">
        <valueString value="PlanDefinition"/>
      </extension>
      <reference>
        <reference value="PlanDefinition/Q4MSOptischeKohaerenztomographie"/>
      </reference>
      <name value="Optische Kohärenztomographie"/>
      <description value="PlanDefinition zur Optischen Kohärenztomographie (OCT)"/>
      <exampleBoolean value="false"/>
    </resource>
    <resource>
      <extension url="http://hl7.org/fhir/tools/StructureDefinition/resource-information">
        <valueString value="ActivityDefinition"/>
      </extension>
      <reference>
        <reference value="ActivityDefinition/Q4MSOptischeKohaerenztomographieAD"/>
      </reference>
      <name value="Optische Kohärenztomographie"/>
      <description value="ActivityDefinition zur Optischen Kohärenztomographie (OCT)"/>
      <exampleBoolean value="false"/>
    </resource>
    <resource>
      <extension url="http://hl7.org/fhir/tools/StructureDefinition/resource-information">
        <valueString value="MessageDefinition"/>
      </extension>
      <reference>
        <reference value="MessageDefinition/Q4MSTerminanfrage"/>
      </reference>
      <name value="Terminanfrage"/>
      <description value="Profile einer Terminanfrage"/>
      <exampleBoolean value="false"/>
    </resource>
    <resource>
      <extension url="http://hl7.org/fhir/tools/StructureDefinition/resource-information">
        <valueString value="MessageHeader"/>
      </extension>
      <reference>
        <reference value="MessageHeader/Q4MSTerminanfrageHeader"/>
      </reference>
      <name value="Terminanfrage"/>
      <exampleBoolean value="false"/>
    </resource>
    <resource>
      <extension url="http://hl7.org/fhir/tools/StructureDefinition/resource-information">
        <valueString value="PlanDefinition"/>
      </extension>
      <reference>
        <reference value="PlanDefinition/Q4MSTerminvereinbarung"/>
      </reference>
      <name value="Terminvereinbarung"/>
      <description value="PlanDefinition zur Terminvereinbarung"/>
      <exampleBoolean value="false"/>
    </resource>
    <resource>
      <extension url="http://hl7.org/fhir/tools/StructureDefinition/resource-information">
        <valueString value="ActivityDefinition"/>
      </extension>
      <reference>
        <reference value="ActivityDefinition/Q4MSTerminvereinbarungAD"/>
      </reference>
      <name value="Terminvereinbarung"/>
      <description value="ActivityDefinition zur Terminvereinbarung"/>
      <exampleBoolean value="false"/>
    </resource>
    <resource>
      <extension url="http://hl7.org/fhir/tools/StructureDefinition/resource-information">
        <valueString value="PlanDefinition"/>
      </extension>
      <reference>
        <reference value="PlanDefinition/Q4MSTherapiespezifischeDiagnostik"/>
      </reference>
      <name value="Therapiespezifische Diagnostik"/>
      <description value="PlanDefinition zur therapiespezifischen Diagnostik"/>
      <exampleBoolean value="false"/>
    </resource>
    <resource>
      <extension url="http://hl7.org/fhir/tools/StructureDefinition/resource-information">
        <valueString value="ActivityDefinition"/>
      </extension>
      <reference>
        <reference value="ActivityDefinition/Q4MSTherapiespezifischeDiagnostikAD"/>
      </reference>
      <name value="Therapiespezifische Diagnostik"/>
      <description value="ActivityDefinition zur therapiespezifischen Diagnostik"/>
      <exampleBoolean value="false"/>
    </resource>
    <resource>
      <extension url="http://hl7.org/fhir/tools/StructureDefinition/resource-information">
        <valueString value="PlanDefinition"/>
      </extension>
      <reference>
        <reference value="PlanDefinition/Q4MSVorstellung"/>
      </reference>
      <name value="Erst- oder Wiedervorstellung"/>
      <description value="PlanDefinition zur Erst- oder Wiedervorstellung"/>
      <exampleBoolean value="false"/>
    </resource>
    <resource>
      <extension url="http://hl7.org/fhir/tools/StructureDefinition/resource-information">
        <valueString value="PlanDefinition"/>
      </extension>
      <reference>
        <reference value="PlanDefinition/Q4MSVoruntersuchung"/>
      </reference>
      <name value="Voruntersuchung"/>
      <description value="PlanDefinition zur Voruntersuchung"/>
      <exampleBoolean value="false"/>
    </resource>
    <resource>
      <extension url="http://hl7.org/fhir/tools/StructureDefinition/resource-information">
        <valueString value="PlanDefinition"/>
      </extension>
      <reference>
        <reference value="PlanDefinition/Q4MSZusatzdiagnostik"/>
      </reference>
      <name value="Zusatzdiagnostik"/>
      <description value="PlanDefinition zur Zusatzdiagnostik"/>
      <exampleBoolean value="false"/>
    </resource>
    <resource>
      <extension url="http://hl7.org/fhir/tools/StructureDefinition/resource-information">
        <valueString value="DocumentReference"/>
      </extension>
      <reference>
        <reference value="DocumentReference/RezeptExample"/>
      </reference>
      <name value="Beispiel Rezept"/>
      <description value="Beispiel DocumentReference für ein Rezept"/>
      <exampleCanonical value="http://qpath4ms.ukdd.de/fhir/StructureDefinition/Q4MSRezeptProfile"/>
    </resource>
    <resource>
      <extension url="http://hl7.org/fhir/tools/StructureDefinition/resource-information">
        <valueString value="DocumentReference"/>
      </extension>
      <reference>
        <reference value="DocumentReference/SonstigesDokumentExample"/>
      </reference>
      <name value="Beispiel Sonstiges Dokument"/>
      <description value="Beispiel DocumentReference für ein Sonstiges Dokument, z.B. AU"/>
      <exampleCanonical value="http://qpath4ms.ukdd.de/fhir/StructureDefinition/Q4MSSonstigesDokumentProfile"/>
    </resource>
    <resource>
      <extension url="http://hl7.org/fhir/tools/StructureDefinition/resource-information">
        <valueString value="Appointment"/>
      </extension>
      <reference>
        <reference value="Appointment/TerminvereinbarungExampleAPT"/>
      </reference>
      <name value="Beispiel Terminvereinbarung"/>
      <description value="Beispiel Appointment mit einem Terminvorschlag für einen Patienten (M0)"/>
      <exampleBoolean value="true"/>
    </resource>
    <resource>
      <extension url="http://hl7.org/fhir/tools/StructureDefinition/resource-information">
        <valueString value="CarePlan"/>
      </extension>
      <reference>
        <reference value="CarePlan/TerminvereinbarungExampleCP"/>
      </reference>
      <name value="Beispiel Terminvereinbarung"/>
      <description value="Beispiel CarePlan zur Terminvereinbarung mit einem Patienten (M0)"/>
      <exampleBoolean value="true"/>
    </resource>
    <resource>
      <extension url="http://hl7.org/fhir/tools/StructureDefinition/resource-information">
        <valueString value="CarePlan"/>
      </extension>
      <reference>
        <reference value="CarePlan/TherapiespezifischeDiagnostikExampleCP"/>
      </reference>
      <name value="Beispiel Therapiespezifische Diagnostik"/>
      <description value="Beispiel CarePlan für die Durchführung einer therapiespezifischen Diagnostik mit dem Patienten (M0)"/>
      <exampleBoolean value="true"/>
    </resource>
    <resource>
      <extension url="http://hl7.org/fhir/tools/StructureDefinition/resource-information">
        <valueString value="ServiceRequest"/>
      </extension>
      <reference>
        <reference value="ServiceRequest/TherapiespezifischeDiagnostikExampleSR"/>
      </reference>
      <name value="Beispiel Therapiespezifische Diagnostik"/>
      <description value="Beispiel ServiceRequest für die Durchführung einer therapiespezifischen Diagnostik mit dem Patienten (M0)"/>
      <exampleBoolean value="true"/>
    </resource>
    <resource>
      <extension url="http://hl7.org/fhir/tools/StructureDefinition/resource-information">
        <valueString value="CarePlan"/>
      </extension>
      <reference>
        <reference value="CarePlan/VorstellungExampleCP"/>
      </reference>
      <name value="Beispiel Erst- oder Wiedervorstellung"/>
      <description value="Beispiel CarePlan zur Erstvorstellung eines Patienten (M0)"/>
      <exampleBoolean value="true"/>
    </resource>
    <resource>
      <extension url="http://hl7.org/fhir/tools/StructureDefinition/resource-information">
        <valueString value="CarePlan"/>
      </extension>
      <reference>
        <reference value="CarePlan/VoruntersuchungExampleCP"/>
      </reference>
      <name value="Beispiel Voruntersuchung"/>
      <description value="Beispiel CarePlan für die Voruntersuchung eines Patienten (M0)"/>
      <exampleBoolean value="true"/>
    </resource>
    <resource>
      <extension url="http://hl7.org/fhir/tools/StructureDefinition/resource-information">
        <valueString value="CarePlan"/>
      </extension>
      <reference>
        <reference value="CarePlan/ZusatzdiagnostikExampleCP"/>
      </reference>
      <name value="Beispiel Zusatzdiagnostik"/>
      <description value="Beispiel CarePlan für die Durchführung einer Zusatzdiagnostik mit dem Patienten (M0)"/>
      <exampleBoolean value="true"/>
    </resource>
    <page>
      <nameUrl value="toc.html"/>
      <title value="Table of Contents"/>
      <generation value="html"/>
      <page>
        <nameUrl value="index.html"/>
        <title value="Home"/>
        <generation value="markdown"/>
      </page>
    </page>
    <parameter>
      <code value="path-resource"/>
      <value value="input/capabilities"/>
    </parameter>
    <parameter>
      <code value="path-resource"/>
      <value value="input/examples"/>
    </parameter>
    <parameter>
      <code value="path-resource"/>
      <value value="input/extensions"/>
    </parameter>
    <parameter>
      <code value="path-resource"/>
      <value value="input/models"/>
    </parameter>
    <parameter>
      <code value="path-resource"/>
      <value value="input/operations"/>
    </parameter>
    <parameter>
      <code value="path-resource"/>
      <value value="input/profiles"/>
    </parameter>
    <parameter>
      <code value="path-resource"/>
      <value value="input/resources"/>
    </parameter>
    <parameter>
      <code value="path-resource"/>
      <value value="input/vocabulary"/>
    </parameter>
    <parameter>
      <code value="path-resource"/>
      <value value="input/maps"/>
    </parameter>
    <parameter>
      <code value="path-resource"/>
      <value value="input/testing"/>
    </parameter>
    <parameter>
      <code value="path-resource"/>
      <value value="input/history"/>
    </parameter>
    <parameter>
      <code value="path-resource"/>
      <value value="fsh-generated/resources"/>
    </parameter>
    <parameter>
      <code value="path-pages"/>
      <value value="template/config"/>
    </parameter>
    <parameter>
      <code value="path-pages"/>
      <value value="input/images"/>
    </parameter>
    <parameter>
      <code value="path-tx-cache"/>
      <value value="input-cache/txcache"/>
    </parameter>
  </definition>
</ImplementationGuide>