{
  "resourceType": "ImplementationGuide",
  "id": "fhir.qpath4ms",
  "text": {
    "status": "extensions",
    "div": "<div xmlns=\"http://www.w3.org/1999/xhtml\"><h2>QPath4MSIG</h2><p>The official URL for this implementation guide is: </p><pre>http://qpath.ukdd.de/ImplementationGuide/fhir.qpath4ms</pre></div>"
  },
  "url": "http://qpath.ukdd.de/ImplementationGuide/fhir.qpath4ms",
  "version": "0.1.0",
  "name": "QPath4MSIG",
  "title": "QPath4MS FHIR Implementation Guide",
  "status": "draft",
  "date": "2021-12-22T11:59:55+01:00",
  "publisher": "QPath4MS",
  "contact": [
    {
      "name": "QPath4MS",
      "telecom": [
        {
          "system": "url",
          "value": "http://qpath.ukdd.de"
        }
      ]
    }
  ],
  "packageId": "fhir.qpath4ms",
  "license": "CC0-1.0",
  "fhirVersion": [
    "4.0.1"
  ],
  "definition": {
    "extension": [
      {
        "extension": [
          {
            "url": "code",
            "valueString": "copyrightyear"
          },
          {
            "url": "value",
            "valueString": "2021+"
          }
        ],
        "url": "http://hl7.org/fhir/tools/StructureDefinition/ig-parameter"
      },
      {
        "extension": [
          {
            "url": "code",
            "valueString": "releaselabel"
          },
          {
            "url": "value",
            "valueString": "ci-build"
          }
        ],
        "url": "http://hl7.org/fhir/tools/StructureDefinition/ig-parameter"
      },
      {
        "extension": [
          {
            "url": "code",
            "valueString": "path-liquid"
          },
          {
            "url": "value",
            "valueString": "template/liquid"
          }
        ],
        "url": "http://hl7.org/fhir/tools/StructureDefinition/ig-parameter"
      },
      {
        "extension": [
          {
            "url": "code",
            "valueString": "path-liquid"
          },
          {
            "url": "value",
            "valueString": "input/liquid"
          }
        ],
        "url": "http://hl7.org/fhir/tools/StructureDefinition/ig-parameter"
      },
      {
        "extension": [
          {
            "url": "code",
            "valueString": "path-qa"
          },
          {
            "url": "value",
            "valueString": "temp/qa"
          }
        ],
        "url": "http://hl7.org/fhir/tools/StructureDefinition/ig-parameter"
      },
      {
        "extension": [
          {
            "url": "code",
            "valueString": "path-temp"
          },
          {
            "url": "value",
            "valueString": "temp/pages"
          }
        ],
        "url": "http://hl7.org/fhir/tools/StructureDefinition/ig-parameter"
      },
      {
        "extension": [
          {
            "url": "code",
            "valueString": "path-output"
          },
          {
            "url": "value",
            "valueString": "output"
          }
        ],
        "url": "http://hl7.org/fhir/tools/StructureDefinition/ig-parameter"
      },
      {
        "extension": [
          {
            "url": "code",
            "valueString": "path-suppressed-warnings"
          },
          {
            "url": "value",
            "valueString": "input/ignoreWarnings.txt"
          }
        ],
        "url": "http://hl7.org/fhir/tools/StructureDefinition/ig-parameter"
      },
      {
        "extension": [
          {
            "url": "code",
            "valueString": "path-history"
          },
          {
            "url": "value",
            "valueString": "http://qpath.ukdd.de/history.html"
          }
        ],
        "url": "http://hl7.org/fhir/tools/StructureDefinition/ig-parameter"
      },
      {
        "extension": [
          {
            "url": "code",
            "valueString": "template-html"
          },
          {
            "url": "value",
            "valueString": "template-page.html"
          }
        ],
        "url": "http://hl7.org/fhir/tools/StructureDefinition/ig-parameter"
      },
      {
        "extension": [
          {
            "url": "code",
            "valueString": "template-md"
          },
          {
            "url": "value",
            "valueString": "template-page-md.html"
          }
        ],
        "url": "http://hl7.org/fhir/tools/StructureDefinition/ig-parameter"
      },
      {
        "extension": [
          {
            "url": "code",
            "valueString": "apply-contact"
          },
          {
            "url": "value",
            "valueString": "true"
          }
        ],
        "url": "http://hl7.org/fhir/tools/StructureDefinition/ig-parameter"
      },
      {
        "extension": [
          {
            "url": "code",
            "valueString": "apply-context"
          },
          {
            "url": "value",
            "valueString": "true"
          }
        ],
        "url": "http://hl7.org/fhir/tools/StructureDefinition/ig-parameter"
      },
      {
        "extension": [
          {
            "url": "code",
            "valueString": "apply-copyright"
          },
          {
            "url": "value",
            "valueString": "true"
          }
        ],
        "url": "http://hl7.org/fhir/tools/StructureDefinition/ig-parameter"
      },
      {
        "extension": [
          {
            "url": "code",
            "valueString": "apply-jurisdiction"
          },
          {
            "url": "value",
            "valueString": "true"
          }
        ],
        "url": "http://hl7.org/fhir/tools/StructureDefinition/ig-parameter"
      },
      {
        "extension": [
          {
            "url": "code",
            "valueString": "apply-license"
          },
          {
            "url": "value",
            "valueString": "true"
          }
        ],
        "url": "http://hl7.org/fhir/tools/StructureDefinition/ig-parameter"
      },
      {
        "extension": [
          {
            "url": "code",
            "valueString": "apply-publisher"
          },
          {
            "url": "value",
            "valueString": "true"
          }
        ],
        "url": "http://hl7.org/fhir/tools/StructureDefinition/ig-parameter"
      },
      {
        "extension": [
          {
            "url": "code",
            "valueString": "apply-version"
          },
          {
            "url": "value",
            "valueString": "true"
          }
        ],
        "url": "http://hl7.org/fhir/tools/StructureDefinition/ig-parameter"
      },
      {
        "extension": [
          {
            "url": "code",
            "valueString": "active-tables"
          },
          {
            "url": "value",
            "valueString": "true"
          }
        ],
        "url": "http://hl7.org/fhir/tools/StructureDefinition/ig-parameter"
      }
    ],
    "resource": [
      {
        "extension": [
          {
            "url": "http://hl7.org/fhir/tools/StructureDefinition/resource-information",
            "valueString": "StructureDefinition:resource"
          }
        ],
        "reference": {
          "reference": "StructureDefinition/q4ms-arztbrief-profile"
        },
        "name": "Arztbrief DocumentReference Profile",
        "exampleBoolean": false
      },
      {
        "extension": [
          {
            "url": "http://hl7.org/fhir/tools/StructureDefinition/resource-information",
            "valueString": "StructureDefinition:resource"
          }
        ],
        "reference": {
          "reference": "StructureDefinition/q4ms-befund-profile"
        },
        "name": "Befund DocumentReference Profile",
        "exampleBoolean": false
      },
      {
        "extension": [
          {
            "url": "http://hl7.org/fhir/tools/StructureDefinition/resource-information",
            "valueString": "StructureDefinition:resource"
          }
        ],
        "reference": {
          "reference": "StructureDefinition/q4ms-dokument-profile"
        },
        "name": "Dokument DocumentReference Profile",
        "exampleBoolean": false
      },
      {
        "extension": [
          {
            "url": "http://hl7.org/fhir/tools/StructureDefinition/resource-information",
            "valueString": "StructureDefinition:resource"
          }
        ],
        "reference": {
          "reference": "StructureDefinition/q4ms-dokumentanforderung-profile"
        },
        "name": "Dokumentanforderung MessageDefinition Profile",
        "exampleBoolean": false
      },
      {
        "extension": [
          {
            "url": "http://hl7.org/fhir/tools/StructureDefinition/resource-information",
            "valueString": "StructureDefinition:resource"
          }
        ],
        "reference": {
          "reference": "StructureDefinition/q4ms-konsiliarbericht-profile"
        },
        "name": "Konsiliarbericht DocumentReference Profile",
        "exampleBoolean": false
      },
      {
        "extension": [
          {
            "url": "http://hl7.org/fhir/tools/StructureDefinition/resource-information",
            "valueString": "StructureDefinition:resource"
          }
        ],
        "reference": {
          "reference": "StructureDefinition/q4ms-laborergebnis-profile"
        },
        "name": "Laborergebnis DocumentReference Profile",
        "exampleBoolean": false
      },
      {
        "extension": [
          {
            "url": "http://hl7.org/fhir/tools/StructureDefinition/resource-information",
            "valueString": "StructureDefinition:resource"
          }
        ],
        "reference": {
          "reference": "StructureDefinition/q4ms-rezept-profile"
        },
        "name": "Rezept DocumentReference Profile",
        "exampleBoolean": false
      },
      {
        "extension": [
          {
            "url": "http://hl7.org/fhir/tools/StructureDefinition/resource-information",
            "valueString": "StructureDefinition:resource"
          }
        ],
        "reference": {
          "reference": "StructureDefinition/q4ms-sonstiges-dokument-profile"
        },
        "name": "Sonstiges Dokument DocumentReference Profile",
        "exampleBoolean": false
      },
      {
        "extension": [
          {
            "url": "http://hl7.org/fhir/tools/StructureDefinition/resource-information",
            "valueString": "StructureDefinition:resource"
          }
        ],
        "reference": {
          "reference": "StructureDefinition/q4ms-terminvereinbarung-profile"
        },
        "name": "Terminvereinbarung MessageDefinition Profile",
        "exampleBoolean": false
      },
      {
        "extension": [
          {
            "url": "http://hl7.org/fhir/tools/StructureDefinition/resource-information",
            "valueString": "ValueSet"
          }
        ],
        "reference": {
          "reference": "ValueSet/q4ms-anfragekategorie-vs"
        },
        "name": "Anfragekategorie ValueSet",
        "description": "Definiert Anfragekategorien",
        "exampleBoolean": false
      },
      {
        "extension": [
          {
            "url": "http://hl7.org/fhir/tools/StructureDefinition/resource-information",
            "valueString": "ValueSet"
          }
        ],
        "reference": {
          "reference": "ValueSet/q4ms-dokumentanforderungkategorie-vs"
        },
        "name": "Dokumentanforderungkategorie ValueSet",
        "description": "Definiert Dokumentanforderungkategorien",
        "exampleBoolean": false
      },
      {
        "extension": [
          {
            "url": "http://hl7.org/fhir/tools/StructureDefinition/resource-information",
            "valueString": "ValueSet"
          }
        ],
        "reference": {
          "reference": "ValueSet/q4ms-terminanfragekategorie-vs"
        },
        "name": "Terminanfragekategorie ValueSet",
        "description": "Definiert Terminanfragekategorie",
        "exampleBoolean": false
      },
      {
        "extension": [
          {
            "url": "http://hl7.org/fhir/tools/StructureDefinition/resource-information",
            "valueString": "CodeSystem"
          }
        ],
        "reference": {
          "reference": "CodeSystem/q4ms-anfragekategorie"
        },
        "name": "Anfragekategorie CodeSystem",
        "description": "Deklariert Anfragekategorien",
        "exampleBoolean": false
      },
      {
        "extension": [
          {
            "url": "http://hl7.org/fhir/tools/StructureDefinition/resource-information",
            "valueString": "CodeSystem"
          }
        ],
        "reference": {
          "reference": "CodeSystem/q4ms-dokumentanforderungkategorie"
        },
        "name": "Dokumentanforderungkategorie CodeSystem",
        "description": "Deklariert Dokumentanforderungkategorien",
        "exampleBoolean": false
      },
      {
        "extension": [
          {
            "url": "http://hl7.org/fhir/tools/StructureDefinition/resource-information",
            "valueString": "CodeSystem"
          }
        ],
        "reference": {
          "reference": "CodeSystem/q4ms-terminanfragekategorie"
        },
        "name": "Terminanfragekategorie CodeSystem",
        "description": "Deklariert Terminanfragekategorien",
        "exampleBoolean": false
      },
      {
        "extension": [
          {
            "url": "http://hl7.org/fhir/tools/StructureDefinition/resource-information",
            "valueString": "DocumentReference"
          }
        ],
        "reference": {
          "reference": "DocumentReference/ArztbriefExample"
        },
        "name": "Beispiel Arztbrief",
        "description": "Beispiel DocumentReference für einen Arztbrief",
        "exampleCanonical": "http://qpath.ukdd.de/StructureDefinition/q4ms-arztbrief-profile"
      },
      {
        "extension": [
          {
            "url": "http://hl7.org/fhir/tools/StructureDefinition/resource-information",
            "valueString": "DocumentReference"
          }
        ],
        "reference": {
          "reference": "DocumentReference/BefundExample"
        },
        "name": "Beispiel Befund",
        "description": "Beispiel DocumentReference für einen Befund",
        "exampleCanonical": "http://qpath.ukdd.de/StructureDefinition/q4ms-befund-profile"
      },
      {
        "extension": [
          {
            "url": "http://hl7.org/fhir/tools/StructureDefinition/resource-information",
            "valueString": "DocumentReference"
          }
        ],
        "reference": {
          "reference": "DocumentReference/KonsiliarberichtExample"
        },
        "name": "Beispiel Konsiliarbericht",
        "description": "Beispiel DocumentReference für einen Konsiliarbericht",
        "exampleCanonical": "http://qpath.ukdd.de/StructureDefinition/q4ms-konsiliarbericht-profile"
      },
      {
        "extension": [
          {
            "url": "http://hl7.org/fhir/tools/StructureDefinition/resource-information",
            "valueString": "DocumentReference"
          }
        ],
        "reference": {
          "reference": "DocumentReference/LaborergebnisExample"
        },
        "name": "Beispiel Laborergebnis",
        "description": "Beispiel DocumentReference für ein Laborergebnis",
        "exampleCanonical": "http://qpath.ukdd.de/StructureDefinition/q4ms-laborergebnis-profile"
      },
      {
        "extension": [
          {
            "url": "http://hl7.org/fhir/tools/StructureDefinition/resource-information",
            "valueString": "PlanDefinition"
          }
        ],
        "reference": {
          "reference": "PlanDefinition/Q4MSAllgemeineNeurologischeAnamnese"
        },
        "name": "Allgemeine neurologische Anamnese PlanDefinition",
        "exampleBoolean": false
      },
      {
        "extension": [
          {
            "url": "http://hl7.org/fhir/tools/StructureDefinition/resource-information",
            "valueString": "ActivityDefinition"
          }
        ],
        "reference": {
          "reference": "ActivityDefinition/Q4MSAllgemeineNeurologischeAnamneseActivity"
        },
        "name": "Allgemeine neurologische Anamnese ActivityDefinition",
        "exampleBoolean": false
      },
      {
        "extension": [
          {
            "url": "http://hl7.org/fhir/tools/StructureDefinition/resource-information",
            "valueString": "PlanDefinition"
          }
        ],
        "reference": {
          "reference": "PlanDefinition/Q4MSAllgemeineNeurologischeUntersuchung"
        },
        "name": "Allgemeine neurologische Untersuchung PlanDefinition",
        "exampleBoolean": false
      },
      {
        "extension": [
          {
            "url": "http://hl7.org/fhir/tools/StructureDefinition/resource-information",
            "valueString": "MessageDefinition"
          }
        ],
        "reference": {
          "reference": "MessageDefinition/Q4MSArztbriefanfrage"
        },
        "name": "Arztbriefanfrage MessageDefinition",
        "exampleBoolean": false
      },
      {
        "extension": [
          {
            "url": "http://hl7.org/fhir/tools/StructureDefinition/resource-information",
            "valueString": "MessageHeader"
          }
        ],
        "reference": {
          "reference": "MessageHeader/Q4MSArztbriefanfrageHeader"
        },
        "name": "Arztbriefanfrage MessageHeader",
        "exampleBoolean": false
      },
      {
        "extension": [
          {
            "url": "http://hl7.org/fhir/tools/StructureDefinition/resource-information",
            "valueString": "PlanDefinition"
          }
        ],
        "reference": {
          "reference": "PlanDefinition/Q4MSArztvorstellung"
        },
        "name": "Arztvorstellung PlanDefinition",
        "exampleBoolean": false
      },
      {
        "extension": [
          {
            "url": "http://hl7.org/fhir/tools/StructureDefinition/resource-information",
            "valueString": "PlanDefinition"
          }
        ],
        "reference": {
          "reference": "PlanDefinition/Q4MSAuswertung"
        },
        "name": "Auswertung PlanDefinition",
        "exampleBoolean": false
      },
      {
        "extension": [
          {
            "url": "http://hl7.org/fhir/tools/StructureDefinition/resource-information",
            "valueString": "ActivityDefinition"
          }
        ],
        "reference": {
          "reference": "ActivityDefinition/Q4MSAuswertungActivity"
        },
        "name": "Auswertung ActivityDefinition",
        "exampleBoolean": false
      },
      {
        "extension": [
          {
            "url": "http://hl7.org/fhir/tools/StructureDefinition/resource-information",
            "valueString": "PlanDefinition"
          }
        ],
        "reference": {
          "reference": "PlanDefinition/Q4MSBasismonitoring"
        },
        "name": "Basismonitoring Patientepfad PlanDefinition",
        "exampleBoolean": false
      },
      {
        "extension": [
          {
            "url": "http://hl7.org/fhir/tools/StructureDefinition/resource-information",
            "valueString": "PlanDefinition"
          }
        ],
        "reference": {
          "reference": "PlanDefinition/Q4MSBefundauswertung"
        },
        "name": "Befundauswertung PlanDefinition",
        "exampleBoolean": false
      },
      {
        "extension": [
          {
            "url": "http://hl7.org/fhir/tools/StructureDefinition/resource-information",
            "valueString": "ActivityDefinition"
          }
        ],
        "reference": {
          "reference": "ActivityDefinition/Q4MSBefundauswertungActivity"
        },
        "name": "Befundauswertung ActivityDefinition",
        "exampleBoolean": false
      },
      {
        "extension": [
          {
            "url": "http://hl7.org/fhir/tools/StructureDefinition/resource-information",
            "valueString": "ActivityDefinition"
          }
        ],
        "reference": {
          "reference": "ActivityDefinition/Q4MSDokumenteAbfragenActivity"
        },
        "name": "Dokumente abfragen ActivityDefinition",
        "exampleBoolean": false
      },
      {
        "extension": [
          {
            "url": "http://hl7.org/fhir/tools/StructureDefinition/resource-information",
            "valueString": "PlanDefinition"
          }
        ],
        "reference": {
          "reference": "PlanDefinition/Q4MSDokumenteAbfragenPatient"
        },
        "name": "Dokumente beim Patienten abfragen PlanDefinition",
        "exampleBoolean": false
      },
      {
        "extension": [
          {
            "url": "http://hl7.org/fhir/tools/StructureDefinition/resource-information",
            "valueString": "ActivityDefinition"
          }
        ],
        "reference": {
          "reference": "ActivityDefinition/Q4MSDokumenteUebermittelnActivity"
        },
        "name": "Dokumente uebermitteln ActivityDefinition",
        "exampleBoolean": false
      },
      {
        "extension": [
          {
            "url": "http://hl7.org/fhir/tools/StructureDefinition/resource-information",
            "valueString": "PlanDefinition"
          }
        ],
        "reference": {
          "reference": "PlanDefinition/Q4MSDokumenteUebermittelnArzt"
        },
        "name": "Dokumente an Arzt übermitteln PlanDefinition",
        "exampleBoolean": false
      },
      {
        "extension": [
          {
            "url": "http://hl7.org/fhir/tools/StructureDefinition/resource-information",
            "valueString": "PlanDefinition"
          }
        ],
        "reference": {
          "reference": "PlanDefinition/Q4MSDokumenteUebermittelnPatient"
        },
        "name": "Dokumente an Patient übermitteln PlanDefinition",
        "exampleBoolean": false
      },
      {
        "extension": [
          {
            "url": "http://hl7.org/fhir/tools/StructureDefinition/resource-information",
            "valueString": "PlanDefinition"
          }
        ],
        "reference": {
          "reference": "PlanDefinition/Q4MSEntlassung"
        },
        "name": "Entlassung PlanDefinition",
        "exampleBoolean": false
      },
      {
        "extension": [
          {
            "url": "http://hl7.org/fhir/tools/StructureDefinition/resource-information",
            "valueString": "ActivityDefinition"
          }
        ],
        "reference": {
          "reference": "ActivityDefinition/Q4MSExpandedDisabilityStatusScaleActivity"
        },
        "name": "Expanded Disability Status Scale ActivityDefinition",
        "exampleBoolean": false
      },
      {
        "extension": [
          {
            "url": "http://hl7.org/fhir/tools/StructureDefinition/resource-information",
            "valueString": "PlanDefinition"
          }
        ],
        "reference": {
          "reference": "PlanDefinition/Q4MSGanganalyse"
        },
        "name": "Ganganalyse PlanDefinition",
        "exampleBoolean": false
      },
      {
        "extension": [
          {
            "url": "http://hl7.org/fhir/tools/StructureDefinition/resource-information",
            "valueString": "ActivityDefinition"
          }
        ],
        "reference": {
          "reference": "ActivityDefinition/Q4MSGanganalyseActivity"
        },
        "name": "Ganganalyse ActivityDefinition",
        "exampleBoolean": false
      },
      {
        "extension": [
          {
            "url": "http://hl7.org/fhir/tools/StructureDefinition/resource-information",
            "valueString": "PlanDefinition"
          }
        ],
        "reference": {
          "reference": "PlanDefinition/Q4MSLaboruntersuchung"
        },
        "name": "Laboruntersuchung PlanDefinition",
        "exampleBoolean": false
      },
      {
        "extension": [
          {
            "url": "http://hl7.org/fhir/tools/StructureDefinition/resource-information",
            "valueString": "ActivityDefinition"
          }
        ],
        "reference": {
          "reference": "ActivityDefinition/Q4MSLaboruntersuchungActivity"
        },
        "name": "Laboruntersuchung ActivityDefinition",
        "exampleBoolean": false
      },
      {
        "extension": [
          {
            "url": "http://hl7.org/fhir/tools/StructureDefinition/resource-information",
            "valueString": "PlanDefinition"
          }
        ],
        "reference": {
          "reference": "PlanDefinition/Q4MSMagnetresonanztomographie"
        },
        "name": "Magnetresonanztomographie PlanDefinition",
        "exampleBoolean": false
      },
      {
        "extension": [
          {
            "url": "http://hl7.org/fhir/tools/StructureDefinition/resource-information",
            "valueString": "ActivityDefinition"
          }
        ],
        "reference": {
          "reference": "ActivityDefinition/Q4MSMagnetresonanztomographieActivity"
        },
        "name": "Magnetresonanztomographie ActivityDefinition",
        "exampleBoolean": false
      },
      {
        "extension": [
          {
            "url": "http://hl7.org/fhir/tools/StructureDefinition/resource-information",
            "valueString": "PlanDefinition"
          }
        ],
        "reference": {
          "reference": "PlanDefinition/Q4MSMultipleSclerosisPerformanceTest"
        },
        "name": "Multiple Sclerosis Performance Test PlanDefinition",
        "exampleBoolean": false
      },
      {
        "extension": [
          {
            "url": "http://hl7.org/fhir/tools/StructureDefinition/resource-information",
            "valueString": "ActivityDefinition"
          }
        ],
        "reference": {
          "reference": "ActivityDefinition/Q4MSMultipleSclerosisPerformanceTestActivity"
        },
        "name": "Multiple Sclerosis Performance Test ActivityDefinition",
        "exampleBoolean": false
      },
      {
        "extension": [
          {
            "url": "http://hl7.org/fhir/tools/StructureDefinition/resource-information",
            "valueString": "PlanDefinition"
          }
        ],
        "reference": {
          "reference": "PlanDefinition/Q4MSOptischeKoheraenztomographie"
        },
        "name": "Optische Koheränztomographie PlanDefinition",
        "exampleBoolean": false
      },
      {
        "extension": [
          {
            "url": "http://hl7.org/fhir/tools/StructureDefinition/resource-information",
            "valueString": "ActivityDefinition"
          }
        ],
        "reference": {
          "reference": "ActivityDefinition/Q4MSOptischeKoheraenztomographieActivity"
        },
        "name": "Optische Koheränztomographie ActivityDefinition",
        "exampleBoolean": false
      },
      {
        "extension": [
          {
            "url": "http://hl7.org/fhir/tools/StructureDefinition/resource-information",
            "valueString": "MessageDefinition"
          }
        ],
        "reference": {
          "reference": "MessageDefinition/Q4MSTerminanfrage"
        },
        "name": "Terminanfrage MessageDefinition",
        "exampleBoolean": false
      },
      {
        "extension": [
          {
            "url": "http://hl7.org/fhir/tools/StructureDefinition/resource-information",
            "valueString": "MessageHeader"
          }
        ],
        "reference": {
          "reference": "MessageHeader/Q4MSTerminanfrageHeader"
        },
        "name": "Terminanfrage MessageHeader",
        "exampleBoolean": false
      },
      {
        "extension": [
          {
            "url": "http://hl7.org/fhir/tools/StructureDefinition/resource-information",
            "valueString": "PlanDefinition"
          }
        ],
        "reference": {
          "reference": "PlanDefinition/Q4MSTerminvereinbarung"
        },
        "name": "Terminvereinbarung PlanDefinition",
        "exampleBoolean": false
      },
      {
        "extension": [
          {
            "url": "http://hl7.org/fhir/tools/StructureDefinition/resource-information",
            "valueString": "ActivityDefinition"
          }
        ],
        "reference": {
          "reference": "ActivityDefinition/Q4MSTerminvereinbarungActivity"
        },
        "name": "Terminvereinbarung ActivityDefinition",
        "exampleBoolean": false
      },
      {
        "extension": [
          {
            "url": "http://hl7.org/fhir/tools/StructureDefinition/resource-information",
            "valueString": "PlanDefinition"
          }
        ],
        "reference": {
          "reference": "PlanDefinition/Q4MSTherapiespezifischeDiagnostik"
        },
        "name": "Therapiespezifische Diagnostik PlanDefinition",
        "exampleBoolean": false
      },
      {
        "extension": [
          {
            "url": "http://hl7.org/fhir/tools/StructureDefinition/resource-information",
            "valueString": "ActivityDefinition"
          }
        ],
        "reference": {
          "reference": "ActivityDefinition/Q4MSTherapiespezifischeDiagnostikActivity"
        },
        "name": "Therapiespezifische Diagnostik ActivityDefinition",
        "exampleBoolean": false
      },
      {
        "extension": [
          {
            "url": "http://hl7.org/fhir/tools/StructureDefinition/resource-information",
            "valueString": "PlanDefinition"
          }
        ],
        "reference": {
          "reference": "PlanDefinition/Q4MSVorstellung"
        },
        "name": "Erst- oder Wiedervorstellung PlanDefinition",
        "exampleBoolean": false
      },
      {
        "extension": [
          {
            "url": "http://hl7.org/fhir/tools/StructureDefinition/resource-information",
            "valueString": "PlanDefinition"
          }
        ],
        "reference": {
          "reference": "PlanDefinition/Q4MSVoruntersuchung"
        },
        "name": "Voruntersuchung PlanDefinition",
        "exampleBoolean": false
      },
      {
        "extension": [
          {
            "url": "http://hl7.org/fhir/tools/StructureDefinition/resource-information",
            "valueString": "PlanDefinition"
          }
        ],
        "reference": {
          "reference": "PlanDefinition/Q4MSZusatzdiagnostik"
        },
        "name": "Zusatzdiagnostik PlanDefinition",
        "exampleBoolean": false
      },
      {
        "extension": [
          {
            "url": "http://hl7.org/fhir/tools/StructureDefinition/resource-information",
            "valueString": "DocumentReference"
          }
        ],
        "reference": {
          "reference": "DocumentReference/RezeptExample"
        },
        "name": "Beispiel Rezept",
        "description": "Beispiel DocumentReference für ein Rezept",
        "exampleCanonical": "http://qpath.ukdd.de/StructureDefinition/q4ms-rezept-profile"
      },
      {
        "extension": [
          {
            "url": "http://hl7.org/fhir/tools/StructureDefinition/resource-information",
            "valueString": "DocumentReference"
          }
        ],
        "reference": {
          "reference": "DocumentReference/SonstigesDokumentExample"
        },
        "name": "Beispiel Sonstiges Dokument",
        "description": "Beispiel DocumentReference für ein Sonstiges Dokument, z.B. AU",
        "exampleCanonical": "http://qpath.ukdd.de/StructureDefinition/q4ms-sonstiges-dokument-profile"
      },
      {
        "extension": [
          {
            "url": "http://hl7.org/fhir/tools/StructureDefinition/resource-information",
            "valueString": "Patient"
          }
        ],
        "reference": {
          "reference": "Patient/john-doe"
        },
        "name": "PatientExample",
        "description": "Beispiel Patient John Doe",
        "exampleBoolean": true
      }
    ],
    "page": {
      "nameUrl": "toc.html",
      "title": "Table of Contents",
      "generation": "html",
      "page": [
        {
          "nameUrl": "index.html",
          "title": "Home",
          "generation": "markdown"
        }
      ]
    },
    "parameter": [
      {
        "code": "path-resource",
        "value": "input/capabilities"
      },
      {
        "code": "path-resource",
        "value": "input/examples"
      },
      {
        "code": "path-resource",
        "value": "input/extensions"
      },
      {
        "code": "path-resource",
        "value": "input/models"
      },
      {
        "code": "path-resource",
        "value": "input/operations"
      },
      {
        "code": "path-resource",
        "value": "input/profiles"
      },
      {
        "code": "path-resource",
        "value": "input/resources"
      },
      {
        "code": "path-resource",
        "value": "input/vocabulary"
      },
      {
        "code": "path-resource",
        "value": "input/maps"
      },
      {
        "code": "path-resource",
        "value": "input/testing"
      },
      {
        "code": "path-resource",
        "value": "input/history"
      },
      {
        "code": "path-resource",
        "value": "fsh-generated/resources"
      },
      {
        "code": "path-pages",
        "value": "template/config"
      },
      {
        "code": "path-pages",
        "value": "input/images"
      },
      {
        "code": "path-tx-cache",
        "value": "input-cache/txcache"
      }
    ]
  }
}