{
  "resourceType": "ImplementationGuide",
  "id": "fhir.qpath4ms",
  "text": {
    "status": "extensions",
    "div": "<div xmlns=\"http://www.w3.org/1999/xhtml\"><h2>QPath4MSIG</h2><p>The official URL for this implementation guide is: </p><pre>http://qpath4ms.ukdd.de/ImplementationGuide/fhir.qpath4ms</pre><div><p>Ein Leitfaden zur Implementierung ausgewählter Multiple Sklerose-Patientenpfade</p>\n</div></div>"
  },
  "url": "http://qpath4ms.ukdd.de/ImplementationGuide/fhir.qpath4ms",
  "version": "0.1.0",
  "name": "QPath4MSIG",
  "title": "QPath4MS FHIR Implementation Guide",
  "status": "draft",
  "date": "2022-01-21T07:36:48+01:00",
  "publisher": "Forschungsgruppe Digital Health",
  "contact": [
    {
      "name": "Forschungsgruppe Digital Health",
      "telecom": [
        {
          "system": "url",
          "value": "https://tud.link/xd10"
        },
        {
          "system": "email",
          "value": "digital-health@tu-dresden.de"
        }
      ]
    },
    {
      "name": "Marcel Susky",
      "telecom": [
        {
          "system": "email",
          "value": "marcel.susky@tu-dresden.de",
          "use": "work"
        }
      ]
    }
  ],
  "description": "Ein Leitfaden zur Implementierung ausgewählter Multiple Sklerose-Patientenpfade",
  "jurisdiction": [
    {
      "coding": [
        {
          "system": "urn:iso:std:iso:3166",
          "code": "DE",
          "display": "Germany"
        }
      ]
    }
  ],
  "packageId": "fhir.qpath4ms",
  "license": "CC0-1.0",
  "fhirVersion": [
    "4.0.1"
  ],
  "definition": {
    "extension": [
      {
        "extension": [
          {
            "url": "code",
            "valueString": "copyrightyear"
          },
          {
            "url": "value",
            "valueString": "2021+"
          }
        ],
        "url": "http://hl7.org/fhir/tools/StructureDefinition/ig-parameter"
      },
      {
        "extension": [
          {
            "url": "code",
            "valueString": "releaselabel"
          },
          {
            "url": "value",
            "valueString": "ci-build"
          }
        ],
        "url": "http://hl7.org/fhir/tools/StructureDefinition/ig-parameter"
      },
      {
        "extension": [
          {
            "url": "code",
            "valueString": "path-liquid"
          },
          {
            "url": "value",
            "valueString": "template/liquid"
          }
        ],
        "url": "http://hl7.org/fhir/tools/StructureDefinition/ig-parameter"
      },
      {
        "extension": [
          {
            "url": "code",
            "valueString": "path-liquid"
          },
          {
            "url": "value",
            "valueString": "input/liquid"
          }
        ],
        "url": "http://hl7.org/fhir/tools/StructureDefinition/ig-parameter"
      },
      {
        "extension": [
          {
            "url": "code",
            "valueString": "path-qa"
          },
          {
            "url": "value",
            "valueString": "temp/qa"
          }
        ],
        "url": "http://hl7.org/fhir/tools/StructureDefinition/ig-parameter"
      },
      {
        "extension": [
          {
            "url": "code",
            "valueString": "path-temp"
          },
          {
            "url": "value",
            "valueString": "temp/pages"
          }
        ],
        "url": "http://hl7.org/fhir/tools/StructureDefinition/ig-parameter"
      },
      {
        "extension": [
          {
            "url": "code",
            "valueString": "path-output"
          },
          {
            "url": "value",
            "valueString": "output"
          }
        ],
        "url": "http://hl7.org/fhir/tools/StructureDefinition/ig-parameter"
      },
      {
        "extension": [
          {
            "url": "code",
            "valueString": "path-suppressed-warnings"
          },
          {
            "url": "value",
            "valueString": "input/ignoreWarnings.txt"
          }
        ],
        "url": "http://hl7.org/fhir/tools/StructureDefinition/ig-parameter"
      },
      {
        "extension": [
          {
            "url": "code",
            "valueString": "path-history"
          },
          {
            "url": "value",
            "valueString": "http://qpath4ms.ukdd.de/history.html"
          }
        ],
        "url": "http://hl7.org/fhir/tools/StructureDefinition/ig-parameter"
      },
      {
        "extension": [
          {
            "url": "code",
            "valueString": "template-html"
          },
          {
            "url": "value",
            "valueString": "template-page.html"
          }
        ],
        "url": "http://hl7.org/fhir/tools/StructureDefinition/ig-parameter"
      },
      {
        "extension": [
          {
            "url": "code",
            "valueString": "template-md"
          },
          {
            "url": "value",
            "valueString": "template-page-md.html"
          }
        ],
        "url": "http://hl7.org/fhir/tools/StructureDefinition/ig-parameter"
      },
      {
        "extension": [
          {
            "url": "code",
            "valueString": "apply-contact"
          },
          {
            "url": "value",
            "valueString": "true"
          }
        ],
        "url": "http://hl7.org/fhir/tools/StructureDefinition/ig-parameter"
      },
      {
        "extension": [
          {
            "url": "code",
            "valueString": "apply-context"
          },
          {
            "url": "value",
            "valueString": "true"
          }
        ],
        "url": "http://hl7.org/fhir/tools/StructureDefinition/ig-parameter"
      },
      {
        "extension": [
          {
            "url": "code",
            "valueString": "apply-copyright"
          },
          {
            "url": "value",
            "valueString": "true"
          }
        ],
        "url": "http://hl7.org/fhir/tools/StructureDefinition/ig-parameter"
      },
      {
        "extension": [
          {
            "url": "code",
            "valueString": "apply-jurisdiction"
          },
          {
            "url": "value",
            "valueString": "true"
          }
        ],
        "url": "http://hl7.org/fhir/tools/StructureDefinition/ig-parameter"
      },
      {
        "extension": [
          {
            "url": "code",
            "valueString": "apply-license"
          },
          {
            "url": "value",
            "valueString": "true"
          }
        ],
        "url": "http://hl7.org/fhir/tools/StructureDefinition/ig-parameter"
      },
      {
        "extension": [
          {
            "url": "code",
            "valueString": "apply-publisher"
          },
          {
            "url": "value",
            "valueString": "true"
          }
        ],
        "url": "http://hl7.org/fhir/tools/StructureDefinition/ig-parameter"
      },
      {
        "extension": [
          {
            "url": "code",
            "valueString": "apply-version"
          },
          {
            "url": "value",
            "valueString": "true"
          }
        ],
        "url": "http://hl7.org/fhir/tools/StructureDefinition/ig-parameter"
      },
      {
        "extension": [
          {
            "url": "code",
            "valueString": "active-tables"
          },
          {
            "url": "value",
            "valueString": "true"
          }
        ],
        "url": "http://hl7.org/fhir/tools/StructureDefinition/ig-parameter"
      }
    ],
    "resource": [
      {
        "extension": [
          {
            "url": "http://hl7.org/fhir/tools/StructureDefinition/resource-information",
            "valueString": "StructureDefinition:resource"
          }
        ],
        "reference": {
          "reference": "StructureDefinition/Q4MSArztbriefProfile"
        },
        "name": "Arztbrief",
        "description": "Profile eines Arztbriefs",
        "exampleBoolean": false
      },
      {
        "extension": [
          {
            "url": "http://hl7.org/fhir/tools/StructureDefinition/resource-information",
            "valueString": "StructureDefinition:resource"
          }
        ],
        "reference": {
          "reference": "StructureDefinition/Q4MSBefundProfile"
        },
        "name": "Befund",
        "description": "Profile eines Befunds",
        "exampleBoolean": false
      },
      {
        "extension": [
          {
            "url": "http://hl7.org/fhir/tools/StructureDefinition/resource-information",
            "valueString": "StructureDefinition:resource"
          }
        ],
        "reference": {
          "reference": "StructureDefinition/Q4MSDokumentProfile"
        },
        "name": "Dokument",
        "description": "Profile eines Dokuments",
        "exampleBoolean": false
      },
      {
        "extension": [
          {
            "url": "http://hl7.org/fhir/tools/StructureDefinition/resource-information",
            "valueString": "StructureDefinition:resource"
          }
        ],
        "reference": {
          "reference": "StructureDefinition/Q4MSDokumentanforderungProfile"
        },
        "name": "Dokumentanforderung",
        "description": "Profile einer Dokumentanforderung",
        "exampleBoolean": false
      },
      {
        "extension": [
          {
            "url": "http://hl7.org/fhir/tools/StructureDefinition/resource-information",
            "valueString": "StructureDefinition:resource"
          }
        ],
        "reference": {
          "reference": "StructureDefinition/Q4MSKonsiliarberichtProfile"
        },
        "name": "Konsiliarbericht",
        "description": "Profile eines Konsiliarberichts",
        "exampleBoolean": false
      },
      {
        "extension": [
          {
            "url": "http://hl7.org/fhir/tools/StructureDefinition/resource-information",
            "valueString": "StructureDefinition:resource"
          }
        ],
        "reference": {
          "reference": "StructureDefinition/Q4MSLaborergebnisProfile"
        },
        "name": "Laborergebnis",
        "description": "Profile eines Laborergebnisses",
        "exampleBoolean": false
      },
      {
        "extension": [
          {
            "url": "http://hl7.org/fhir/tools/StructureDefinition/resource-information",
            "valueString": "StructureDefinition:resource"
          }
        ],
        "reference": {
          "reference": "StructureDefinition/Q4MSRezeptProfile"
        },
        "name": "Rezept",
        "description": "Profile eines Rezepts",
        "exampleBoolean": false
      },
      {
        "extension": [
          {
            "url": "http://hl7.org/fhir/tools/StructureDefinition/resource-information",
            "valueString": "StructureDefinition:resource"
          }
        ],
        "reference": {
          "reference": "StructureDefinition/Q4MSSonstigesDokumentProfile"
        },
        "name": "Sonstiges Dokument",
        "description": "Profile eines sonstiges Dokuments",
        "exampleBoolean": false
      },
      {
        "extension": [
          {
            "url": "http://hl7.org/fhir/tools/StructureDefinition/resource-information",
            "valueString": "StructureDefinition:resource"
          }
        ],
        "reference": {
          "reference": "StructureDefinition/Q4MSTerminvereinbarungProfile"
        },
        "name": "Terminvereinbarung",
        "description": "Profile einer Terminvereinbarung",
        "exampleBoolean": false
      },
      {
        "extension": [
          {
            "url": "http://hl7.org/fhir/tools/StructureDefinition/resource-information",
            "valueString": "ValueSet"
          }
        ],
        "reference": {
          "reference": "ValueSet/Q4MSAnfragekategorieVS"
        },
        "name": "Anfragekategorie",
        "description": "Definiert Anfragekategorien",
        "exampleBoolean": false
      },
      {
        "extension": [
          {
            "url": "http://hl7.org/fhir/tools/StructureDefinition/resource-information",
            "valueString": "ValueSet"
          }
        ],
        "reference": {
          "reference": "ValueSet/Q4MSDokumentanforderungkategorieVS"
        },
        "name": "Dokumentanforderungkategorie",
        "description": "Definiert Dokumentanforderungkategorien",
        "exampleBoolean": false
      },
      {
        "extension": [
          {
            "url": "http://hl7.org/fhir/tools/StructureDefinition/resource-information",
            "valueString": "ValueSet"
          }
        ],
        "reference": {
          "reference": "ValueSet/Q4MSTerminanfragekategorieVS"
        },
        "name": "Terminanfragekategorie",
        "description": "Definiert Terminanfragekategorien",
        "exampleBoolean": false
      },
      {
        "extension": [
          {
            "url": "http://hl7.org/fhir/tools/StructureDefinition/resource-information",
            "valueString": "CodeSystem"
          }
        ],
        "reference": {
          "reference": "CodeSystem/Q4MSAnfragekategorie"
        },
        "name": "Anfragekategorie",
        "description": "Deklariert Anfragekategorien",
        "exampleBoolean": false
      },
      {
        "extension": [
          {
            "url": "http://hl7.org/fhir/tools/StructureDefinition/resource-information",
            "valueString": "CodeSystem"
          }
        ],
        "reference": {
          "reference": "CodeSystem/Q4MSDokumentanforderungkategorie"
        },
        "name": "Dokumentanforderungkategorie",
        "description": "Deklariert Dokumentanforderungkategorien",
        "exampleBoolean": false
      },
      {
        "extension": [
          {
            "url": "http://hl7.org/fhir/tools/StructureDefinition/resource-information",
            "valueString": "CodeSystem"
          }
        ],
        "reference": {
          "reference": "CodeSystem/Q4MSTerminanfragekategorie"
        },
        "name": "Terminanfragekategorie",
        "description": "Deklariert Terminanfragekategorien",
        "exampleBoolean": false
      },
      {
        "extension": [
          {
            "url": "http://hl7.org/fhir/tools/StructureDefinition/resource-information",
            "valueString": "CarePlan"
          }
        ],
        "reference": {
          "reference": "CarePlan/AllgemeineNeurologischeAnamneseExampleCP"
        },
        "name": "Beispiel Allgemeine und neurologische Anamnese",
        "description": "Beispiel CarePlan für die Durchführung einer allgemeinen und neurologischen Anamnese mit dem Patienten (M0)",
        "exampleBoolean": true
      },
      {
        "extension": [
          {
            "url": "http://hl7.org/fhir/tools/StructureDefinition/resource-information",
            "valueString": "Task"
          }
        ],
        "reference": {
          "reference": "Task/AllgemeineNeurologischeAnamneseExampleTSK"
        },
        "name": "Beispiel Allgemeine und neurologische Anamnese",
        "description": "Beispiel Task für die Durchführung einer allgemeinenen und neurologischen Anamnese mit dem Patienten (M0)",
        "exampleBoolean": true
      },
      {
        "extension": [
          {
            "url": "http://hl7.org/fhir/tools/StructureDefinition/resource-information",
            "valueString": "CarePlan"
          }
        ],
        "reference": {
          "reference": "CarePlan/AllgemeineNeurologischeUntersuchungExampleCP"
        },
        "name": "Beispiel Allgemeine und neurologische Untersuchung",
        "description": "Beispiel CarePlan für die Durchführung einer allgemeinen neurologischen Untersuchung mit dem Patienten (M0)",
        "exampleBoolean": true
      },
      {
        "extension": [
          {
            "url": "http://hl7.org/fhir/tools/StructureDefinition/resource-information",
            "valueString": "Task"
          }
        ],
        "reference": {
          "reference": "Task/AllgemeineNeurologischeUntersuchungExampleTSK"
        },
        "name": "Beispiel Allgemeine und neurologische Untersuchung",
        "description": "Beispiel Task für die Durchführung einer allgemeinen und neurologischen Untersuchung mit dem Patienten (M0)",
        "exampleBoolean": true
      },
      {
        "extension": [
          {
            "url": "http://hl7.org/fhir/tools/StructureDefinition/resource-information",
            "valueString": "DocumentReference"
          }
        ],
        "reference": {
          "reference": "DocumentReference/ArztbriefExample"
        },
        "name": "Beispiel Arztbrief",
        "description": "Beispiel DocumentReference für einen Arztbrief",
        "exampleCanonical": "http://qpath4ms.ukdd.de/fhir/StructureDefinition/Q4MSArztbriefProfile"
      },
      {
        "extension": [
          {
            "url": "http://hl7.org/fhir/tools/StructureDefinition/resource-information",
            "valueString": "CarePlan"
          }
        ],
        "reference": {
          "reference": "CarePlan/ArztvorstellungExampleCP"
        },
        "name": "Beispiel Arztvorstellung",
        "description": "Beispiel CarePlan für die Arztvorstellung eines Patienten (M0)",
        "exampleBoolean": true
      },
      {
        "extension": [
          {
            "url": "http://hl7.org/fhir/tools/StructureDefinition/resource-information",
            "valueString": "CarePlan"
          }
        ],
        "reference": {
          "reference": "CarePlan/AuswertungExampleCP"
        },
        "name": "Beispiel Auswertung",
        "description": "Beispiel CarePlan für die Durchführung einer Auswertung mit dem Patienten (M0)",
        "exampleBoolean": true
      },
      {
        "extension": [
          {
            "url": "http://hl7.org/fhir/tools/StructureDefinition/resource-information",
            "valueString": "ServiceRequest"
          }
        ],
        "reference": {
          "reference": "ServiceRequest/AuswertungExampleSR"
        },
        "name": "Beispiel Auswertung",
        "description": "Beispiel ServiceRequest für die Durchführung einer Auswertung mit dem Patienten (M0)",
        "exampleBoolean": true
      },
      {
        "extension": [
          {
            "url": "http://hl7.org/fhir/tools/StructureDefinition/resource-information",
            "valueString": "Task"
          }
        ],
        "reference": {
          "reference": "Task/AuswertungExampleTSK"
        },
        "name": "Beispiel Auswertung",
        "description": "Beispiel Task für die Durchführung einer Auswertung mit dem Patienten (M0)",
        "exampleBoolean": true
      },
      {
        "extension": [
          {
            "url": "http://hl7.org/fhir/tools/StructureDefinition/resource-information",
            "valueString": "CarePlan"
          }
        ],
        "reference": {
          "reference": "CarePlan/BasismonitoringExampleCP"
        },
        "name": "Beispiel Basismonitoring Patientenpfad",
        "description": "Beispiel CarePlan einer Basismonitoring-Patientenpfadinstanz bei Erstvorstellung (M0) von Patient John Doe nach Überweisung aus der ambulanten neurologischen Einrichtung",
        "exampleBoolean": true
      },
      {
        "extension": [
          {
            "url": "http://hl7.org/fhir/tools/StructureDefinition/resource-information",
            "valueString": "DocumentReference"
          }
        ],
        "reference": {
          "reference": "DocumentReference/BefundExample"
        },
        "name": "Beispiel Befund",
        "description": "Beispiel DocumentReference für einen Befund",
        "exampleCanonical": "http://qpath4ms.ukdd.de/fhir/StructureDefinition/Q4MSBefundProfile"
      },
      {
        "extension": [
          {
            "url": "http://hl7.org/fhir/tools/StructureDefinition/resource-information",
            "valueString": "CarePlan"
          }
        ],
        "reference": {
          "reference": "CarePlan/BefundauswertungExampleCP"
        },
        "name": "Beispiel Befundauswertung",
        "description": "Beispiel CarePlan für die Durchführung einer Befundauswertung mit dem Patienten (M0)",
        "exampleBoolean": true
      },
      {
        "extension": [
          {
            "url": "http://hl7.org/fhir/tools/StructureDefinition/resource-information",
            "valueString": "Task"
          }
        ],
        "reference": {
          "reference": "Task/BefundauswertungExampleTSK"
        },
        "name": "Beispiel Befundauswertung",
        "description": "Beispiel Task für die Durchführung einer Befundauswertung mit dem Patienten (M0)",
        "exampleBoolean": true
      },
      {
        "extension": [
          {
            "url": "http://hl7.org/fhir/tools/StructureDefinition/resource-information",
            "valueString": "CarePlan"
          }
        ],
        "reference": {
          "reference": "CarePlan/DokumenteAbfragenPatientExampleCP"
        },
        "name": "Beispiel Dokumente abfragen",
        "description": "Beispiel CarePlan für eine Dokumentenabfrage beim Patienten abfragen (M0)",
        "exampleBoolean": true
      },
      {
        "extension": [
          {
            "url": "http://hl7.org/fhir/tools/StructureDefinition/resource-information",
            "valueString": "Task"
          }
        ],
        "reference": {
          "reference": "Task/DokumenteAbfragenPatientExampleTSK"
        },
        "name": "Beispiel Dokumente abfragen",
        "description": "Beispiel Task für eine Dokumentenabfrage beim Patienten (M0)",
        "exampleBoolean": true
      },
      {
        "extension": [
          {
            "url": "http://hl7.org/fhir/tools/StructureDefinition/resource-information",
            "valueString": "CarePlan"
          }
        ],
        "reference": {
          "reference": "CarePlan/DokumenteUebermittelnArztExampleCP"
        },
        "name": "Beispiel Dokumente an Arzt übermitteln",
        "description": "Beispiel CarePlan für eine Dokumentenübermittlung an den Patienten abfragen (M0)",
        "exampleBoolean": true
      },
      {
        "extension": [
          {
            "url": "http://hl7.org/fhir/tools/StructureDefinition/resource-information",
            "valueString": "Task"
          }
        ],
        "reference": {
          "reference": "Task/DokumenteUebermittelnArztExampleTSK"
        },
        "name": "Beispiel Dokumente an Arzt übermitteln",
        "description": "Beispiel Task für eine Dokumentenübermittlung an den Patienten (M0)",
        "exampleBoolean": true
      },
      {
        "extension": [
          {
            "url": "http://hl7.org/fhir/tools/StructureDefinition/resource-information",
            "valueString": "CarePlan"
          }
        ],
        "reference": {
          "reference": "CarePlan/DokumenteUebermittelnPatientExampleCP"
        },
        "name": "Beispiel Dokumente an Patient übermitteln",
        "description": "Beispiel CarePlan für eine Dokumentenübermittlung an den Patienten abfragen (M0)",
        "exampleBoolean": true
      },
      {
        "extension": [
          {
            "url": "http://hl7.org/fhir/tools/StructureDefinition/resource-information",
            "valueString": "Task"
          }
        ],
        "reference": {
          "reference": "Task/DokumenteUebermittelnPatientExampleTSK"
        },
        "name": "Beispiel Dokumente an Patient übermitteln",
        "description": "Beispiel Task für eine Dokumentenübermittlung an den Patienten (M0)",
        "exampleBoolean": true
      },
      {
        "extension": [
          {
            "url": "http://hl7.org/fhir/tools/StructureDefinition/resource-information",
            "valueString": "CarePlan"
          }
        ],
        "reference": {
          "reference": "CarePlan/EntlassungExampleCP"
        },
        "name": "Beispiel Entlassung",
        "description": "Beispiel CarePlan für die Entlassung eines Patienten (M0)",
        "exampleBoolean": true
      },
      {
        "extension": [
          {
            "url": "http://hl7.org/fhir/tools/StructureDefinition/resource-information",
            "valueString": "CarePlan"
          }
        ],
        "reference": {
          "reference": "CarePlan/GanganalyseExampleCP"
        },
        "name": "Beispiel Ganganalyse",
        "description": "Beispiel CarePlan für die Durchführung einer Ganganalyse mit dem Patienten (M0)",
        "exampleBoolean": true
      },
      {
        "extension": [
          {
            "url": "http://hl7.org/fhir/tools/StructureDefinition/resource-information",
            "valueString": "ServiceRequest"
          }
        ],
        "reference": {
          "reference": "ServiceRequest/GanganalyseExampleSR"
        },
        "name": "Beispiel Ganganalyse",
        "description": "Beispiel ServiceRequest für die Durchführung einer Ganganalyse mit dem Patienten (M0)",
        "exampleBoolean": true
      },
      {
        "extension": [
          {
            "url": "http://hl7.org/fhir/tools/StructureDefinition/resource-information",
            "valueString": "DocumentReference"
          }
        ],
        "reference": {
          "reference": "DocumentReference/KonsiliarberichtExample"
        },
        "name": "Beispiel Konsiliarbericht",
        "description": "Beispiel DocumentReference für einen Konsiliarbericht",
        "exampleCanonical": "http://qpath4ms.ukdd.de/fhir/StructureDefinition/Q4MSKonsiliarberichtProfile"
      },
      {
        "extension": [
          {
            "url": "http://hl7.org/fhir/tools/StructureDefinition/resource-information",
            "valueString": "DocumentReference"
          }
        ],
        "reference": {
          "reference": "DocumentReference/LaborergebnisExample"
        },
        "name": "Beispiel Laborergebnis",
        "description": "Beispiel DocumentReference für ein Laborergebnis",
        "exampleCanonical": "http://qpath4ms.ukdd.de/fhir/StructureDefinition/Q4MSLaborergebnisProfile"
      },
      {
        "extension": [
          {
            "url": "http://hl7.org/fhir/tools/StructureDefinition/resource-information",
            "valueString": "CarePlan"
          }
        ],
        "reference": {
          "reference": "CarePlan/LaboruntersuchungExampleCP"
        },
        "name": "Beispiel Laboruntersuchung",
        "description": "Beispiel CarePlan für die Durchführung einer Laboruntersuchung mit dem Patienten (M0)",
        "exampleBoolean": true
      },
      {
        "extension": [
          {
            "url": "http://hl7.org/fhir/tools/StructureDefinition/resource-information",
            "valueString": "ServiceRequest"
          }
        ],
        "reference": {
          "reference": "ServiceRequest/LaboruntersuchungExampleSR"
        },
        "name": "Beispiel Laboruntersuchung",
        "description": "Beispiel ServiceRequest für die Durchführung einer Laboruntersuchung mit dem Patienten (M0)",
        "exampleBoolean": true
      },
      {
        "extension": [
          {
            "url": "http://hl7.org/fhir/tools/StructureDefinition/resource-information",
            "valueString": "CarePlan"
          }
        ],
        "reference": {
          "reference": "CarePlan/MagnetresonanztomographieExampleCP"
        },
        "name": "Beispiel Magnetresonanztomographie (MRT)",
        "description": "Beispiel CarePlan für die Durchführung einer MRT mit dem Patienten (M0)",
        "exampleBoolean": true
      },
      {
        "extension": [
          {
            "url": "http://hl7.org/fhir/tools/StructureDefinition/resource-information",
            "valueString": "ServiceRequest"
          }
        ],
        "reference": {
          "reference": "ServiceRequest/MagnetresonanztomographieExampleSR"
        },
        "name": "Beispiel Magnetresonanztomographie (MRT)",
        "description": "Beispiel ServiceRequest für die Durchführung einer MRT mit dem Patienten (M0)",
        "exampleBoolean": true
      },
      {
        "extension": [
          {
            "url": "http://hl7.org/fhir/tools/StructureDefinition/resource-information",
            "valueString": "CarePlan"
          }
        ],
        "reference": {
          "reference": "CarePlan/MultipleSclerosisPerformanceTestExampleCP"
        },
        "name": "Beispiel Multiple Sclerosis Performance Test (MSPT)",
        "description": "Beispiel CarePlan für die Durchführung eines MSPT mit dem Patienten (M0)",
        "exampleBoolean": true
      },
      {
        "extension": [
          {
            "url": "http://hl7.org/fhir/tools/StructureDefinition/resource-information",
            "valueString": "ServiceRequest"
          }
        ],
        "reference": {
          "reference": "ServiceRequest/MultipleSclerosisPerformanceTestExampleSR"
        },
        "name": "Beispiel Multiple Sclerosis Performance Test (MSPT)",
        "description": "Beispiel ServiceRequest für die Durchführung eines MSPT mit dem Patienten (M0)",
        "exampleBoolean": true
      },
      {
        "extension": [
          {
            "url": "http://hl7.org/fhir/tools/StructureDefinition/resource-information",
            "valueString": "CarePlan"
          }
        ],
        "reference": {
          "reference": "CarePlan/OptischeKohaerenztomographieExampleCP"
        },
        "name": "Beispiel Optische Kohärenztomographie (OCT)",
        "description": "Beispiel CarePlan für die Durchführung eines OCT mit dem Patienten (M0)",
        "exampleBoolean": true
      },
      {
        "extension": [
          {
            "url": "http://hl7.org/fhir/tools/StructureDefinition/resource-information",
            "valueString": "ServiceRequest"
          }
        ],
        "reference": {
          "reference": "ServiceRequest/OptischeKohaerenztomographieExampleSR"
        },
        "name": "Beispiel Optische Kohärenztomographie (OCT)",
        "description": "Beispiel ServiceRequest für die Durchführung eines OCT mit dem Patienten (M0)",
        "exampleBoolean": true
      },
      {
        "extension": [
          {
            "url": "http://hl7.org/fhir/tools/StructureDefinition/resource-information",
            "valueString": "Patient"
          }
        ],
        "reference": {
          "reference": "Patient/PatientJohnDoe"
        },
        "name": "Beispiel Patient",
        "description": "Beispiel Patient John Doe",
        "exampleBoolean": true
      },
      {
        "extension": [
          {
            "url": "http://hl7.org/fhir/tools/StructureDefinition/resource-information",
            "valueString": "StructureMap"
          }
        ],
        "reference": {
          "reference": "StructureMap/Q4MSActivityDefinitionTaskTransform"
        },
        "name": "Transformiert eine ActivityDefinition in einen Task",
        "exampleBoolean": false
      },
      {
        "extension": [
          {
            "url": "http://hl7.org/fhir/tools/StructureDefinition/resource-information",
            "valueString": "PlanDefinition"
          }
        ],
        "reference": {
          "reference": "PlanDefinition/Q4MSAllgemeineNeurologischeAnamnese"
        },
        "name": "Allgemeine und neurologische Anamnese",
        "description": "PlanDefinition zur allgemeinen und neurologischen Anamnese",
        "exampleBoolean": false
      },
      {
        "extension": [
          {
            "url": "http://hl7.org/fhir/tools/StructureDefinition/resource-information",
            "valueString": "ActivityDefinition"
          }
        ],
        "reference": {
          "reference": "ActivityDefinition/Q4MSAllgemeineNeurologischeAnamneseAD"
        },
        "name": "Allgemeine und neurologische Anamnese",
        "description": "ActivityDefinition zur allgemeinen und neurologischen Anamnese",
        "exampleBoolean": false
      },
      {
        "extension": [
          {
            "url": "http://hl7.org/fhir/tools/StructureDefinition/resource-information",
            "valueString": "PlanDefinition"
          }
        ],
        "reference": {
          "reference": "PlanDefinition/Q4MSAllgemeineNeurologischeUntersuchung"
        },
        "name": "Allgemeine und neurologische Untersuchung",
        "description": "PlanDefinition zur allgemeinen und neurologischen Untersuchung",
        "exampleBoolean": false
      },
      {
        "extension": [
          {
            "url": "http://hl7.org/fhir/tools/StructureDefinition/resource-information",
            "valueString": "MessageDefinition"
          }
        ],
        "reference": {
          "reference": "MessageDefinition/Q4MSArztbriefanfrage"
        },
        "name": "Arztbriefanfrage",
        "description": "Profile einer Arztbriefanfrage",
        "exampleBoolean": false
      },
      {
        "extension": [
          {
            "url": "http://hl7.org/fhir/tools/StructureDefinition/resource-information",
            "valueString": "MessageHeader"
          }
        ],
        "reference": {
          "reference": "MessageHeader/Q4MSArztbriefanfrageHeader"
        },
        "name": "Arztbriefanfrage",
        "exampleBoolean": false
      },
      {
        "extension": [
          {
            "url": "http://hl7.org/fhir/tools/StructureDefinition/resource-information",
            "valueString": "PlanDefinition"
          }
        ],
        "reference": {
          "reference": "PlanDefinition/Q4MSArztvorstellung"
        },
        "name": "Arztvorstellung",
        "description": "PlanDefinition zur Arztvorstellung",
        "exampleBoolean": false
      },
      {
        "extension": [
          {
            "url": "http://hl7.org/fhir/tools/StructureDefinition/resource-information",
            "valueString": "PlanDefinition"
          }
        ],
        "reference": {
          "reference": "PlanDefinition/Q4MSAuswertung"
        },
        "name": "Auswertung",
        "description": "PlanDefinition zur Auswertung",
        "exampleBoolean": false
      },
      {
        "extension": [
          {
            "url": "http://hl7.org/fhir/tools/StructureDefinition/resource-information",
            "valueString": "ActivityDefinition"
          }
        ],
        "reference": {
          "reference": "ActivityDefinition/Q4MSAuswertungAD"
        },
        "name": "Auswertung",
        "description": "ActivityDefinition zur Auswertung",
        "exampleBoolean": false
      },
      {
        "extension": [
          {
            "url": "http://hl7.org/fhir/tools/StructureDefinition/resource-information",
            "valueString": "PlanDefinition"
          }
        ],
        "reference": {
          "reference": "PlanDefinition/Q4MSBasismonitoring"
        },
        "name": "Basismonitoring Patientepfad",
        "description": "PlanDefinition zum Basismonitoring-Patientepfad",
        "exampleBoolean": false
      },
      {
        "extension": [
          {
            "url": "http://hl7.org/fhir/tools/StructureDefinition/resource-information",
            "valueString": "PlanDefinition"
          }
        ],
        "reference": {
          "reference": "PlanDefinition/Q4MSBefundauswertung"
        },
        "name": "Befundauswertung",
        "description": "PlanDefinition zur Befundauswertung",
        "exampleBoolean": false
      },
      {
        "extension": [
          {
            "url": "http://hl7.org/fhir/tools/StructureDefinition/resource-information",
            "valueString": "ActivityDefinition"
          }
        ],
        "reference": {
          "reference": "ActivityDefinition/Q4MSBefundauswertungAD"
        },
        "name": "Befundauswertung",
        "description": "ActivityDefinition zur Befundauswertung",
        "exampleBoolean": false
      },
      {
        "extension": [
          {
            "url": "http://hl7.org/fhir/tools/StructureDefinition/resource-information",
            "valueString": "ActivityDefinition"
          }
        ],
        "reference": {
          "reference": "ActivityDefinition/Q4MSDokumenteAbfragenAD"
        },
        "name": "Dokumente abfragen",
        "description": "ActivityDefinition zur Abfragen von Dokumenten",
        "exampleBoolean": false
      },
      {
        "extension": [
          {
            "url": "http://hl7.org/fhir/tools/StructureDefinition/resource-information",
            "valueString": "PlanDefinition"
          }
        ],
        "reference": {
          "reference": "PlanDefinition/Q4MSDokumenteAbfragenPatient"
        },
        "name": "Dokumente beim Patient abfragen",
        "description": "PlanDefinition zur Abfrage von Dokumenten beim Patient",
        "exampleBoolean": false
      },
      {
        "extension": [
          {
            "url": "http://hl7.org/fhir/tools/StructureDefinition/resource-information",
            "valueString": "ActivityDefinition"
          }
        ],
        "reference": {
          "reference": "ActivityDefinition/Q4MSDokumenteUebermittelnAD"
        },
        "name": "Dokumente übermitteln",
        "description": "ActivityDefinition zur Uebermittlung von Dokumenten",
        "exampleBoolean": false
      },
      {
        "extension": [
          {
            "url": "http://hl7.org/fhir/tools/StructureDefinition/resource-information",
            "valueString": "PlanDefinition"
          }
        ],
        "reference": {
          "reference": "PlanDefinition/Q4MSDokumenteUebermittelnArzt"
        },
        "name": "Dokumente an Arzt übermitteln",
        "description": "PlanDefinition zur Uebermittlung von Dokumenten an einen Arzt",
        "exampleBoolean": false
      },
      {
        "extension": [
          {
            "url": "http://hl7.org/fhir/tools/StructureDefinition/resource-information",
            "valueString": "PlanDefinition"
          }
        ],
        "reference": {
          "reference": "PlanDefinition/Q4MSDokumenteUebermittelnPatient"
        },
        "name": "Dokumente an Patient übermitteln",
        "description": "PlanDefinition zur Uebermittlung von Dokumenten an einen Patient",
        "exampleBoolean": false
      },
      {
        "extension": [
          {
            "url": "http://hl7.org/fhir/tools/StructureDefinition/resource-information",
            "valueString": "PlanDefinition"
          }
        ],
        "reference": {
          "reference": "PlanDefinition/Q4MSEntlassung"
        },
        "name": "Entlassung",
        "description": "PlanDefinition zur Entlassung",
        "exampleBoolean": false
      },
      {
        "extension": [
          {
            "url": "http://hl7.org/fhir/tools/StructureDefinition/resource-information",
            "valueString": "ActivityDefinition"
          }
        ],
        "reference": {
          "reference": "ActivityDefinition/Q4MSExpandedDisabilityStatusScaleAD"
        },
        "name": "Expanded Disability Status Scale (EDSS)",
        "description": "ActivityDefinition zur Expanded Disability Status Scale (EDSS)",
        "exampleBoolean": false
      },
      {
        "extension": [
          {
            "url": "http://hl7.org/fhir/tools/StructureDefinition/resource-information",
            "valueString": "PlanDefinition"
          }
        ],
        "reference": {
          "reference": "PlanDefinition/Q4MSGanganalyse"
        },
        "name": "Ganganalyse",
        "description": "PlanDefinition zur Ganganalyse",
        "exampleBoolean": false
      },
      {
        "extension": [
          {
            "url": "http://hl7.org/fhir/tools/StructureDefinition/resource-information",
            "valueString": "ActivityDefinition"
          }
        ],
        "reference": {
          "reference": "ActivityDefinition/Q4MSGanganalyseAD"
        },
        "name": "Ganganalyse",
        "description": "ActivityDefinition zur Ganganalyse",
        "exampleBoolean": false
      },
      {
        "extension": [
          {
            "url": "http://hl7.org/fhir/tools/StructureDefinition/resource-information",
            "valueString": "PlanDefinition"
          }
        ],
        "reference": {
          "reference": "PlanDefinition/Q4MSLaboruntersuchung"
        },
        "name": "Laboruntersuchung",
        "description": "PlanDefinition zur Laboruntersuchung",
        "exampleBoolean": false
      },
      {
        "extension": [
          {
            "url": "http://hl7.org/fhir/tools/StructureDefinition/resource-information",
            "valueString": "ActivityDefinition"
          }
        ],
        "reference": {
          "reference": "ActivityDefinition/Q4MSLaboruntersuchungAD"
        },
        "name": "Laboruntersuchung",
        "description": "ActivityDefinition zur Laboruntersuchung",
        "exampleBoolean": false
      },
      {
        "extension": [
          {
            "url": "http://hl7.org/fhir/tools/StructureDefinition/resource-information",
            "valueString": "PlanDefinition"
          }
        ],
        "reference": {
          "reference": "PlanDefinition/Q4MSMagnetresonanztomographie"
        },
        "name": "Magnetresonanztomographie",
        "description": "PlanDefinition zur Magnetresonanztomographie (MRT)",
        "exampleBoolean": false
      },
      {
        "extension": [
          {
            "url": "http://hl7.org/fhir/tools/StructureDefinition/resource-information",
            "valueString": "ActivityDefinition"
          }
        ],
        "reference": {
          "reference": "ActivityDefinition/Q4MSMagnetresonanztomographieAD"
        },
        "name": "Magnetresonanztomographie",
        "description": "ActivityDefinition zur Magnetresonanztomographie (MRT)",
        "exampleBoolean": false
      },
      {
        "extension": [
          {
            "url": "http://hl7.org/fhir/tools/StructureDefinition/resource-information",
            "valueString": "PlanDefinition"
          }
        ],
        "reference": {
          "reference": "PlanDefinition/Q4MSMultipleSclerosisPerformanceTest"
        },
        "name": "Multiple Sclerosis Performance Test",
        "description": "PlanDefinition zum Multiple Sclerosis Performance Test (MSPT)",
        "exampleBoolean": false
      },
      {
        "extension": [
          {
            "url": "http://hl7.org/fhir/tools/StructureDefinition/resource-information",
            "valueString": "ActivityDefinition"
          }
        ],
        "reference": {
          "reference": "ActivityDefinition/Q4MSMultipleSclerosisPerformanceTestAD"
        },
        "name": "Multiple Sclerosis Performance Test",
        "description": "ActivityDefinition zum Multiple Sclerosis Performance Test (MSPT)",
        "exampleBoolean": false
      },
      {
        "extension": [
          {
            "url": "http://hl7.org/fhir/tools/StructureDefinition/resource-information",
            "valueString": "PlanDefinition"
          }
        ],
        "reference": {
          "reference": "PlanDefinition/Q4MSOptischeKohaerenztomographie"
        },
        "name": "Optische Kohärenztomographie",
        "description": "PlanDefinition zur Optischen Kohärenztomographie (OCT)",
        "exampleBoolean": false
      },
      {
        "extension": [
          {
            "url": "http://hl7.org/fhir/tools/StructureDefinition/resource-information",
            "valueString": "ActivityDefinition"
          }
        ],
        "reference": {
          "reference": "ActivityDefinition/Q4MSOptischeKohaerenztomographieAD"
        },
        "name": "Optische Kohärenztomographie",
        "description": "ActivityDefinition zur Optischen Kohärenztomographie (OCT)",
        "exampleBoolean": false
      },
      {
        "extension": [
          {
            "url": "http://hl7.org/fhir/tools/StructureDefinition/resource-information",
            "valueString": "MessageDefinition"
          }
        ],
        "reference": {
          "reference": "MessageDefinition/Q4MSTerminanfrage"
        },
        "name": "Terminanfrage",
        "description": "Profile einer Terminanfrage",
        "exampleBoolean": false
      },
      {
        "extension": [
          {
            "url": "http://hl7.org/fhir/tools/StructureDefinition/resource-information",
            "valueString": "MessageHeader"
          }
        ],
        "reference": {
          "reference": "MessageHeader/Q4MSTerminanfrageHeader"
        },
        "name": "Terminanfrage",
        "exampleBoolean": false
      },
      {
        "extension": [
          {
            "url": "http://hl7.org/fhir/tools/StructureDefinition/resource-information",
            "valueString": "PlanDefinition"
          }
        ],
        "reference": {
          "reference": "PlanDefinition/Q4MSTerminvereinbarung"
        },
        "name": "Terminvereinbarung",
        "description": "PlanDefinition zur Terminvereinbarung",
        "exampleBoolean": false
      },
      {
        "extension": [
          {
            "url": "http://hl7.org/fhir/tools/StructureDefinition/resource-information",
            "valueString": "ActivityDefinition"
          }
        ],
        "reference": {
          "reference": "ActivityDefinition/Q4MSTerminvereinbarungAD"
        },
        "name": "Terminvereinbarung",
        "description": "ActivityDefinition zur Terminvereinbarung",
        "exampleBoolean": false
      },
      {
        "extension": [
          {
            "url": "http://hl7.org/fhir/tools/StructureDefinition/resource-information",
            "valueString": "PlanDefinition"
          }
        ],
        "reference": {
          "reference": "PlanDefinition/Q4MSTherapiespezifischeDiagnostik"
        },
        "name": "Therapiespezifische Diagnostik",
        "description": "PlanDefinition zur therapiespezifischen Diagnostik",
        "exampleBoolean": false
      },
      {
        "extension": [
          {
            "url": "http://hl7.org/fhir/tools/StructureDefinition/resource-information",
            "valueString": "ActivityDefinition"
          }
        ],
        "reference": {
          "reference": "ActivityDefinition/Q4MSTherapiespezifischeDiagnostikAD"
        },
        "name": "Therapiespezifische Diagnostik",
        "description": "ActivityDefinition zur therapiespezifischen Diagnostik",
        "exampleBoolean": false
      },
      {
        "extension": [
          {
            "url": "http://hl7.org/fhir/tools/StructureDefinition/resource-information",
            "valueString": "PlanDefinition"
          }
        ],
        "reference": {
          "reference": "PlanDefinition/Q4MSVorstellung"
        },
        "name": "Erst- oder Wiedervorstellung",
        "description": "PlanDefinition zur Erst- oder Wiedervorstellung",
        "exampleBoolean": false
      },
      {
        "extension": [
          {
            "url": "http://hl7.org/fhir/tools/StructureDefinition/resource-information",
            "valueString": "PlanDefinition"
          }
        ],
        "reference": {
          "reference": "PlanDefinition/Q4MSVoruntersuchung"
        },
        "name": "Voruntersuchung",
        "description": "PlanDefinition zur Voruntersuchung",
        "exampleBoolean": false
      },
      {
        "extension": [
          {
            "url": "http://hl7.org/fhir/tools/StructureDefinition/resource-information",
            "valueString": "PlanDefinition"
          }
        ],
        "reference": {
          "reference": "PlanDefinition/Q4MSZusatzdiagnostik"
        },
        "name": "Zusatzdiagnostik",
        "description": "PlanDefinition zur Zusatzdiagnostik",
        "exampleBoolean": false
      },
      {
        "extension": [
          {
            "url": "http://hl7.org/fhir/tools/StructureDefinition/resource-information",
            "valueString": "DocumentReference"
          }
        ],
        "reference": {
          "reference": "DocumentReference/RezeptExample"
        },
        "name": "Beispiel Rezept",
        "description": "Beispiel DocumentReference für ein Rezept",
        "exampleCanonical": "http://qpath4ms.ukdd.de/fhir/StructureDefinition/Q4MSRezeptProfile"
      },
      {
        "extension": [
          {
            "url": "http://hl7.org/fhir/tools/StructureDefinition/resource-information",
            "valueString": "DocumentReference"
          }
        ],
        "reference": {
          "reference": "DocumentReference/SonstigesDokumentExample"
        },
        "name": "Beispiel Sonstiges Dokument",
        "description": "Beispiel DocumentReference für ein Sonstiges Dokument, z.B. AU",
        "exampleCanonical": "http://qpath4ms.ukdd.de/fhir/StructureDefinition/Q4MSSonstigesDokumentProfile"
      },
      {
        "extension": [
          {
            "url": "http://hl7.org/fhir/tools/StructureDefinition/resource-information",
            "valueString": "Appointment"
          }
        ],
        "reference": {
          "reference": "Appointment/TerminvereinbarungExampleAPT"
        },
        "name": "Beispiel Terminvereinbarung",
        "description": "Beispiel Appointment mit einem Terminvorschlag für einen Patienten (M0)",
        "exampleBoolean": true
      },
      {
        "extension": [
          {
            "url": "http://hl7.org/fhir/tools/StructureDefinition/resource-information",
            "valueString": "CarePlan"
          }
        ],
        "reference": {
          "reference": "CarePlan/TerminvereinbarungExampleCP"
        },
        "name": "Beispiel Terminvereinbarung",
        "description": "Beispiel CarePlan zur Terminvereinbarung mit einem Patienten (M0)",
        "exampleBoolean": true
      },
      {
        "extension": [
          {
            "url": "http://hl7.org/fhir/tools/StructureDefinition/resource-information",
            "valueString": "CarePlan"
          }
        ],
        "reference": {
          "reference": "CarePlan/TherapiespezifischeDiagnostikExampleCP"
        },
        "name": "Beispiel Therapiespezifische Diagnostik",
        "description": "Beispiel CarePlan für die Durchführung einer therapiespezifischen Diagnostik mit dem Patienten (M0)",
        "exampleBoolean": true
      },
      {
        "extension": [
          {
            "url": "http://hl7.org/fhir/tools/StructureDefinition/resource-information",
            "valueString": "ServiceRequest"
          }
        ],
        "reference": {
          "reference": "ServiceRequest/TherapiespezifischeDiagnostikExampleSR"
        },
        "name": "Beispiel Therapiespezifische Diagnostik",
        "description": "Beispiel ServiceRequest für die Durchführung einer therapiespezifischen Diagnostik mit dem Patienten (M0)",
        "exampleBoolean": true
      },
      {
        "extension": [
          {
            "url": "http://hl7.org/fhir/tools/StructureDefinition/resource-information",
            "valueString": "CarePlan"
          }
        ],
        "reference": {
          "reference": "CarePlan/VorstellungExampleCP"
        },
        "name": "Beispiel Erst- oder Wiedervorstellung",
        "description": "Beispiel CarePlan zur Erstvorstellung eines Patienten (M0)",
        "exampleBoolean": true
      },
      {
        "extension": [
          {
            "url": "http://hl7.org/fhir/tools/StructureDefinition/resource-information",
            "valueString": "CarePlan"
          }
        ],
        "reference": {
          "reference": "CarePlan/VoruntersuchungExampleCP"
        },
        "name": "Beispiel Voruntersuchung",
        "description": "Beispiel CarePlan für die Voruntersuchung eines Patienten (M0)",
        "exampleBoolean": true
      },
      {
        "extension": [
          {
            "url": "http://hl7.org/fhir/tools/StructureDefinition/resource-information",
            "valueString": "CarePlan"
          }
        ],
        "reference": {
          "reference": "CarePlan/ZusatzdiagnostikExampleCP"
        },
        "name": "Beispiel Zusatzdiagnostik",
        "description": "Beispiel CarePlan für die Durchführung einer Zusatzdiagnostik mit dem Patienten (M0)",
        "exampleBoolean": true
      }
    ],
    "page": {
      "nameUrl": "toc.html",
      "title": "Table of Contents",
      "generation": "html",
      "page": [
        {
          "nameUrl": "index.html",
          "title": "Home",
          "generation": "markdown"
        }
      ]
    },
    "parameter": [
      {
        "code": "path-resource",
        "value": "input/capabilities"
      },
      {
        "code": "path-resource",
        "value": "input/examples"
      },
      {
        "code": "path-resource",
        "value": "input/extensions"
      },
      {
        "code": "path-resource",
        "value": "input/models"
      },
      {
        "code": "path-resource",
        "value": "input/operations"
      },
      {
        "code": "path-resource",
        "value": "input/profiles"
      },
      {
        "code": "path-resource",
        "value": "input/resources"
      },
      {
        "code": "path-resource",
        "value": "input/vocabulary"
      },
      {
        "code": "path-resource",
        "value": "input/maps"
      },
      {
        "code": "path-resource",
        "value": "input/testing"
      },
      {
        "code": "path-resource",
        "value": "input/history"
      },
      {
        "code": "path-resource",
        "value": "fsh-generated/resources"
      },
      {
        "code": "path-pages",
        "value": "template/config"
      },
      {
        "code": "path-pages",
        "value": "input/images"
      },
      {
        "code": "path-tx-cache",
        "value": "input-cache/txcache"
      }
    ]
  }
}