<?xml version="1.0" encoding="UTF-8"?>

<MessageHeader xmlns="http://hl7.org/fhir">
  <id value="Q4MSTerminanfrageHeader"/>
  <text>
    <status value="generated"/><div xmlns="http://www.w3.org/1999/xhtml"><p><b>Generated Narrative</b></p><div style="display: inline-block; background-color: #d9e0e7; padding: 6px; margin: 4px; border: 1px solid #8da1b4; border-radius: 5px; line-height: 60%"><p style="margin-bottom: 0px">Resource "Q4MSTerminanfrageHeader" </p></div><p><b>event</b>: Terminanforderung (Details: http://terminology-fgdh.wiwi.tu-dresden.de/fhir/CodeSystem/q4ms-terminanfragekategorie code booking = 'Terminanforderung', stated as 'null')</p><h3>Sources</h3><table class="grid"><tr><td>-</td><td><b>Endpoint</b></td></tr><tr><td>*</td><td><code>127.0.0.1</code></td></tr></table><p><b>definition</b>: <a href="http://pathway-fgdh.wiwi.tu-dresden.de/fhir/MessageDefinition/q4ms-terminanfrage">http://pathway-fgdh.wiwi.tu-dresden.de/fhir/MessageDefinition/q4ms-terminanfrage</a></p></div>
  </text>
  <eventCoding>
    <system value="http://terminology-fgdh.wiwi.tu-dresden.de/fhir/CodeSystem/q4ms-terminanfragekategorie"/>
    <code value="booking"/>
  </eventCoding>
  <source>
    <endpoint value="127.0.0.1"/>
  </source>
  <definition value="http://pathway-fgdh.wiwi.tu-dresden.de/fhir/MessageDefinition/q4ms-terminanfrage"/>
</MessageHeader>