<?xml version="1.0" encoding="UTF-8"?>

<MessageDefinition xmlns="http://hl7.org/fhir">
  <id value="Q4MSArztbriefanfrage"/>
  <meta>
    <profile value="http://qpath.ukdd.de/StructureDefinition/Q4MSDokumentanforderungProfile"/>
  </meta>
  <text>
    <status value="generated"/><div xmlns="http://www.w3.org/1999/xhtml"><p><b>Generated Narrative</b></p><div style="display: inline-block; background-color: #d9e0e7; padding: 6px; margin: 4px; border: 1px solid #8da1b4; border-radius: 5px; line-height: 60%"><p style="margin-bottom: 0px">Resource "Q4MSArztbriefanfrage" </p><p style="margin-bottom: 0px">Profile: <a href="StructureDefinition-Q4MSDokumentanforderungProfile.html">Dokumentanforderung MessageDefinition Profile</a></p></div><p><b>url</b>: <code>http://qpath.ukdd.de/MessageDefinition/Q4MSArztbriefanfrage</code></p><p><b>version</b>: 0.1.0</p><p><b>status</b>: draft</p><p><b>date</b>: 2021-12-21</p><p><b>publisher</b>: QPath4MS</p><p><b>contact</b>: QPath4MS: <a href="http://qpath.ukdd.de">http://qpath.ukdd.de</a></p><p><b>parent</b>: <a href="http://qpath.ukdd.de/ActivityDefinition/Q4MSDokumenteAbfragenActivity">http://qpath.ukdd.de/ActivityDefinition/Q4MSDokumenteAbfragenActivity</a></p><p><b>event</b>: Arztbrief (Details: http://terminology-fgdh.wiwi.tu-dresden.de/fhir/CodeSystem/q4ms-dokumentanforderungkategorie code doctor-letter = 'Arztbrief', stated as 'null')</p><h3>Focus</h3><table class="grid"><tr><td>-</td><td><b>Code</b></td><td><b>Profile</b></td><td><b>Min</b></td></tr><tr><td>*</td><td>DocumentReference</td><td><a href="http://qpath.ukdd.de/StructureDefinition/Q4MSArztbriefProfile">http://qpath.ukdd.de/StructureDefinition/Q4MSArztbriefProfile</a></td><td>1</td></tr></table></div>
  </text>
  <url value="http://qpath.ukdd.de/MessageDefinition/Q4MSArztbriefanfrage"/>
  <version value="0.1.0"/>
  <status value="draft"/>
  <date value="2021-12-21"/>
  <publisher value="QPath4MS"/>
  <contact>
    <name value="QPath4MS"/>
    <telecom>
      <system value="url"/>
      <value value="http://qpath.ukdd.de"/>
    </telecom>
  </contact>
  <parent value="http://qpath.ukdd.de/ActivityDefinition/Q4MSDokumenteAbfragenActivity"/>
  <eventCoding>
    <system value="http://terminology-fgdh.wiwi.tu-dresden.de/fhir/CodeSystem/q4ms-dokumentanforderungkategorie"/>
    <code value="doctor-letter"/>
  </eventCoding>
  <focus>
    <code value="DocumentReference"/>
    <profile value="http://qpath.ukdd.de/StructureDefinition/Q4MSArztbriefProfile"/>
    <min value="1"/>
  </focus>
</MessageDefinition>