{
  "resourceType": "MessageDefinition",
  "id": "Q4MSArztbriefanfrage",
  "meta": {
    "profile": [
      "http://qpath4ms.ukdd.de/fhir/StructureDefinition/Q4MSDokumentanforderungProfile"
    ]
  },
  "text": {
    "status": "generated",
    "div": "<div xmlns=\"http://www.w3.org/1999/xhtml\"><p><b>Generated Narrative</b></p><div style=\"display: inline-block; background-color: #d9e0e7; padding: 6px; margin: 4px; border: 1px solid #8da1b4; border-radius: 5px; line-height: 60%\"><p style=\"margin-bottom: 0px\">Resource \"Q4MSArztbriefanfrage\" </p><p style=\"margin-bottom: 0px\">Profile: <a href=\"StructureDefinition-Q4MSDokumentanforderungProfile.html\">Dokumentanforderung</a></p></div><p><b>url</b>: <code>http://qpath4ms.ukdd.de/fhir/MessageDefinition/Q4MSArztbriefanfrage</code></p><p><b>version</b>: 0.1.0</p><p><b>status</b>: draft</p><p><b>date</b>: 2021-12-21</p><p><b>publisher</b>: Forschungsgruppe Digital Health</p><p><b>contact</b>: Forschungsgruppe Digital Health: <a href=\"https://tud.link/xd10\">https://tud.link/xd10</a>,<a href=\"mailto:digital-health@tu-dresden.de\">digital-health@tu-dresden.de</a>, Marcel Susky: <a href=\"mailto:marcel.susky@tu-dresden.de\">marcel.susky@tu-dresden.de</a></p><p><b>jurisdiction</b>: Germany <span style=\"background: LightGoldenRodYellow; margin: 4px; border: 1px solid khaki\"> (unknown#DE)</span></p><p><b>parent</b>: <a href=\"http://qpath4ms.ukdd.de/fhir/ActivityDefinition/Q4MSDokumenteAbfragenAD\">http://qpath4ms.ukdd.de/fhir/ActivityDefinition/Q4MSDokumenteAbfragenAD</a></p><p><b>event</b>: Arztbrief (Details: http://qpath4ms.ukdd.de/fhir/CodeSystem/Q4MSDokumentanforderungkategorie code doctor-letter = 'Arztbrief', stated as 'null')</p><h3>Focus</h3><table class=\"grid\"><tr><td>-</td><td><b>Code</b></td><td><b>Profile</b></td><td><b>Min</b></td><td><b>Max</b></td></tr><tr><td>*</td><td>DocumentReference</td><td><a href=\"StructureDefinition-Q4MSArztbriefProfile.html\">Arztbrief</a></td><td>1</td><td>*</td></tr></table></div>"
  },
  "url": "http://qpath4ms.ukdd.de/fhir/MessageDefinition/Q4MSArztbriefanfrage",
  "version": "0.1.0",
  "status": "draft",
  "date": "2021-12-21",
  "publisher": "Forschungsgruppe Digital Health",
  "contact": [
    {
      "name": "Forschungsgruppe Digital Health",
      "telecom": [
        {
          "system": "url",
          "value": "https://tud.link/xd10"
        },
        {
          "system": "email",
          "value": "digital-health@tu-dresden.de"
        }
      ]
    },
    {
      "name": "Marcel Susky",
      "telecom": [
        {
          "system": "email",
          "value": "marcel.susky@tu-dresden.de",
          "use": "work"
        }
      ]
    }
  ],
  "jurisdiction": [
    {
      "coding": [
        {
          "system": "urn:iso:std:iso:3166",
          "code": "DE",
          "display": "Germany"
        }
      ]
    }
  ],
  "parent": [
    "http://qpath4ms.ukdd.de/fhir/ActivityDefinition/Q4MSDokumenteAbfragenAD"
  ],
  "eventCoding": {
    "system": "http://qpath4ms.ukdd.de/fhir/CodeSystem/Q4MSDokumentanforderungkategorie",
    "code": "doctor-letter"
  },
  "focus": [
    {
      "code": "DocumentReference",
      "profile": "http://qpath4ms.ukdd.de/fhir/StructureDefinition/Q4MSArztbriefProfile",
      "min": 1,
      "max": "*"
    }
  ]
}