{
  "resourceType": "MessageHeader",
  "id": "Q4MSTerminanfrageHeader",
  "text": {
    "status": "generated",
    "div": "<div xmlns=\"http://www.w3.org/1999/xhtml\"><p><b>Generated Narrative</b></p><div style=\"display: inline-block; background-color: #d9e0e7; padding: 6px; margin: 4px; border: 1px solid #8da1b4; border-radius: 5px; line-height: 60%\"><p style=\"margin-bottom: 0px\">Resource \"Q4MSTerminanfrageHeader\" </p></div><p><b>event</b>: Terminanforderung (Details: http://terminology-fgdh.wiwi.tu-dresden.de/fhir/CodeSystem/q4ms-terminanfragekategorie code booking = 'Terminanforderung', stated as 'null')</p><h3>Sources</h3><table class=\"grid\"><tr><td>-</td><td><b>Endpoint</b></td></tr><tr><td>*</td><td><code>127.0.0.1</code></td></tr></table><p><b>definition</b>: <a href=\"http://qpath.ukdd.de/MessageDefinition/Q4MSTerminanfrage\">http://qpath.ukdd.de/MessageDefinition/Q4MSTerminanfrage</a></p></div>"
  },
  "eventCoding": {
    "system": "http://terminology-fgdh.wiwi.tu-dresden.de/fhir/CodeSystem/q4ms-terminanfragekategorie",
    "code": "booking"
  },
  "source": {
    "endpoint": "127.0.0.1"
  },
  "definition": "http://qpath.ukdd.de/MessageDefinition/Q4MSTerminanfrage"
}