{
  "resourceType": "MessageDefinition",
  "id": "Q4MSTerminanfrage",
  "meta": {
    "profile": [
      "http://qpath.ukdd.de/StructureDefinition/q4ms-terminvereinbarung-profile"
    ]
  },
  "text": {
    "status": "generated",
    "div": "<div xmlns=\"http://www.w3.org/1999/xhtml\"><p><b>Generated Narrative</b></p><div style=\"display: inline-block; background-color: #d9e0e7; padding: 6px; margin: 4px; border: 1px solid #8da1b4; border-radius: 5px; line-height: 60%\"><p style=\"margin-bottom: 0px\">Resource \"Q4MSTerminanfrage\" </p><p style=\"margin-bottom: 0px\">Profile: <a href=\"StructureDefinition-q4ms-terminvereinbarung-profile.html\">Terminvereinbarung MessageDefinition Profile</a></p></div><p><b>url</b>: <code>http://qpath.ukdd.de/MessageDefinition/Q4MSTerminanfrage</code></p><p><b>version</b>: 0.1.0</p><p><b>status</b>: draft</p><p><b>date</b>: 2021-12-21</p><p><b>publisher</b>: QPath4MS</p><p><b>contact</b>: QPath4MS: <a href=\"http://qpath.ukdd.de\">http://qpath.ukdd.de</a></p><p><b>parent</b>: <a href=\"http://qpath.ukdd.de/ActivityDefinition/Q4MSTerminvereinbarungActivity\">http://qpath.ukdd.de/ActivityDefinition/Q4MSTerminvereinbarungActivity</a></p><p><b>event</b>: Terminanforderung (Details: http://qpath.ukdd.de/CodeSystem/q4ms-terminanfragekategorie code booking = 'Terminanforderung', stated as 'null')</p><h3>Focus</h3><table class=\"grid\"><tr><td>-</td><td><b>Code</b></td><td><b>Min</b></td></tr><tr><td>*</td><td>Appointment</td><td>1</td></tr></table></div>"
  },
  "url": "http://qpath.ukdd.de/MessageDefinition/Q4MSTerminanfrage",
  "version": "0.1.0",
  "status": "draft",
  "date": "2021-12-21",
  "publisher": "QPath4MS",
  "contact": [
    {
      "name": "QPath4MS",
      "telecom": [
        {
          "system": "url",
          "value": "http://qpath.ukdd.de"
        }
      ]
    }
  ],
  "parent": [
    "http://qpath.ukdd.de/ActivityDefinition/Q4MSTerminvereinbarungActivity"
  ],
  "eventCoding": {
    "system": "http://qpath.ukdd.de/CodeSystem/q4ms-terminanfragekategorie",
    "code": "booking"
  },
  "focus": [
    {
      "code": "Appointment",
      "min": 1
    }
  ]
}