<?xml version="1.0" encoding="UTF-8"?>

<PlanDefinition xmlns="http://hl7.org/fhir">
  <id value="Q4MSEntlassung"/>
  <text>
    <status value="generated"/><div xmlns="http://www.w3.org/1999/xhtml"><p><b>Generated Narrative</b></p><div style="display: inline-block; background-color: #d9e0e7; padding: 6px; margin: 4px; border: 1px solid #8da1b4; border-radius: 5px; line-height: 60%"><p style="margin-bottom: 0px">Resource "Q4MSEntlassung" </p></div><p><b>url</b>: <code>/PlanDefinition/Q4MSEntlassung</code></p><p><b>version</b>: 0.1.0</p><p><b>type</b>: workflow-definition <span style="background: LightGoldenRodYellow; margin: 4px; border: 1px solid khaki"> ([not stated]#workflow-definition)</span></p><p><b>status</b>: draft</p><p><b>experimental</b>: true</p><p><b>date</b>: 2021-12-22T11:59:55+01:00</p><p><b>publisher</b>: QPath4MS</p><p><b>contact</b>: QPath4MS: <a href="http://qpath.ukdd.de">http://qpath.ukdd.de</a></p><blockquote><p><b>action</b></p><p><b>groupingBehavior</b>: logical-group</p><p><b>selectionBehavior</b>: all</p><p><b>requiredBehavior</b>: must-unless-documented</p><p><b>cardinalityBehavior</b>: single</p><blockquote><p><b>action</b></p><p><b>groupingBehavior</b>: logical-group</p><p><b>selectionBehavior</b>: all</p><p><b>requiredBehavior</b>: must-unless-documented</p><p><b>cardinalityBehavior</b>: single</p></blockquote><blockquote><p><b>action</b></p><p><b>title</b>: Dokumente übermitteln (Arzt)</p><p><b>description</b>: Dokumente an Arzt übermitteln</p><p><b>definition</b>: <code>/PlanDefinition/Q4MSDokumenteUebermittelnArzt</code></p></blockquote></blockquote></div>
  </text>
  <url value="/PlanDefinition/Q4MSEntlassung"/>
  <version value="0.1.0"/>
  <type>
    <coding>
      <code value="workflow-definition"/>
    </coding>
  </type>
  <status value="draft"/>
  <experimental value="true"/>
  <date value="2021-12-22T11:59:55+01:00"/>
  <publisher value="QPath4MS"/>
  <contact>
    <name value="QPath4MS"/>
    <telecom>
      <system value="url"/>
      <value value="http://qpath.ukdd.de"/>
    </telecom>
  </contact>
  <action>
    <groupingBehavior value="logical-group"/>
    <selectionBehavior value="all"/>
    <requiredBehavior value="must-unless-documented"/>
    <cardinalityBehavior value="single"/>
    <action>
      <groupingBehavior value="logical-group"/>
      <selectionBehavior value="all"/>
      <requiredBehavior value="must-unless-documented"/>
      <cardinalityBehavior value="single"/>
      <action>
        <title value="Terminvereinbarung"/>
        <description value="Termin zur Wiederorstellung vereinbaren"/>
        <timingTiming>
          <repeat>
            <frequency value="1"/>
            <period value="3"/>
            <periodUnit value="mo"/>
          </repeat>
        </timingTiming>
        <definitionCanonical value="/PlanDefinition/Q4MSTerminvereinbarung"/>
      </action>
      <action>
        <title value="Dokumente übermitteln (Patient)"/>
        <description value="Dokumente an Patient übermitteln"/>
        <definitionCanonical value="/PlanDefinition/Q4MSDokumenteUebermittelnPatient"/>
      </action>
    </action>
    <action>
      <title value="Dokumente übermitteln (Arzt)"/>
      <description value="Dokumente an Arzt übermitteln"/>
      <condition>
        <kind value="applicability"/>
        <expression>
          <language value="text/cql"/>
          <expression value="is referred"/>
        </expression>
      </condition>
      <definitionCanonical value="/PlanDefinition/Q4MSDokumenteUebermittelnArzt"/>
    </action>
  </action>
</PlanDefinition>