{
  "resourceType": "PlanDefinition",
  "id": "Q4MSArztvorstellung",
  "text": {
    "status": "generated",
    "div": "<div xmlns=\"http://www.w3.org/1999/xhtml\"><p><b>Generated Narrative</b></p><div style=\"display: inline-block; background-color: #d9e0e7; padding: 6px; margin: 4px; border: 1px solid #8da1b4; border-radius: 5px; line-height: 60%\"><p style=\"margin-bottom: 0px\">Resource \"Q4MSArztvorstellung\" </p></div><p><b>url</b>: <code>http://pathway-fgdh.wiwi.tu-dresden.de/fhir/PlanDefinition/q4ms-arztvorstellung</code></p><p><b>version</b>: 0.1.0</p><p><b>type</b>: Workflow Definition <span style=\"background: LightGoldenRodYellow; margin: 4px; border: 1px solid khaki\"> (<a href=\"http://terminology.hl7.org/3.0.0/CodeSystem-plan-definition-type.html\">PlanDefinitionType</a>#workflow-definition)</span></p><p><b>status</b>: draft</p><p><b>experimental</b>: true</p><p><b>date</b>: 2021-12-22T13:43:58+01:00</p><p><b>publisher</b>: QPath4MS</p><p><b>contact</b>: QPath4MS: <a href=\"http://qpath.ukdd.de\">http://qpath.ukdd.de</a></p><blockquote><p><b>action</b></p><p><b>groupingBehavior</b>: logical-group</p><p><b>selectionBehavior</b>: all</p><p><b>requiredBehavior</b>: must-unless-documented</p><p><b>cardinalityBehavior</b>: single</p><h3>Actions</h3><table class=\"grid\"><tr><td>-</td><td><b>Title</b></td><td><b>Definition[x]</b></td></tr><tr><td>*</td><td>Allgemeine und neurologische Untersuchung</td><td><a href=\"http://pathway-fgdh.wiwi.tu-dresden.de/fhir/PlanDefinition/q4ms-allgemeine-neurologische-untersuchung\">http://pathway-fgdh.wiwi.tu-dresden.de/fhir/PlanDefinition/q4ms-allgemeine-neurologische-untersuchung</a></td></tr><tr><td>*</td><td>Befundauswertung</td><td><a href=\"http://pathway-fgdh.wiwi.tu-dresden.de/fhir/PlanDefinition/q4ms-befundauswertung\">http://pathway-fgdh.wiwi.tu-dresden.de/fhir/PlanDefinition/q4ms-befundauswertung</a></td></tr><tr><td>*</td><td>Allgemeine und neurologische Anamnese</td><td><a href=\"http://pathway-fgdh.wiwi.tu-dresden.de/fhir/PlanDefinition/q4ms-allgemeine-neurologische-anamnese\">http://pathway-fgdh.wiwi.tu-dresden.de/fhir/PlanDefinition/q4ms-allgemeine-neurologische-anamnese</a></td></tr><tr><td>*</td><td>Therapiespezifische Diagnostik</td><td><a href=\"http://pathway-fgdh.wiwi.tu-dresden.de/fhir/PlanDefinition/q4ms-therapiespezifische-diagnostik\">http://pathway-fgdh.wiwi.tu-dresden.de/fhir/PlanDefinition/q4ms-therapiespezifische-diagnostik</a></td></tr><tr><td>*</td><td>Zusatzdiagnostik</td><td><a href=\"http://pathway-fgdh.wiwi.tu-dresden.de/fhir/PlanDefinition/q4ms-zusatzdiagnostik\">http://pathway-fgdh.wiwi.tu-dresden.de/fhir/PlanDefinition/q4ms-zusatzdiagnostik</a></td></tr></table></blockquote><blockquote><p><b>action</b></p><p><b>title</b>: Auswertung</p><h3>RelatedActions</h3><table class=\"grid\"><tr><td>-</td><td><b>ActionId</b></td><td><b>Relationship</b></td></tr><tr><td>*</td><td>examination</td><td>after-end</td></tr></table><p><b>definition</b>: <a href=\"http://pathway-fgdh.wiwi.tu-dresden.de/fhir/PlanDefinition/q4ms-auswertung\">http://pathway-fgdh.wiwi.tu-dresden.de/fhir/PlanDefinition/q4ms-auswertung</a></p></blockquote></div>"
  },
  "url": "http://pathway-fgdh.wiwi.tu-dresden.de/fhir/PlanDefinition/q4ms-arztvorstellung",
  "version": "0.1.0",
  "type": {
    "coding": [
      {
        "system": "http://terminology.hl7.org/CodeSystem/plan-definition-type",
        "code": "workflow-definition"
      }
    ]
  },
  "status": "draft",
  "experimental": true,
  "date": "2021-12-22T13:43:58+01:00",
  "publisher": "QPath4MS",
  "contact": [
    {
      "name": "QPath4MS",
      "telecom": [
        {
          "system": "url",
          "value": "http://qpath.ukdd.de"
        }
      ]
    }
  ],
  "action": [
    {
      "id": "examination",
      "groupingBehavior": "logical-group",
      "selectionBehavior": "all",
      "requiredBehavior": "must-unless-documented",
      "cardinalityBehavior": "single",
      "action": [
        {
          "title": "Allgemeine und neurologische Untersuchung",
          "definitionCanonical": "http://pathway-fgdh.wiwi.tu-dresden.de/fhir/PlanDefinition/q4ms-allgemeine-neurologische-untersuchung"
        },
        {
          "title": "Befundauswertung",
          "definitionCanonical": "http://pathway-fgdh.wiwi.tu-dresden.de/fhir/PlanDefinition/q4ms-befundauswertung"
        },
        {
          "title": "Allgemeine und neurologische Anamnese",
          "definitionCanonical": "http://pathway-fgdh.wiwi.tu-dresden.de/fhir/PlanDefinition/q4ms-allgemeine-neurologische-anamnese"
        },
        {
          "title": "Therapiespezifische Diagnostik",
          "definitionCanonical": "http://pathway-fgdh.wiwi.tu-dresden.de/fhir/PlanDefinition/q4ms-therapiespezifische-diagnostik"
        },
        {
          "title": "Zusatzdiagnostik",
          "definitionCanonical": "http://pathway-fgdh.wiwi.tu-dresden.de/fhir/PlanDefinition/q4ms-zusatzdiagnostik"
        }
      ]
    },
    {
      "title": "Auswertung",
      "relatedAction": [
        {
          "actionId": "examination",
          "relationship": "after-end"
        }
      ],
      "definitionCanonical": "http://pathway-fgdh.wiwi.tu-dresden.de/fhir/PlanDefinition/q4ms-auswertung"
    }
  ]
}