{
  "resourceType": "PlanDefinition",
  "id": "Q4MSVorstellung",
  "text": {
    "status": "generated",
    "div": "<div xmlns=\"http://www.w3.org/1999/xhtml\"><p><b>Generated Narrative</b></p><div style=\"display: inline-block; background-color: #d9e0e7; padding: 6px; margin: 4px; border: 1px solid #8da1b4; border-radius: 5px; line-height: 60%\"><p style=\"margin-bottom: 0px\">Resource \"Q4MSVorstellung\" </p></div><p><b>url</b>: <code>http://pathway-fgdh.wiwi.tu-dresden.de/fhir/PlanDefinition/q4ms-vorstellung</code></p><p><b>version</b>: 0.1.0</p><p><b>type</b>: Workflow Definition <span style=\"background: LightGoldenRodYellow; margin: 4px; border: 1px solid khaki\"> (<a href=\"http://terminology.hl7.org/3.0.0/CodeSystem-plan-definition-type.html\">PlanDefinitionType</a>#workflow-definition)</span></p><p><b>status</b>: draft</p><p><b>experimental</b>: true</p><p><b>date</b>: 2021-12-22T19:56:03+01:00</p><p><b>publisher</b>: QPath4MS</p><p><b>contact</b>: QPath4MS: <a href=\"http://qpath.ukdd.de\">http://qpath.ukdd.de</a></p><blockquote><p><b>action</b></p><p><b>title</b>: Terminvereinbarung</p><p><b>description</b>: Termin zur Vorstellung vereinbaren</p><p><b>definition</b>: <a href=\"http://pathway-fgdh.wiwi.tu-dresden.de/fhir/PlanDefinition/q4ms-terminvereinbarung\">http://pathway-fgdh.wiwi.tu-dresden.de/fhir/PlanDefinition/q4ms-terminvereinbarung</a></p></blockquote><blockquote><p><b>action</b></p><p><b>title</b>: Dokumente abfragen</p><p><b>description</b>: Dokumente beim Patienten abfragen</p><h3>RelatedActions</h3><table class=\"grid\"><tr><td>-</td><td><b>ActionId</b></td><td><b>Relationship</b></td></tr><tr><td>*</td><td>appointment</td><td>after-end</td></tr></table><p><b>definition</b>: <a href=\"http://pathway-fgdh.wiwi.tu-dresden.de/fhir/PlanDefinition/q4ms-dokumente-abfragen-patient\">http://pathway-fgdh.wiwi.tu-dresden.de/fhir/PlanDefinition/q4ms-dokumente-abfragen-patient</a></p></blockquote></div>"
  },
  "url": "http://pathway-fgdh.wiwi.tu-dresden.de/fhir/PlanDefinition/q4ms-vorstellung",
  "version": "0.1.0",
  "type": {
    "coding": [
      {
        "system": "http://terminology.hl7.org/CodeSystem/plan-definition-type",
        "code": "workflow-definition"
      }
    ]
  },
  "status": "draft",
  "experimental": true,
  "date": "2021-12-22T19:56:03+01:00",
  "publisher": "QPath4MS",
  "contact": [
    {
      "name": "QPath4MS",
      "telecom": [
        {
          "system": "url",
          "value": "http://qpath.ukdd.de"
        }
      ]
    }
  ],
  "action": [
    {
      "id": "appointment",
      "title": "Terminvereinbarung",
      "description": "Termin zur Vorstellung vereinbaren",
      "definitionCanonical": "http://pathway-fgdh.wiwi.tu-dresden.de/fhir/PlanDefinition/q4ms-terminvereinbarung"
    },
    {
      "title": "Dokumente abfragen",
      "description": "Dokumente beim Patienten abfragen",
      "relatedAction": [
        {
          "actionId": "appointment",
          "relationship": "after-end"
        }
      ],
      "definitionCanonical": "http://pathway-fgdh.wiwi.tu-dresden.de/fhir/PlanDefinition/q4ms-dokumente-abfragen-patient"
    }
  ]
}