{
  "resourceType": "PlanDefinition",
  "id": "Q4MSVorstellung",
  "text": {
    "status": "generated",
    "div": "<div xmlns=\"http://www.w3.org/1999/xhtml\"><p><b>Generated Narrative</b></p><div style=\"display: inline-block; background-color: #d9e0e7; padding: 6px; margin: 4px; border: 1px solid #8da1b4; border-radius: 5px; line-height: 60%\"><p style=\"margin-bottom: 0px\">Resource \"Q4MSVorstellung\" </p></div><p><b>url</b>: <code>/PlanDefinition/Q4MSVorstellung</code></p><p><b>version</b>: 0.1.0</p><p><b>type</b>: workflow-definition <span style=\"background: LightGoldenRodYellow; margin: 4px; border: 1px solid khaki\"> ([not stated]#workflow-definition)</span></p><p><b>status</b>: draft</p><p><b>experimental</b>: true</p><p><b>date</b>: 2021-12-22T11:59:55+01:00</p><p><b>publisher</b>: QPath4MS</p><p><b>contact</b>: QPath4MS: <a href=\"http://qpath.ukdd.de\">http://qpath.ukdd.de</a></p><blockquote><p><b>action</b></p><p><b>title</b>: Terminvereinbarung</p><p><b>description</b>: Termin zur Vorstellung vereinbaren</p><p><b>definition</b>: <code>/PlanDefinition/Q4MSTerminvereinbarung</code></p></blockquote><blockquote><p><b>action</b></p><p><b>title</b>: Dokumente abfragen</p><p><b>description</b>: Dokumente beim Patienten abfragen</p><h3>RelatedActions</h3><table class=\"grid\"><tr><td>-</td><td><b>ActionId</b></td><td><b>Relationship</b></td></tr><tr><td>*</td><td>appointment</td><td>after-end</td></tr></table><p><b>definition</b>: <code>/PlanDefinition/Q4MSDokumenteAbfragenPatient</code></p></blockquote></div>"
  },
  "url": "/PlanDefinition/Q4MSVorstellung",
  "version": "0.1.0",
  "type": {
    "coding": [
      {
        "code": "workflow-definition"
      }
    ]
  },
  "status": "draft",
  "experimental": true,
  "date": "2021-12-22T11:59:55+01:00",
  "publisher": "QPath4MS",
  "contact": [
    {
      "name": "QPath4MS",
      "telecom": [
        {
          "system": "url",
          "value": "http://qpath.ukdd.de"
        }
      ]
    }
  ],
  "action": [
    {
      "id": "appointment",
      "title": "Terminvereinbarung",
      "description": "Termin zur Vorstellung vereinbaren",
      "definitionCanonical": "/PlanDefinition/Q4MSTerminvereinbarung"
    },
    {
      "title": "Dokumente abfragen",
      "description": "Dokumente beim Patienten abfragen",
      "relatedAction": [
        {
          "actionId": "appointment",
          "relationship": "after-end"
        }
      ],
      "definitionCanonical": "/PlanDefinition/Q4MSDokumenteAbfragenPatient"
    }
  ]
}