<?xml version="1.0" encoding="UTF-8"?>

<PlanDefinition xmlns="http://hl7.org/fhir">
  <id value="Q4MSAllgemeineNeurologischeAnamnese"/>
  <text>
    <status value="generated"/><div xmlns="http://www.w3.org/1999/xhtml"><p><b>Generated Narrative</b></p><div style="display: inline-block; background-color: #d9e0e7; padding: 6px; margin: 4px; border: 1px solid #8da1b4; border-radius: 5px; line-height: 60%"><p style="margin-bottom: 0px">Resource "Q4MSAllgemeineNeurologischeAnamnese" </p></div><p><b>url</b>: <code>/PlanDefinition/Q4MSAllgemeineNeurologischeAnamnese</code></p><p><b>version</b>: 0.1.0</p><p><b>type</b>: eca-rule <span style="background: LightGoldenRodYellow; margin: 4px; border: 1px solid khaki"> ([not stated]#eca-rule)</span></p><p><b>status</b>: draft</p><p><b>experimental</b>: true</p><p><b>date</b>: 2021-12-22T11:59:55+01:00</p><p><b>publisher</b>: QPath4MS</p><p><b>contact</b>: QPath4MS: <a href="http://qpath.ukdd.de">http://qpath.ukdd.de</a></p><h3>Actions</h3><table class="grid"><tr><td>-</td><td><b>Title</b></td><td><b>Type</b></td><td><b>Definition[x]</b></td></tr><tr><td>*</td><td>Expanded Disability Status Scale (EDSS)</td><td>create <span style="background: LightGoldenRodYellow; margin: 4px; border: 1px solid khaki"> ([not stated]#create)</span></td><td><a href="http://qpath.ukdd.de/ActivityDefinition/Q4MSExpandedDisabilityStatusScaleActivity">http://qpath.ukdd.de/ActivityDefinition/Q4MSExpandedDisabilityStatusScaleActivity</a></td></tr></table></div>
  </text>
  <url value="/PlanDefinition/Q4MSAllgemeineNeurologischeAnamnese"/>
  <version value="0.1.0"/>
  <type>
    <coding>
      <code value="eca-rule"/>
    </coding>
  </type>
  <status value="draft"/>
  <experimental value="true"/>
  <date value="2021-12-22T11:59:55+01:00"/>
  <publisher value="QPath4MS"/>
  <contact>
    <name value="QPath4MS"/>
    <telecom>
      <system value="url"/>
      <value value="http://qpath.ukdd.de"/>
    </telecom>
  </contact>
  <action>
    <title value="Expanded Disability Status Scale (EDSS)"/>
    <type>
      <coding>
        <code value="create"/>
      </coding>
    </type>
    <definitionCanonical value="http://qpath.ukdd.de/ActivityDefinition/Q4MSExpandedDisabilityStatusScaleActivity"/>
  </action>
</PlanDefinition>