{
  "resourceType": "PlanDefinition",
  "id": "Q4MSMagnetresonanztomographie",
  "text": {
    "status": "generated",
    "div": "<div xmlns=\"http://www.w3.org/1999/xhtml\"><p><b>Generated Narrative</b></p><div style=\"display: inline-block; background-color: #d9e0e7; padding: 6px; margin: 4px; border: 1px solid #8da1b4; border-radius: 5px; line-height: 60%\"><p style=\"margin-bottom: 0px\">Resource \"Q4MSMagnetresonanztomographie\" </p></div><p><b>url</b>: <code>http://qpath4ms.ukdd.de/fhir/PlanDefinition/Q4MSMagnetresonanztomographie</code></p><p><b>version</b>: 0.1.0</p><p><b>name</b>: Q4MSMagnetresonanztomographie</p><p><b>type</b>: ECA Rule <span style=\"background: LightGoldenRodYellow; margin: 4px; border: 1px solid khaki\"> (<a href=\"http://terminology.hl7.org/3.0.0/CodeSystem-plan-definition-type.html\">PlanDefinitionType</a>#eca-rule)</span></p><p><b>status</b>: draft</p><p><b>experimental</b>: true</p><p><b>date</b>: 2022-01-21T07:36:48+01:00</p><p><b>publisher</b>: Forschungsgruppe Digital Health</p><p><b>contact</b>: Forschungsgruppe Digital Health: <a href=\"https://tud.link/xd10\">https://tud.link/xd10</a>,<a href=\"mailto:digital-health@tu-dresden.de\">digital-health@tu-dresden.de</a>, Marcel Susky: <a href=\"mailto:marcel.susky@tu-dresden.de\">marcel.susky@tu-dresden.de</a></p><p><b>jurisdiction</b>: Germany <span style=\"background: LightGoldenRodYellow; margin: 4px; border: 1px solid khaki\"> (unknown#DE)</span></p><blockquote><p><b>action</b></p><p><b>title</b>: Diagnostik Magnetresonanztomographie (MRT)</p><blockquote><p><b>condition</b></p><p><b>kind</b>: applicability</p></blockquote><p><b>type</b>: Create <span style=\"background: LightGoldenRodYellow; margin: 4px; border: 1px solid khaki\"> (<a href=\"http://terminology.hl7.org/3.0.0/CodeSystem-action-type.html\">ActionType</a>#create)</span></p><p><b>definition</b>: <a href=\"http://qpath4ms.ukdd.de/fhir/ActivityDefinition/Q4MSMagnetresonanztomographieAD\">http://qpath4ms.ukdd.de/fhir/ActivityDefinition/Q4MSMagnetresonanztomographieAD</a></p></blockquote></div>"
  },
  "url": "http://qpath4ms.ukdd.de/fhir/PlanDefinition/Q4MSMagnetresonanztomographie",
  "version": "0.1.0",
  "name": "Q4MSMagnetresonanztomographie",
  "type": {
    "coding": [
      {
        "system": "http://terminology.hl7.org/CodeSystem/plan-definition-type",
        "code": "eca-rule"
      }
    ]
  },
  "status": "draft",
  "experimental": true,
  "date": "2022-01-21T07:36:48+01:00",
  "publisher": "Forschungsgruppe Digital Health",
  "contact": [
    {
      "name": "Forschungsgruppe Digital Health",
      "telecom": [
        {
          "system": "url",
          "value": "https://tud.link/xd10"
        },
        {
          "system": "email",
          "value": "digital-health@tu-dresden.de"
        }
      ]
    },
    {
      "name": "Marcel Susky",
      "telecom": [
        {
          "system": "email",
          "value": "marcel.susky@tu-dresden.de",
          "use": "work"
        }
      ]
    }
  ],
  "jurisdiction": [
    {
      "coding": [
        {
          "system": "urn:iso:std:iso:3166",
          "code": "DE",
          "display": "Germany"
        }
      ]
    }
  ],
  "action": [
    {
      "title": "Diagnostik Magnetresonanztomographie (MRT)",
      "condition": [
        {
          "kind": "applicability",
          "expression": {
            "language": "text/cql",
            "expression": "no current pregnancy"
          }
        }
      ],
      "type": {
        "coding": [
          {
            "system": "http://terminology.hl7.org/CodeSystem/action-type",
            "code": "create"
          }
        ]
      },
      "definitionCanonical": "http://qpath4ms.ukdd.de/fhir/ActivityDefinition/Q4MSMagnetresonanztomographieAD"
    }
  ]
}