<?xml version="1.0" encoding="UTF-8"?>

<PlanDefinition xmlns="http://hl7.org/fhir">
  <id value="Q4MSGanganalyse"/>
  <text>
    <status value="generated"/><div xmlns="http://www.w3.org/1999/xhtml"><p><b>Generated Narrative</b></p><div style="display: inline-block; background-color: #d9e0e7; padding: 6px; margin: 4px; border: 1px solid #8da1b4; border-radius: 5px; line-height: 60%"><p style="margin-bottom: 0px">Resource "Q4MSGanganalyse" </p></div><p><b>url</b>: <code>http://pathway-fgdh.wiwi.tu-dresden.de/fhir/PlanDefinition/q4ms-ganganalyse</code></p><p><b>version</b>: 0.1.0</p><p><b>type</b>: ECA Rule <span style="background: LightGoldenRodYellow; margin: 4px; border: 1px solid khaki"> (<a href="http://terminology.hl7.org/3.0.0/CodeSystem-plan-definition-type.html">PlanDefinitionType</a>#eca-rule)</span></p><p><b>status</b>: draft</p><p><b>experimental</b>: true</p><p><b>date</b>: 2021-12-22T13:43:58+01:00</p><p><b>publisher</b>: QPath4MS</p><p><b>contact</b>: QPath4MS: <a href="http://qpath.ukdd.de">http://qpath.ukdd.de</a></p><h3>Actions</h3><table class="grid"><tr><td>-</td><td><b>Title</b></td><td><b>Type</b></td><td><b>Definition[x]</b></td></tr><tr><td>*</td><td>Diagnostik Ganganalyse</td><td>Create <span style="background: LightGoldenRodYellow; margin: 4px; border: 1px solid khaki"> (<a href="http://terminology.hl7.org/3.0.0/CodeSystem-action-type.html">ActionType</a>#create)</span></td><td><a href="http://qpath.ukdd.de/ActivityDefinition/Q4MSGanganalyseActivity">http://qpath.ukdd.de/ActivityDefinition/Q4MSGanganalyseActivity</a></td></tr></table></div>
  </text>
  <url value="http://pathway-fgdh.wiwi.tu-dresden.de/fhir/PlanDefinition/q4ms-ganganalyse"/>
  <version value="0.1.0"/>
  <type>
    <coding>
      <system value="http://terminology.hl7.org/CodeSystem/plan-definition-type"/>
      <code value="eca-rule"/>
    </coding>
  </type>
  <status value="draft"/>
  <experimental value="true"/>
  <date value="2021-12-22T13:43:58+01:00"/>
  <publisher value="QPath4MS"/>
  <contact>
    <name value="QPath4MS"/>
    <telecom>
      <system value="url"/>
      <value value="http://qpath.ukdd.de"/>
    </telecom>
  </contact>
  <action>
    <title value="Diagnostik Ganganalyse"/>
    <type>
      <coding>
        <system value="http://terminology.hl7.org/CodeSystem/action-type"/>
        <code value="create"/>
      </coding>
    </type>
    <definitionCanonical value="http://qpath.ukdd.de/ActivityDefinition/Q4MSGanganalyseActivity"/>
  </action>
</PlanDefinition>