<?xml version="1.0" encoding="UTF-8"?>

<PlanDefinition xmlns="http://hl7.org/fhir">
  <id value="Q4MSZusatzdiagnostik"/>
  <text>
    <status value="generated"/><div xmlns="http://www.w3.org/1999/xhtml"><p><b>Generated Narrative</b></p><div style="display: inline-block; background-color: #d9e0e7; padding: 6px; margin: 4px; border: 1px solid #8da1b4; border-radius: 5px; line-height: 60%"><p style="margin-bottom: 0px">Resource "Q4MSZusatzdiagnostik" </p></div><p><b>url</b>: <code>/PlanDefinition/Q4MSZusatzdiagnostik</code></p><p><b>version</b>: 0.1.0</p><p><b>type</b>: workflow-definition <span style="background: LightGoldenRodYellow; margin: 4px; border: 1px solid khaki"> ([not stated]#workflow-definition)</span></p><p><b>status</b>: draft</p><p><b>experimental</b>: true</p><p><b>date</b>: 2021-12-22T11:59:55+01:00</p><p><b>publisher</b>: QPath4MS</p><p><b>contact</b>: QPath4MS: <a href="http://qpath.ukdd.de">http://qpath.ukdd.de</a></p><blockquote><p><b>action</b></p><p><b>selectionBehavior</b>: any</p><p><b>requiredBehavior</b>: must-unless-documented</p><p><b>cardinalityBehavior</b>: single</p><h3>Actions</h3><table class="grid"><tr><td>-</td><td><b>Title</b></td><td><b>Definition[x]</b></td></tr><tr><td>*</td><td>Ganganalyse</td><td><code>/PlanDefinition/Q4MSGanganalyse</code></td></tr><tr><td>*</td><td>Optische Koheränztomographie (OCT)</td><td><code>/PlanDefinition/Q4MSOptischeKoheraenztomographie</code></td></tr><tr><td>*</td><td>Magnetresonanztomographie (MRT)</td><td><code>/PlanDefinition/Q4MSMagnetresonanztomographie</code></td></tr><tr><td>*</td><td>Laboruntersuchung</td><td><code>/PlanDefinition/Q4MSLaboruntersuchung</code></td></tr><tr><td>*</td><td>Multiple Sclerosis Performance Test (MSPT)</td><td><code>/PlanDefinition/Q4MSMultipleSclerosisPerformanceTest</code></td></tr></table></blockquote></div>
  </text>
  <url value="/PlanDefinition/Q4MSZusatzdiagnostik"/>
  <version value="0.1.0"/>
  <type>
    <coding>
      <code value="workflow-definition"/>
    </coding>
  </type>
  <status value="draft"/>
  <experimental value="true"/>
  <date value="2021-12-22T11:59:55+01:00"/>
  <publisher value="QPath4MS"/>
  <contact>
    <name value="QPath4MS"/>
    <telecom>
      <system value="url"/>
      <value value="http://qpath.ukdd.de"/>
    </telecom>
  </contact>
  <action>
    <selectionBehavior value="any"/>
    <requiredBehavior value="must-unless-documented"/>
    <cardinalityBehavior value="single"/>
    <action>
      <title value="Ganganalyse"/>
      <definitionCanonical value="/PlanDefinition/Q4MSGanganalyse"/>
    </action>
    <action>
      <title value="Optische Koheränztomographie (OCT)"/>
      <definitionCanonical value="/PlanDefinition/Q4MSOptischeKoheraenztomographie"/>
    </action>
    <action>
      <title value="Magnetresonanztomographie (MRT)"/>
      <definitionCanonical value="/PlanDefinition/Q4MSMagnetresonanztomographie"/>
    </action>
    <action>
      <title value="Laboruntersuchung"/>
      <definitionCanonical value="/PlanDefinition/Q4MSLaboruntersuchung"/>
    </action>
    <action>
      <title value="Multiple Sclerosis Performance Test (MSPT)"/>
      <definitionCanonical value="/PlanDefinition/Q4MSMultipleSclerosisPerformanceTest"/>
    </action>
  </action>
</PlanDefinition>