<?xml version="1.0" encoding="UTF-8"?>

<StructureMap xmlns="http://hl7.org/fhir">
  <id value="Q4MSActivityDefinitionTaskTransform"/>
  <text>
    <status value="generated"/><div xmlns="http://www.w3.org/1999/xhtml"><p><b>Generated Narrative</b></p><div style="display: inline-block; background-color: #d9e0e7; padding: 6px; margin: 4px; border: 1px solid #8da1b4; border-radius: 5px; line-height: 60%"><p style="margin-bottom: 0px">Resource "Q4MSActivityDefinitionTaskTransform" </p></div><p><b>url</b>: <code>http://qpath4ms.ukdd.de/fhir/StructureMap/Q4MSActivityDefinitionTaskTransform</code></p><p><b>version</b>: 0.1.0</p><p><b>name</b>: Transformiert eine ActivityDefinition in einen Task</p><p><b>status</b>: draft</p><p><b>experimental</b>: true</p><p><b>date</b>: 2022-01-20T17:09:51+01:00</p><p><b>publisher</b>: Forschungsgruppe Digital Health</p><p><b>contact</b>: Forschungsgruppe Digital Health: <a href="https://tud.link/xd10">https://tud.link/xd10</a>,<a href="mailto:digital-health@tu-dresden.de">digital-health@tu-dresden.de</a>, Marcel Susky: <a href="mailto:marcel.susky@tu-dresden.de">marcel.susky@tu-dresden.de</a></p><p><b>jurisdiction</b>: Germany <span style="background: LightGoldenRodYellow; margin: 4px; border: 1px solid khaki"> (unknown#DE)</span></p><blockquote><p><b>structure</b></p><p><b>url</b>: <a href="http://hl7.org/fhir/StructureDefinition/activitydefinition">http://hl7.org/fhir/StructureDefinition/activitydefinition</a></p><p><b>mode</b>: source</p></blockquote><blockquote><p><b>structure</b></p><p><b>url</b>: <a href="http://hl7.org/fhir/StructureDefinition/activitydefinition">http://hl7.org/fhir/StructureDefinition/activitydefinition</a></p><p><b>mode</b>: queried</p></blockquote><blockquote><p><b>structure</b></p><p><b>url</b>: <a href="http://hl7.org/fhir/StructureDefinition/task">http://hl7.org/fhir/StructureDefinition/task</a></p><p><b>mode</b>: target</p></blockquote><blockquote><p><b>structure</b></p><p><b>url</b>: <a href="http://hl7.org/fhir/StructureDefinition/task">http://hl7.org/fhir/StructureDefinition/task</a></p><p><b>mode</b>: produced</p></blockquote><blockquote><p><b>group</b></p><p><b>name</b>: main</p><p><b>typeMode</b>: type-and-types</p><blockquote><p><b>input</b></p><p><b>name</b>: source</p><p><b>type</b>: ActivityDefinition</p><p><b>mode</b>: source</p></blockquote><blockquote><p><b>input</b></p><p><b>name</b>: target</p><p><b>type</b>: Task</p><p><b>mode</b>: target</p></blockquote><blockquote><p><b>rule</b></p><p><b>name</b>: status</p><h3>Sources</h3><table class="grid"><tr><td>-</td><td><b>Context</b></td><td><b>Element</b></td><td><b>Variable</b></td></tr><tr><td>*</td><td>source</td><td>status</td><td>a</td></tr></table><h3>Targets</h3><table class="grid"><tr><td>-</td><td><b>Context</b></td><td><b>ContextType</b></td><td><b>Element</b></td><td><b>Transform</b></td></tr><tr><td>*</td><td>target</td><td>variable</td><td>status</td><td>copy</td></tr></table></blockquote><blockquote><p><b>rule</b></p><p><b>name</b>: intent</p><h3>Sources</h3><table class="grid"><tr><td>-</td><td><b>Context</b></td><td><b>DefaultValue[x]</b></td><td><b>Element</b></td><td><b>Variable</b></td></tr><tr><td>*</td><td>source</td><td>plan</td><td>intent</td><td>a</td></tr></table><h3>Targets</h3><table class="grid"><tr><td>-</td><td><b>Context</b></td><td><b>ContextType</b></td><td><b>Element</b></td><td><b>Transform</b></td></tr><tr><td>*</td><td>target</td><td>variable</td><td>intent</td><td>copy</td></tr></table></blockquote><blockquote><p><b>rule</b></p><p><b>name</b>: instantiatesCanonical</p><h3>Sources</h3><table class="grid"><tr><td>-</td><td><b>Context</b></td><td><b>Element</b></td><td><b>Variable</b></td></tr><tr><td>*</td><td>source</td><td>url</td><td>a</td></tr></table><h3>Targets</h3><table class="grid"><tr><td>-</td><td><b>Context</b></td><td><b>ContextType</b></td><td><b>Element</b></td><td><b>Transform</b></td></tr><tr><td>*</td><td>target</td><td>variable</td><td>instantiatesCanonical</td><td>copy</td></tr></table></blockquote><blockquote><p><b>rule</b></p><p><b>name</b>: description</p><h3>Sources</h3><table class="grid"><tr><td>-</td><td><b>Context</b></td><td><b>Element</b></td><td><b>Variable</b></td></tr><tr><td>*</td><td>source</td><td>title</td><td>a</td></tr></table><h3>Targets</h3><table class="grid"><tr><td>-</td><td><b>Context</b></td><td><b>ContextType</b></td><td><b>Element</b></td><td><b>Transform</b></td></tr><tr><td>*</td><td>target</td><td>variable</td><td>description</td><td>copy</td></tr></table></blockquote></blockquote></div>
  </text>
  <url value="http://qpath4ms.ukdd.de/fhir/StructureMap/Q4MSActivityDefinitionTaskTransform"/>
  <version value="0.1.0"/>
  <name value="Transformiert eine ActivityDefinition in einen Task"/>
  <status value="draft"/>
  <experimental value="true"/>
  <date value="2022-01-20T17:09:51+01:00"/>
  <publisher value="Forschungsgruppe Digital Health"/>
  <contact>
    <name value="Forschungsgruppe Digital Health"/>
    <telecom>
      <system value="url"/>
      <value value="https://tud.link/xd10"/>
    </telecom>
    <telecom>
      <system value="email"/>
      <value value="digital-health@tu-dresden.de"/>
    </telecom>
  </contact>
  <contact>
    <name value="Marcel Susky"/>
    <telecom>
      <system value="email"/>
      <value value="marcel.susky@tu-dresden.de"/>
      <use value="work"/>
    </telecom>
  </contact>
  <jurisdiction>
    <coding>
      <system value="urn:iso:std:iso:3166"/>
      <code value="DE"/>
      <display value="Germany"/>
    </coding>
  </jurisdiction>
  <structure>
    <url value="http://hl7.org/fhir/StructureDefinition/activitydefinition"/>
    <mode value="source"/>
  </structure>
  <structure>
    <url value="http://hl7.org/fhir/StructureDefinition/activitydefinition"/>
    <mode value="queried"/>
  </structure>
  <structure>
    <url value="http://hl7.org/fhir/StructureDefinition/task"/>
    <mode value="target"/>
  </structure>
  <structure>
    <url value="http://hl7.org/fhir/StructureDefinition/task"/>
    <mode value="produced"/>
  </structure>
  <group>
    <name value="main"/>
    <typeMode value="type-and-types"/>
    <input>
      <name value="source"/>
      <type value="ActivityDefinition"/>
      <mode value="source"/>
    </input>
    <input>
      <name value="target"/>
      <type value="Task"/>
      <mode value="target"/>
    </input>
    <rule>
      <name value="status"/>
      <source>
        <context value="source"/>
        <element value="status"/>
        <variable value="a"/>
      </source>
      <target>
        <context value="target"/>
        <contextType value="variable"/>
        <element value="status"/>
        <transform value="copy"/>
      </target>
    </rule>
    <rule>
      <name value="intent"/>
      <source>
        <context value="source"/>
        <defaultValueString value="plan"/>
        <element value="intent"/>
        <variable value="a"/>
      </source>
      <target>
        <context value="target"/>
        <contextType value="variable"/>
        <element value="intent"/>
        <transform value="copy"/>
      </target>
    </rule>
    <rule>
      <name value="instantiatesCanonical"/>
      <source>
        <context value="source"/>
        <element value="url"/>
        <variable value="a"/>
      </source>
      <target>
        <context value="target"/>
        <contextType value="variable"/>
        <element value="instantiatesCanonical"/>
        <transform value="copy"/>
      </target>
    </rule>
    <rule>
      <name value="description"/>
      <source>
        <context value="source"/>
        <element value="title"/>
        <variable value="a"/>
      </source>
      <target>
        <context value="target"/>
        <contextType value="variable"/>
        <element value="description"/>
        <transform value="copy"/>
      </target>
    </rule>
  </group>
</StructureMap>