{
  "package": "fhir.qpath4ms",
  "version": "0.1.0",
  "fhirVersion": "4.0.1",
  "extensions": [],
  "profiles": {
    "DocumentReference": [
      {
        "url": "http://qpath.ukdd.de/StructureDefinition/Q4MSKonsiliarberichtProfile",
        "title": "Konsiliarbericht DocumentReference Profile"
      },
      {
        "url": "http://qpath.ukdd.de/StructureDefinition/Q4MSLaborergebnisProfile",
        "title": "Laborergebnis DocumentReference Profile"
      },
      {
        "url": "http://qpath.ukdd.de/StructureDefinition/Q4MSRezeptProfile",
        "title": "Rezept DocumentReference Profile"
      },
      {
        "url": "http://qpath.ukdd.de/StructureDefinition/Q4MSSonstigesDokumentProfile",
        "title": "Sonstiges Dokument DocumentReference Profile"
      }
    ],
    "MessageDefinition": [
      {
        "url": "http://qpath.ukdd.de/StructureDefinition/Q4MSTerminvereinbarungProfile",
        "title": "Terminvereinbarung MessageDefinition Profile"
      }
    ]
  },
  "usage": {
    "http://hl7.org/fhir/StructureDefinition/elementdefinition-bestpractice": [
      "StructureDefinition.snapshot.element.constraint"
    ],
    "http://hl7.org/fhir/StructureDefinition/elementdefinition-bestpractice-explanation": [
      "StructureDefinition.snapshot.element.constraint"
    ],
    "http://hl7.org/fhir/StructureDefinition/elementdefinition-bindingName": [
      "StructureDefinition.snapshot.element.binding"
    ],
    "http://hl7.org/fhir/StructureDefinition/elementdefinition-isCommonBinding": [
      "StructureDefinition.snapshot.element.binding"
    ],
    "http://hl7.org/fhir/StructureDefinition/elementdefinition-maxValueSet": [
      "StructureDefinition.snapshot.element.binding"
    ],
    "http://hl7.org/fhir/StructureDefinition/structuredefinition-category": [
      "StructureDefinition"
    ],
    "http://hl7.org/fhir/StructureDefinition/structuredefinition-fhir-type": [
      "StructureDefinition.snapshot.element.type"
    ],
    "http://hl7.org/fhir/StructureDefinition/structuredefinition-security-category": [
      "StructureDefinition"
    ],
    "http://hl7.org/fhir/tools/StructureDefinition/ig-parameter": [
      "ImplementationGuide.definition"
    ],
    "http://hl7.org/fhir/tools/StructureDefinition/resource-information": [
      "ImplementationGuide.definition.resource"
    ]
  }
}