{
  "package": "fhir.qpath4ms",
  "version": "0.1.0",
  "fhirVersion": "4.0.1",
  "extensions": [],
  "profiles": {
    "DocumentReference": [
      {
        "url": "http://pathway-fgdh.wiwi.tu-dresden.de/fhir/StructureDefinition/q4ms-konsiliarbericht",
        "title": "Konsiliarbericht"
      },
      {
        "url": "http://pathway-fgdh.wiwi.tu-dresden.de/fhir/StructureDefinition/q4ms-laborergebnis",
        "title": "Laborergebnis"
      },
      {
        "url": "http://pathway-fgdh.wiwi.tu-dresden.de/fhir/StructureDefinition/q4ms-rezept",
        "title": "Rezept"
      },
      {
        "url": "http://pathway-fgdh.wiwi.tu-dresden.de/fhir/StructureDefinition/q4ms-sonstiges-dokument",
        "title": "Sonstiges Dokument"
      }
    ],
    "MessageDefinition": [
      {
        "url": "http://pathway-fgdh.wiwi.tu-dresden.de/fhir/StructureDefinition/q4ms-terminvereinbarung",
        "title": "Terminvereinbarung"
      }
    ]
  },
  "usage": {
    "http://hl7.org/fhir/StructureDefinition/elementdefinition-bestpractice": [
      "StructureDefinition.snapshot.element.constraint"
    ],
    "http://hl7.org/fhir/StructureDefinition/elementdefinition-bestpractice-explanation": [
      "StructureDefinition.snapshot.element.constraint"
    ],
    "http://hl7.org/fhir/StructureDefinition/elementdefinition-bindingName": [
      "StructureDefinition.snapshot.element.binding"
    ],
    "http://hl7.org/fhir/StructureDefinition/elementdefinition-isCommonBinding": [
      "StructureDefinition.snapshot.element.binding"
    ],
    "http://hl7.org/fhir/StructureDefinition/elementdefinition-maxValueSet": [
      "StructureDefinition.snapshot.element.binding"
    ],
    "http://hl7.org/fhir/StructureDefinition/structuredefinition-category": [
      "StructureDefinition"
    ],
    "http://hl7.org/fhir/StructureDefinition/structuredefinition-fhir-type": [
      "StructureDefinition.snapshot.element.type"
    ],
    "http://hl7.org/fhir/StructureDefinition/structuredefinition-security-category": [
      "StructureDefinition"
    ],
    "http://hl7.org/fhir/tools/StructureDefinition/ig-parameter": [
      "ImplementationGuide.definition"
    ],
    "http://hl7.org/fhir/tools/StructureDefinition/resource-information": [
      "ImplementationGuide.definition.resource"
    ]
  }
}