{
  "resourceType": "ValueSet",
  "id": "q4ms-dokumentanforderungkategorie-vs",
  "text": {
    "status": "generated",
    "div": "<div xmlns=\"http://www.w3.org/1999/xhtml\"><ul><li>Include all codes defined in <a href=\"CodeSystem-q4ms-dokumentanforderungkategorie.html\"><code>http://terminology-fgdh.wiwi.tu-dresden.de/fhir/CodeSystem/q4ms-dokumentanforderungkategorie</code></a></li></ul></div>"
  },
  "url": "http://terminology-fgdh.wiwi.tu-dresden.de/fhir/ValueSet/q4ms-dokumentanforderungkategorie-vs",
  "version": "0.1.0",
  "name": "Q4MSDokumentanforderungkategorieVS",
  "title": "Dokumentanforderungkategorie",
  "status": "active",
  "date": "2021-12-22T21:26:07+01:00",
  "publisher": "Forschungsgruppe Digital Health",
  "contact": [
    {
      "name": "Forschungsgruppe Digital Health",
      "telecom": [
        {
          "system": "url",
          "value": "https://tud.link/xd10"
        },
        {
          "system": "email",
          "value": "digital-health@tu-dresden.de"
        }
      ]
    },
    {
      "name": "Marcel Susky",
      "telecom": [
        {
          "system": "email",
          "value": "marcel.susky@tu-dresden.de",
          "use": "work"
        }
      ]
    }
  ],
  "description": "Definiert Dokumentanforderungkategorien",
  "jurisdiction": [
    {
      "coding": [
        {
          "system": "urn:iso:std:iso:3166",
          "code": "DE",
          "display": "Germany"
        }
      ]
    }
  ],
  "compose": {
    "include": [
      {
        "system": "http://terminology-fgdh.wiwi.tu-dresden.de/fhir/CodeSystem/q4ms-dokumentanforderungkategorie"
      }
    ]
  }
}