<?xml version="1.0" encoding="UTF-8"?>

<ValueSet xmlns="http://hl7.org/fhir">
  <id value="q4ms-anfragekategorie-vs"/>
  <text>
    <status value="generated"/><div xmlns="http://www.w3.org/1999/xhtml"><ul><li>Include all codes defined in <a href="CodeSystem-q4ms-anfragekategorie.html"><code>http://qpath.ukdd.de/CodeSystem/q4ms-anfragekategorie</code></a></li></ul></div>
  </text>
  <url value="http://qpath.ukdd.de/ValueSet/q4ms-anfragekategorie-vs"/>
  <version value="0.1.0"/>
  <name value="Q4MSAnfragekategorieVS"/>
  <title value="Anfragekategorie ValueSet"/>
  <status value="active"/>
  <date value="2021-12-22T11:59:55+01:00"/>
  <publisher value="QPath4MS"/>
  <contact>
    <name value="QPath4MS"/>
    <telecom>
      <system value="url"/>
      <value value="http://qpath.ukdd.de"/>
    </telecom>
  </contact>
  <description value="Definiert Anfragekategorien"/>
  <compose>
    <include>
      <system value="http://qpath.ukdd.de/CodeSystem/q4ms-anfragekategorie"/>
    </include>
  </compose>
</ValueSet>