<?xml version="1.0" encoding="UTF-8"?>

<Bundle xmlns="http://hl7.org/fhir">
  <id value="4a084695-a221-4347-b4cc-936b31020ec9"/>
  <meta>
    <lastUpdated value="2022-01-13T14:43:39.694+01:00"/>
  </meta>
  <type value="collection"/>
  <entry>
    <fullUrl value="http://qpath4ms.ukdd.de/fhir/ValueSet/q4ms-anfragekategorie-vs"/>
    <resource>
      <ValueSet>
        <id value="q4ms-anfragekategorie-vs"/>
        <text>
          <status value="generated"/>
          <div xmlns="http://www.w3.org/1999/xhtml">
            <p>This value set contains 7 concepts</p>
            <p style="border: black 1px dotted; background-color: #EEEEEE; padding: 8px; margin-bottom: 8px">Expansion based on 
              <a href="CodeSystem-q4ms-anfragekategorie.html">Anfragekategorie v0.1.0 (CodeSystem)</a>
            </p>
            <p>All codes in this table are from the system 
              <a href="CodeSystem-q4ms-anfragekategorie.html">
                <code>http://qpath4ms.ukdd.de/fhir/CodeSystem/q4ms-anfragekategorie</code>
              </a>
            </p>
            <table class="codes">
              <tr>
                <td style="white-space:nowrap">
                  <b>Code</b>
                </td>
                <td>
                  <b>Display</b>
                </td>
                <td>
                  <b>Definition</b>
                </td>
              </tr>
              <tr>
                <td style="white-space:nowrap">
                  <a name="http---qpath4ms.ukdd.de-fhir-CodeSystem-q4ms-anfragekategorie-drug-therapy"> </a>
                  <a href="CodeSystem-q4ms-anfragekategorie.html#q4ms-anfragekategorie-drug-therapy">drug-therapy</a>
                </td>
                <td>Medikamentöse Therapie</td>
                <td>Anfrage zur medikamentösen Therapie</td>
              </tr>
              <tr>
                <td style="white-space:nowrap">
                  <a name="http---qpath4ms.ukdd.de-fhir-CodeSystem-q4ms-anfragekategorie-examination"> </a>
                  <a href="CodeSystem-q4ms-anfragekategorie.html#q4ms-anfragekategorie-examination">examination</a>
                </td>
                <td>Untersuchung</td>
                <td>Anfrage zu Krankenhausaufenthalt</td>
              </tr>
              <tr>
                <td style="white-space:nowrap">
                  <a name="http---qpath4ms.ukdd.de-fhir-CodeSystem-q4ms-anfragekategorie-hospitalization"> </a>
                  <a href="CodeSystem-q4ms-anfragekategorie.html#q4ms-anfragekategorie-hospitalization">hospitalization</a>
                </td>
                <td>Krankenhausaufenthalt</td>
                <td>Anfrage zu Krankenhausaufenthalt</td>
              </tr>
              <tr>
                <td style="white-space:nowrap">
                  <a name="http---qpath4ms.ukdd.de-fhir-CodeSystem-q4ms-anfragekategorie-infection-vaccination"> </a>
                  <a href="CodeSystem-q4ms-anfragekategorie.html#q4ms-anfragekategorie-infection-vaccination">infection-vaccination</a>
                </td>
                <td>Infekte / Impfungen</td>
                <td>Anfrage zu Infekten / Impfungen (z.B. Corona)</td>
              </tr>
              <tr>
                <td style="white-space:nowrap">
                  <a name="http---qpath4ms.ukdd.de-fhir-CodeSystem-q4ms-anfragekategorie-non-drug-therapy"> </a>
                  <a href="CodeSystem-q4ms-anfragekategorie.html#q4ms-anfragekategorie-non-drug-therapy">non-drug-therapy</a>
                </td>
                <td>Nicht-medikamentöse Therapie</td>
                <td>Anfrage zur nicht-medikamentösen Therapie</td>
              </tr>
              <tr>
                <td style="white-space:nowrap">
                  <a name="http---qpath4ms.ukdd.de-fhir-CodeSystem-q4ms-anfragekategorie-pregnancy"> </a>
                  <a href="CodeSystem-q4ms-anfragekategorie.html#q4ms-anfragekategorie-pregnancy">pregnancy</a>
                </td>
                <td>Schwangerschaft</td>
                <td>Anfrage zu Schwangerschaft</td>
              </tr>
              <tr>
                <td style="white-space:nowrap">
                  <a name="http---qpath4ms.ukdd.de-fhir-CodeSystem-q4ms-anfragekategorie-suspected-attack"> </a>
                  <a href="CodeSystem-q4ms-anfragekategorie.html#q4ms-anfragekategorie-suspected-attack">suspected-attack</a>
                </td>
                <td>Schubverdacht</td>
                <td>Anfrage zu Schubverdacht / Verschlechterung der Symptome</td>
              </tr>
            </table>
          </div>
        </text>
        <url value="http://qpath4ms.ukdd.de/fhir/ValueSet/q4ms-anfragekategorie-vs"/>
        <version value="0.1.0"/>
        <name value="Q4MSAnfragekategorieVS"/>
        <title value="Anfragekategorie"/>
        <status value="active"/>
        <date value="2022-01-13T14:43:39+01:00"/>
        <publisher value="Forschungsgruppe Digital Health"/>
        <contact>
          <name value="Forschungsgruppe Digital Health"/>
          <telecom>
            <system value="url"/>
            <value value="https://tud.link/xd10"/>
          </telecom>
          <telecom>
            <system value="email"/>
            <value value="digital-health@tu-dresden.de"/>
          </telecom>
        </contact>
        <contact>
          <name value="Marcel Susky"/>
          <telecom>
            <system value="email"/>
            <value value="marcel.susky@tu-dresden.de"/>
            <use value="work"/>
          </telecom>
        </contact>
        <description value="Definiert Anfragekategorien"/>
        <jurisdiction>
          <coding>
            <system value="urn:iso:std:iso:3166"/>
            <code value="DE"/>
            <display value="Germany"/>
          </coding>
        </jurisdiction>
        <expansion>
          <identifier value="urn:uuid:0ca61696-a895-4048-b5b7-257d14b13bac"/>
          <timestamp value="2022-01-13T14:44:08+01:00"/>
          <total value="7"/>
          <parameter>
            <name value="excludeNested"/>
            <valueBoolean value="false"/>
          </parameter>
          <parameter>
            <name value="version"/>
            <valueUri value="http://qpath4ms.ukdd.de/fhir/CodeSystem/q4ms-anfragekategorie|0.1.0"/>
          </parameter>
          <contains>
            <system value="http://qpath4ms.ukdd.de/fhir/CodeSystem/q4ms-anfragekategorie"/>
            <code value="drug-therapy"/>
            <display value="Medikamentöse Therapie"/>
          </contains>
          <contains>
            <system value="http://qpath4ms.ukdd.de/fhir/CodeSystem/q4ms-anfragekategorie"/>
            <code value="examination"/>
            <display value="Untersuchung"/>
          </contains>
          <contains>
            <system value="http://qpath4ms.ukdd.de/fhir/CodeSystem/q4ms-anfragekategorie"/>
            <code value="hospitalization"/>
            <display value="Krankenhausaufenthalt"/>
          </contains>
          <contains>
            <system value="http://qpath4ms.ukdd.de/fhir/CodeSystem/q4ms-anfragekategorie"/>
            <code value="infection-vaccination"/>
            <display value="Infekte / Impfungen"/>
          </contains>
          <contains>
            <system value="http://qpath4ms.ukdd.de/fhir/CodeSystem/q4ms-anfragekategorie"/>
            <code value="non-drug-therapy"/>
            <display value="Nicht-medikamentöse Therapie"/>
          </contains>
          <contains>
            <system value="http://qpath4ms.ukdd.de/fhir/CodeSystem/q4ms-anfragekategorie"/>
            <code value="pregnancy"/>
            <display value="Schwangerschaft"/>
          </contains>
          <contains>
            <system value="http://qpath4ms.ukdd.de/fhir/CodeSystem/q4ms-anfragekategorie"/>
            <code value="suspected-attack"/>
            <display value="Schubverdacht"/>
          </contains>
        </expansion>
      </ValueSet>
    </resource>
  </entry>
  <entry>
    <fullUrl value="http://qpath4ms.ukdd.de/fhir/ValueSet/q4ms-dokumentanforderungkategorie-vs"/>
    <resource>
      <ValueSet>
        <id value="q4ms-dokumentanforderungkategorie-vs"/>
        <text>
          <status value="generated"/>
          <div xmlns="http://www.w3.org/1999/xhtml">
            <p>This value set contains 6 concepts</p>
            <p style="border: black 1px dotted; background-color: #EEEEEE; padding: 8px; margin-bottom: 8px">Expansion based on 
              <a href="CodeSystem-q4ms-dokumentanforderungkategorie.html">Dokumentanforderungkategorie v0.1.0 (CodeSystem)</a>
            </p>
            <p>All codes in this table are from the system 
              <a href="CodeSystem-q4ms-dokumentanforderungkategorie.html">
                <code>http://qpath4ms.ukdd.de/fhir/CodeSystem/q4ms-dokumentanforderungkategorie</code>
              </a>
            </p>
            <table class="codes">
              <tr>
                <td style="white-space:nowrap">
                  <b>Code</b>
                </td>
                <td>
                  <b>Display</b>
                </td>
                <td>
                  <b>Definition</b>
                </td>
              </tr>
              <tr>
                <td style="white-space:nowrap">
                  <a name="http---qpath4ms.ukdd.de-fhir-CodeSystem-q4ms-dokumentanforderungkategorie-laboratory-result"> </a>
                  <a href="CodeSystem-q4ms-dokumentanforderungkategorie.html#q4ms-dokumentanforderungkategorie-laboratory-result">laboratory-result</a>
                </td>
                <td>Laborergebnis</td>
                <td>Anforderung eines Laborergebnisses</td>
              </tr>
              <tr>
                <td style="white-space:nowrap">
                  <a name="http---qpath4ms.ukdd.de-fhir-CodeSystem-q4ms-dokumentanforderungkategorie-finding"> </a>
                  <a href="CodeSystem-q4ms-dokumentanforderungkategorie.html#q4ms-dokumentanforderungkategorie-finding">finding</a>
                </td>
                <td>Befund</td>
                <td>Anforderung eines Befunds</td>
              </tr>
              <tr>
                <td style="white-space:nowrap">
                  <a name="http---qpath4ms.ukdd.de-fhir-CodeSystem-q4ms-dokumentanforderungkategorie-doctor-letter"> </a>
                  <a href="CodeSystem-q4ms-dokumentanforderungkategorie.html#q4ms-dokumentanforderungkategorie-doctor-letter">doctor-letter</a>
                </td>
                <td>Arztbrief</td>
                <td>Anforderung eines Arztbriefs</td>
              </tr>
              <tr>
                <td style="white-space:nowrap">
                  <a name="http---qpath4ms.ukdd.de-fhir-CodeSystem-q4ms-dokumentanforderungkategorie-consiliary-report"> </a>
                  <a href="CodeSystem-q4ms-dokumentanforderungkategorie.html#q4ms-dokumentanforderungkategorie-consiliary-report">consiliary-report</a>
                </td>
                <td>Konsiliarbericht</td>
                <td>Anforderung eines Konsiliarberichts</td>
              </tr>
              <tr>
                <td style="white-space:nowrap">
                  <a name="http---qpath4ms.ukdd.de-fhir-CodeSystem-q4ms-dokumentanforderungkategorie-prescription"> </a>
                  <a href="CodeSystem-q4ms-dokumentanforderungkategorie.html#q4ms-dokumentanforderungkategorie-prescription">prescription</a>
                </td>
                <td>Rezept</td>
                <td>Anforderung eines Rezepts</td>
              </tr>
              <tr>
                <td style="white-space:nowrap">
                  <a name="http---qpath4ms.ukdd.de-fhir-CodeSystem-q4ms-dokumentanforderungkategorie-other"> </a>
                  <a href="CodeSystem-q4ms-dokumentanforderungkategorie.html#q4ms-dokumentanforderungkategorie-other">other</a>
                </td>
                <td>Sonstiges</td>
                <td>Anforderung eines sonstigen Dokuments</td>
              </tr>
            </table>
          </div>
        </text>
        <url value="http://qpath4ms.ukdd.de/fhir/ValueSet/q4ms-dokumentanforderungkategorie-vs"/>
        <version value="0.1.0"/>
        <name value="Q4MSDokumentanforderungkategorieVS"/>
        <title value="Dokumentanforderungkategorie"/>
        <status value="active"/>
        <date value="2022-01-13T14:43:39+01:00"/>
        <publisher value="Forschungsgruppe Digital Health"/>
        <contact>
          <name value="Forschungsgruppe Digital Health"/>
          <telecom>
            <system value="url"/>
            <value value="https://tud.link/xd10"/>
          </telecom>
          <telecom>
            <system value="email"/>
            <value value="digital-health@tu-dresden.de"/>
          </telecom>
        </contact>
        <contact>
          <name value="Marcel Susky"/>
          <telecom>
            <system value="email"/>
            <value value="marcel.susky@tu-dresden.de"/>
            <use value="work"/>
          </telecom>
        </contact>
        <description value="Definiert Dokumentanforderungkategorien"/>
        <jurisdiction>
          <coding>
            <system value="urn:iso:std:iso:3166"/>
            <code value="DE"/>
            <display value="Germany"/>
          </coding>
        </jurisdiction>
        <expansion>
          <identifier value="urn:uuid:ba0a52ec-0d8d-415a-b205-db5ce904434e"/>
          <timestamp value="2022-01-13T14:44:08+01:00"/>
          <total value="6"/>
          <parameter>
            <name value="excludeNested"/>
            <valueBoolean value="false"/>
          </parameter>
          <parameter>
            <name value="version"/>
            <valueUri value="http://qpath4ms.ukdd.de/fhir/CodeSystem/q4ms-dokumentanforderungkategorie|0.1.0"/>
          </parameter>
          <contains>
            <system value="http://qpath4ms.ukdd.de/fhir/CodeSystem/q4ms-dokumentanforderungkategorie"/>
            <code value="laboratory-result"/>
            <display value="Laborergebnis"/>
          </contains>
          <contains>
            <system value="http://qpath4ms.ukdd.de/fhir/CodeSystem/q4ms-dokumentanforderungkategorie"/>
            <code value="finding"/>
            <display value="Befund"/>
          </contains>
          <contains>
            <system value="http://qpath4ms.ukdd.de/fhir/CodeSystem/q4ms-dokumentanforderungkategorie"/>
            <code value="doctor-letter"/>
            <display value="Arztbrief"/>
          </contains>
          <contains>
            <system value="http://qpath4ms.ukdd.de/fhir/CodeSystem/q4ms-dokumentanforderungkategorie"/>
            <code value="consiliary-report"/>
            <display value="Konsiliarbericht"/>
          </contains>
          <contains>
            <system value="http://qpath4ms.ukdd.de/fhir/CodeSystem/q4ms-dokumentanforderungkategorie"/>
            <code value="prescription"/>
            <display value="Rezept"/>
          </contains>
          <contains>
            <system value="http://qpath4ms.ukdd.de/fhir/CodeSystem/q4ms-dokumentanforderungkategorie"/>
            <code value="other"/>
            <display value="Sonstiges"/>
          </contains>
        </expansion>
      </ValueSet>
    </resource>
  </entry>
  <entry>
    <fullUrl value="http://qpath4ms.ukdd.de/fhir/ValueSet/q4ms-terminanfragekategorie-vs"/>
    <resource>
      <ValueSet>
        <id value="q4ms-terminanfragekategorie-vs"/>
        <text>
          <status value="generated"/>
          <div xmlns="http://www.w3.org/1999/xhtml">
            <p>This value set contains 3 concepts</p>
            <p style="border: black 1px dotted; background-color: #EEEEEE; padding: 8px; margin-bottom: 8px">Expansion based on 
              <a href="CodeSystem-q4ms-terminanfragekategorie.html">Terminanfragekategorie v0.1.0 (CodeSystem)</a>
            </p>
            <p>All codes in this table are from the system 
              <a href="CodeSystem-q4ms-terminanfragekategorie.html">
                <code>http://qpath4ms.ukdd.de/fhir/CodeSystem/q4ms-terminanfragekategorie</code>
              </a>
            </p>
            <table class="codes">
              <tr>
                <td style="white-space:nowrap">
                  <b>Code</b>
                </td>
                <td>
                  <b>Display</b>
                </td>
                <td>
                  <b>Definition</b>
                </td>
              </tr>
              <tr>
                <td style="white-space:nowrap">
                  <a name="http---qpath4ms.ukdd.de-fhir-CodeSystem-q4ms-terminanfragekategorie-booking"> </a>
                  <a href="CodeSystem-q4ms-terminanfragekategorie.html#q4ms-terminanfragekategorie-booking">booking</a>
                </td>
                <td>Terminanforderung</td>
                <td>Anforderung eines Termins</td>
              </tr>
              <tr>
                <td style="white-space:nowrap">
                  <a name="http---qpath4ms.ukdd.de-fhir-CodeSystem-q4ms-terminanfragekategorie-rescheduling"> </a>
                  <a href="CodeSystem-q4ms-terminanfragekategorie.html#q4ms-terminanfragekategorie-rescheduling">rescheduling</a>
                </td>
                <td>Terminverschiebung</td>
                <td>Verschiebung eines Termins</td>
              </tr>
              <tr>
                <td style="white-space:nowrap">
                  <a name="http---qpath4ms.ukdd.de-fhir-CodeSystem-q4ms-terminanfragekategorie-cancellation"> </a>
                  <a href="CodeSystem-q4ms-terminanfragekategorie.html#q4ms-terminanfragekategorie-cancellation">cancellation</a>
                </td>
                <td>Terminabsage</td>
                <td>Absage eines Termins</td>
              </tr>
            </table>
          </div>
        </text>
        <url value="http://qpath4ms.ukdd.de/fhir/ValueSet/q4ms-terminanfragekategorie-vs"/>
        <version value="0.1.0"/>
        <name value="Q4MSTerminanfragekategorieVS"/>
        <title value="Terminanfragekategorie"/>
        <status value="active"/>
        <date value="2022-01-13T14:43:39+01:00"/>
        <publisher value="Forschungsgruppe Digital Health"/>
        <contact>
          <name value="Forschungsgruppe Digital Health"/>
          <telecom>
            <system value="url"/>
            <value value="https://tud.link/xd10"/>
          </telecom>
          <telecom>
            <system value="email"/>
            <value value="digital-health@tu-dresden.de"/>
          </telecom>
        </contact>
        <contact>
          <name value="Marcel Susky"/>
          <telecom>
            <system value="email"/>
            <value value="marcel.susky@tu-dresden.de"/>
            <use value="work"/>
          </telecom>
        </contact>
        <description value="Definiert Terminanfragekategorien"/>
        <jurisdiction>
          <coding>
            <system value="urn:iso:std:iso:3166"/>
            <code value="DE"/>
            <display value="Germany"/>
          </coding>
        </jurisdiction>
        <expansion>
          <identifier value="urn:uuid:c127d80e-93ae-4f79-b7e1-9d53806bc226"/>
          <timestamp value="2022-01-13T14:44:09+01:00"/>
          <total value="3"/>
          <parameter>
            <name value="excludeNested"/>
            <valueBoolean value="false"/>
          </parameter>
          <parameter>
            <name value="version"/>
            <valueUri value="http://qpath4ms.ukdd.de/fhir/CodeSystem/q4ms-terminanfragekategorie|0.1.0"/>
          </parameter>
          <contains>
            <system value="http://qpath4ms.ukdd.de/fhir/CodeSystem/q4ms-terminanfragekategorie"/>
            <code value="booking"/>
            <display value="Terminanforderung"/>
          </contains>
          <contains>
            <system value="http://qpath4ms.ukdd.de/fhir/CodeSystem/q4ms-terminanfragekategorie"/>
            <code value="rescheduling"/>
            <display value="Terminverschiebung"/>
          </contains>
          <contains>
            <system value="http://qpath4ms.ukdd.de/fhir/CodeSystem/q4ms-terminanfragekategorie"/>
            <code value="cancellation"/>
            <display value="Terminabsage"/>
          </contains>
        </expansion>
      </ValueSet>
    </resource>
  </entry>
</Bundle>