<?xml version="1.0" encoding="UTF-8"?>

<Bundle xmlns="http://hl7.org/fhir">
  <id value="254c9d3f-f199-470b-87cf-1f1f0307f9d3"/>
  <meta>
    <lastUpdated value="2022-01-20T13:58:01.609+01:00"/>
  </meta>
  <type value="collection"/>
  <entry>
    <fullUrl value="http://qpath4ms.ukdd.de/fhir/ValueSet/Q4MSAnfragekategorieVS"/>
    <resource>
      <ValueSet>
        <id value="Q4MSAnfragekategorieVS"/>
        <text>
          <status value="generated"/>
          <div xmlns="http://www.w3.org/1999/xhtml">
            <p>This value set contains 7 concepts</p>
            <p style="border: black 1px dotted; background-color: #EEEEEE; padding: 8px; margin-bottom: 8px">Expansion based on 
              <a href="CodeSystem-Q4MSAnfragekategorie.html">Anfragekategorie v0.1.0 (CodeSystem)</a>
            </p>
            <p>All codes in this table are from the system 
              <a href="CodeSystem-Q4MSAnfragekategorie.html">
                <code>http://qpath4ms.ukdd.de/fhir/CodeSystem/Q4MSAnfragekategorie</code>
              </a>
            </p>
            <table class="codes">
              <tr>
                <td style="white-space:nowrap">
                  <b>Code</b>
                </td>
                <td>
                  <b>Display</b>
                </td>
                <td>
                  <b>Definition</b>
                </td>
              </tr>
              <tr>
                <td style="white-space:nowrap">
                  <a name="http---qpath4ms.ukdd.de-fhir-CodeSystem-Q4MSAnfragekategorie-drug-therapy"> </a>
                  <a href="CodeSystem-Q4MSAnfragekategorie.html#Q4MSAnfragekategorie-drug-therapy">drug-therapy</a>
                </td>
                <td>Medikamentöse Therapie</td>
                <td>Anfrage zur medikamentösen Therapie</td>
              </tr>
              <tr>
                <td style="white-space:nowrap">
                  <a name="http---qpath4ms.ukdd.de-fhir-CodeSystem-Q4MSAnfragekategorie-examination"> </a>
                  <a href="CodeSystem-Q4MSAnfragekategorie.html#Q4MSAnfragekategorie-examination">examination</a>
                </td>
                <td>Untersuchung</td>
                <td>Anfrage zu Krankenhausaufenthalt</td>
              </tr>
              <tr>
                <td style="white-space:nowrap">
                  <a name="http---qpath4ms.ukdd.de-fhir-CodeSystem-Q4MSAnfragekategorie-hospitalization"> </a>
                  <a href="CodeSystem-Q4MSAnfragekategorie.html#Q4MSAnfragekategorie-hospitalization">hospitalization</a>
                </td>
                <td>Krankenhausaufenthalt</td>
                <td>Anfrage zu Krankenhausaufenthalt</td>
              </tr>
              <tr>
                <td style="white-space:nowrap">
                  <a name="http---qpath4ms.ukdd.de-fhir-CodeSystem-Q4MSAnfragekategorie-infection-vaccination"> </a>
                  <a href="CodeSystem-Q4MSAnfragekategorie.html#Q4MSAnfragekategorie-infection-vaccination">infection-vaccination</a>
                </td>
                <td>Infekte / Impfungen</td>
                <td>Anfrage zu Infekten / Impfungen (z.B. Corona)</td>
              </tr>
              <tr>
                <td style="white-space:nowrap">
                  <a name="http---qpath4ms.ukdd.de-fhir-CodeSystem-Q4MSAnfragekategorie-non-drug-therapy"> </a>
                  <a href="CodeSystem-Q4MSAnfragekategorie.html#Q4MSAnfragekategorie-non-drug-therapy">non-drug-therapy</a>
                </td>
                <td>Nicht-medikamentöse Therapie</td>
                <td>Anfrage zur nicht-medikamentösen Therapie</td>
              </tr>
              <tr>
                <td style="white-space:nowrap">
                  <a name="http---qpath4ms.ukdd.de-fhir-CodeSystem-Q4MSAnfragekategorie-pregnancy"> </a>
                  <a href="CodeSystem-Q4MSAnfragekategorie.html#Q4MSAnfragekategorie-pregnancy">pregnancy</a>
                </td>
                <td>Schwangerschaft</td>
                <td>Anfrage zu Schwangerschaft</td>
              </tr>
              <tr>
                <td style="white-space:nowrap">
                  <a name="http---qpath4ms.ukdd.de-fhir-CodeSystem-Q4MSAnfragekategorie-suspected-attack"> </a>
                  <a href="CodeSystem-Q4MSAnfragekategorie.html#Q4MSAnfragekategorie-suspected-attack">suspected-attack</a>
                </td>
                <td>Schubverdacht</td>
                <td>Anfrage zu Schubverdacht / Verschlechterung der Symptome</td>
              </tr>
            </table>
          </div>
        </text>
        <url value="http://qpath4ms.ukdd.de/fhir/ValueSet/Q4MSAnfragekategorieVS"/>
        <version value="0.1.0"/>
        <name value="Q4MSAnfragekategorieVS"/>
        <title value="Anfragekategorie"/>
        <status value="active"/>
        <date value="2022-01-20T13:58:01+01:00"/>
        <publisher value="Forschungsgruppe Digital Health"/>
        <contact>
          <name value="Forschungsgruppe Digital Health"/>
          <telecom>
            <system value="url"/>
            <value value="https://tud.link/xd10"/>
          </telecom>
          <telecom>
            <system value="email"/>
            <value value="digital-health@tu-dresden.de"/>
          </telecom>
        </contact>
        <contact>
          <name value="Marcel Susky"/>
          <telecom>
            <system value="email"/>
            <value value="marcel.susky@tu-dresden.de"/>
            <use value="work"/>
          </telecom>
        </contact>
        <description value="Definiert Anfragekategorien"/>
        <jurisdiction>
          <coding>
            <system value="urn:iso:std:iso:3166"/>
            <code value="DE"/>
            <display value="Germany"/>
          </coding>
        </jurisdiction>
        <expansion>
          <identifier value="urn:uuid:4ff8c605-0b2b-4d41-b8df-3db64d626711"/>
          <timestamp value="2022-01-20T13:58:41+01:00"/>
          <total value="7"/>
          <parameter>
            <name value="excludeNested"/>
            <valueBoolean value="false"/>
          </parameter>
          <parameter>
            <name value="version"/>
            <valueUri value="http://qpath4ms.ukdd.de/fhir/CodeSystem/Q4MSAnfragekategorie|0.1.0"/>
          </parameter>
          <contains>
            <system value="http://qpath4ms.ukdd.de/fhir/CodeSystem/Q4MSAnfragekategorie"/>
            <code value="drug-therapy"/>
            <display value="Medikamentöse Therapie"/>
          </contains>
          <contains>
            <system value="http://qpath4ms.ukdd.de/fhir/CodeSystem/Q4MSAnfragekategorie"/>
            <code value="examination"/>
            <display value="Untersuchung"/>
          </contains>
          <contains>
            <system value="http://qpath4ms.ukdd.de/fhir/CodeSystem/Q4MSAnfragekategorie"/>
            <code value="hospitalization"/>
            <display value="Krankenhausaufenthalt"/>
          </contains>
          <contains>
            <system value="http://qpath4ms.ukdd.de/fhir/CodeSystem/Q4MSAnfragekategorie"/>
            <code value="infection-vaccination"/>
            <display value="Infekte / Impfungen"/>
          </contains>
          <contains>
            <system value="http://qpath4ms.ukdd.de/fhir/CodeSystem/Q4MSAnfragekategorie"/>
            <code value="non-drug-therapy"/>
            <display value="Nicht-medikamentöse Therapie"/>
          </contains>
          <contains>
            <system value="http://qpath4ms.ukdd.de/fhir/CodeSystem/Q4MSAnfragekategorie"/>
            <code value="pregnancy"/>
            <display value="Schwangerschaft"/>
          </contains>
          <contains>
            <system value="http://qpath4ms.ukdd.de/fhir/CodeSystem/Q4MSAnfragekategorie"/>
            <code value="suspected-attack"/>
            <display value="Schubverdacht"/>
          </contains>
        </expansion>
      </ValueSet>
    </resource>
  </entry>
  <entry>
    <fullUrl value="http://qpath4ms.ukdd.de/fhir/ValueSet/Q4MSDokumentanforderungkategorieVS"/>
    <resource>
      <ValueSet>
        <id value="Q4MSDokumentanforderungkategorieVS"/>
        <text>
          <status value="generated"/>
          <div xmlns="http://www.w3.org/1999/xhtml">
            <p>This value set contains 6 concepts</p>
            <p style="border: black 1px dotted; background-color: #EEEEEE; padding: 8px; margin-bottom: 8px">Expansion based on 
              <a href="CodeSystem-Q4MSDokumentanforderungkategorie.html">Dokumentanforderungkategorie v0.1.0 (CodeSystem)</a>
            </p>
            <p>All codes in this table are from the system 
              <a href="CodeSystem-Q4MSDokumentanforderungkategorie.html">
                <code>http://qpath4ms.ukdd.de/fhir/CodeSystem/Q4MSDokumentanforderungkategorie</code>
              </a>
            </p>
            <table class="codes">
              <tr>
                <td style="white-space:nowrap">
                  <b>Code</b>
                </td>
                <td>
                  <b>Display</b>
                </td>
                <td>
                  <b>Definition</b>
                </td>
              </tr>
              <tr>
                <td style="white-space:nowrap">
                  <a name="http---qpath4ms.ukdd.de-fhir-CodeSystem-Q4MSDokumentanforderungkategorie-laboratory-result"> </a>
                  <a href="CodeSystem-Q4MSDokumentanforderungkategorie.html#Q4MSDokumentanforderungkategorie-laboratory-result">laboratory-result</a>
                </td>
                <td>Laborergebnis</td>
                <td>Anforderung eines Laborergebnisses</td>
              </tr>
              <tr>
                <td style="white-space:nowrap">
                  <a name="http---qpath4ms.ukdd.de-fhir-CodeSystem-Q4MSDokumentanforderungkategorie-finding"> </a>
                  <a href="CodeSystem-Q4MSDokumentanforderungkategorie.html#Q4MSDokumentanforderungkategorie-finding">finding</a>
                </td>
                <td>Befund</td>
                <td>Anforderung eines Befunds</td>
              </tr>
              <tr>
                <td style="white-space:nowrap">
                  <a name="http---qpath4ms.ukdd.de-fhir-CodeSystem-Q4MSDokumentanforderungkategorie-doctor-letter"> </a>
                  <a href="CodeSystem-Q4MSDokumentanforderungkategorie.html#Q4MSDokumentanforderungkategorie-doctor-letter">doctor-letter</a>
                </td>
                <td>Arztbrief</td>
                <td>Anforderung eines Arztbriefs</td>
              </tr>
              <tr>
                <td style="white-space:nowrap">
                  <a name="http---qpath4ms.ukdd.de-fhir-CodeSystem-Q4MSDokumentanforderungkategorie-consiliary-report"> </a>
                  <a href="CodeSystem-Q4MSDokumentanforderungkategorie.html#Q4MSDokumentanforderungkategorie-consiliary-report">consiliary-report</a>
                </td>
                <td>Konsiliarbericht</td>
                <td>Anforderung eines Konsiliarberichts</td>
              </tr>
              <tr>
                <td style="white-space:nowrap">
                  <a name="http---qpath4ms.ukdd.de-fhir-CodeSystem-Q4MSDokumentanforderungkategorie-prescription"> </a>
                  <a href="CodeSystem-Q4MSDokumentanforderungkategorie.html#Q4MSDokumentanforderungkategorie-prescription">prescription</a>
                </td>
                <td>Rezept</td>
                <td>Anforderung eines Rezepts</td>
              </tr>
              <tr>
                <td style="white-space:nowrap">
                  <a name="http---qpath4ms.ukdd.de-fhir-CodeSystem-Q4MSDokumentanforderungkategorie-other"> </a>
                  <a href="CodeSystem-Q4MSDokumentanforderungkategorie.html#Q4MSDokumentanforderungkategorie-other">other</a>
                </td>
                <td>Sonstiges</td>
                <td>Anforderung eines sonstigen Dokuments</td>
              </tr>
            </table>
          </div>
        </text>
        <url value="http://qpath4ms.ukdd.de/fhir/ValueSet/Q4MSDokumentanforderungkategorieVS"/>
        <version value="0.1.0"/>
        <name value="Q4MSDokumentanforderungkategorieVS"/>
        <title value="Dokumentanforderungkategorie"/>
        <status value="active"/>
        <date value="2022-01-20T13:58:01+01:00"/>
        <publisher value="Forschungsgruppe Digital Health"/>
        <contact>
          <name value="Forschungsgruppe Digital Health"/>
          <telecom>
            <system value="url"/>
            <value value="https://tud.link/xd10"/>
          </telecom>
          <telecom>
            <system value="email"/>
            <value value="digital-health@tu-dresden.de"/>
          </telecom>
        </contact>
        <contact>
          <name value="Marcel Susky"/>
          <telecom>
            <system value="email"/>
            <value value="marcel.susky@tu-dresden.de"/>
            <use value="work"/>
          </telecom>
        </contact>
        <description value="Definiert Dokumentanforderungkategorien"/>
        <jurisdiction>
          <coding>
            <system value="urn:iso:std:iso:3166"/>
            <code value="DE"/>
            <display value="Germany"/>
          </coding>
        </jurisdiction>
        <expansion>
          <identifier value="urn:uuid:618a3ebd-8a59-4769-95cb-ff931446c0fe"/>
          <timestamp value="2022-01-20T13:58:41+01:00"/>
          <total value="6"/>
          <parameter>
            <name value="excludeNested"/>
            <valueBoolean value="false"/>
          </parameter>
          <parameter>
            <name value="version"/>
            <valueUri value="http://qpath4ms.ukdd.de/fhir/CodeSystem/Q4MSDokumentanforderungkategorie|0.1.0"/>
          </parameter>
          <contains>
            <system value="http://qpath4ms.ukdd.de/fhir/CodeSystem/Q4MSDokumentanforderungkategorie"/>
            <code value="laboratory-result"/>
            <display value="Laborergebnis"/>
          </contains>
          <contains>
            <system value="http://qpath4ms.ukdd.de/fhir/CodeSystem/Q4MSDokumentanforderungkategorie"/>
            <code value="finding"/>
            <display value="Befund"/>
          </contains>
          <contains>
            <system value="http://qpath4ms.ukdd.de/fhir/CodeSystem/Q4MSDokumentanforderungkategorie"/>
            <code value="doctor-letter"/>
            <display value="Arztbrief"/>
          </contains>
          <contains>
            <system value="http://qpath4ms.ukdd.de/fhir/CodeSystem/Q4MSDokumentanforderungkategorie"/>
            <code value="consiliary-report"/>
            <display value="Konsiliarbericht"/>
          </contains>
          <contains>
            <system value="http://qpath4ms.ukdd.de/fhir/CodeSystem/Q4MSDokumentanforderungkategorie"/>
            <code value="prescription"/>
            <display value="Rezept"/>
          </contains>
          <contains>
            <system value="http://qpath4ms.ukdd.de/fhir/CodeSystem/Q4MSDokumentanforderungkategorie"/>
            <code value="other"/>
            <display value="Sonstiges"/>
          </contains>
        </expansion>
      </ValueSet>
    </resource>
  </entry>
  <entry>
    <fullUrl value="http://qpath4ms.ukdd.de/fhir/ValueSet/Q4MSTerminanfragekategorieVS"/>
    <resource>
      <ValueSet>
        <id value="Q4MSTerminanfragekategorieVS"/>
        <text>
          <status value="generated"/>
          <div xmlns="http://www.w3.org/1999/xhtml">
            <p>This value set contains 3 concepts</p>
            <p style="border: black 1px dotted; background-color: #EEEEEE; padding: 8px; margin-bottom: 8px">Expansion based on 
              <a href="CodeSystem-Q4MSTerminanfragekategorie.html">Terminanfragekategorie v0.1.0 (CodeSystem)</a>
            </p>
            <p>All codes in this table are from the system 
              <a href="CodeSystem-Q4MSTerminanfragekategorie.html">
                <code>http://qpath4ms.ukdd.de/fhir/CodeSystem/Q4MSTerminanfragekategorie</code>
              </a>
            </p>
            <table class="codes">
              <tr>
                <td style="white-space:nowrap">
                  <b>Code</b>
                </td>
                <td>
                  <b>Display</b>
                </td>
                <td>
                  <b>Definition</b>
                </td>
              </tr>
              <tr>
                <td style="white-space:nowrap">
                  <a name="http---qpath4ms.ukdd.de-fhir-CodeSystem-Q4MSTerminanfragekategorie-booking"> </a>
                  <a href="CodeSystem-Q4MSTerminanfragekategorie.html#Q4MSTerminanfragekategorie-booking">booking</a>
                </td>
                <td>Terminanforderung</td>
                <td>Anforderung eines Termins</td>
              </tr>
              <tr>
                <td style="white-space:nowrap">
                  <a name="http---qpath4ms.ukdd.de-fhir-CodeSystem-Q4MSTerminanfragekategorie-rescheduling"> </a>
                  <a href="CodeSystem-Q4MSTerminanfragekategorie.html#Q4MSTerminanfragekategorie-rescheduling">rescheduling</a>
                </td>
                <td>Terminverschiebung</td>
                <td>Verschiebung eines Termins</td>
              </tr>
              <tr>
                <td style="white-space:nowrap">
                  <a name="http---qpath4ms.ukdd.de-fhir-CodeSystem-Q4MSTerminanfragekategorie-cancellation"> </a>
                  <a href="CodeSystem-Q4MSTerminanfragekategorie.html#Q4MSTerminanfragekategorie-cancellation">cancellation</a>
                </td>
                <td>Terminabsage</td>
                <td>Absage eines Termins</td>
              </tr>
            </table>
          </div>
        </text>
        <url value="http://qpath4ms.ukdd.de/fhir/ValueSet/Q4MSTerminanfragekategorieVS"/>
        <version value="0.1.0"/>
        <name value="Q4MSTerminanfragekategorieVS"/>
        <title value="Terminanfragekategorie"/>
        <status value="active"/>
        <date value="2022-01-20T13:58:01+01:00"/>
        <publisher value="Forschungsgruppe Digital Health"/>
        <contact>
          <name value="Forschungsgruppe Digital Health"/>
          <telecom>
            <system value="url"/>
            <value value="https://tud.link/xd10"/>
          </telecom>
          <telecom>
            <system value="email"/>
            <value value="digital-health@tu-dresden.de"/>
          </telecom>
        </contact>
        <contact>
          <name value="Marcel Susky"/>
          <telecom>
            <system value="email"/>
            <value value="marcel.susky@tu-dresden.de"/>
            <use value="work"/>
          </telecom>
        </contact>
        <description value="Definiert Terminanfragekategorien"/>
        <jurisdiction>
          <coding>
            <system value="urn:iso:std:iso:3166"/>
            <code value="DE"/>
            <display value="Germany"/>
          </coding>
        </jurisdiction>
        <expansion>
          <identifier value="urn:uuid:5356e686-76ed-45f8-9d35-8febdef7a239"/>
          <timestamp value="2022-01-20T13:58:41+01:00"/>
          <total value="3"/>
          <parameter>
            <name value="excludeNested"/>
            <valueBoolean value="false"/>
          </parameter>
          <parameter>
            <name value="version"/>
            <valueUri value="http://qpath4ms.ukdd.de/fhir/CodeSystem/Q4MSTerminanfragekategorie|0.1.0"/>
          </parameter>
          <contains>
            <system value="http://qpath4ms.ukdd.de/fhir/CodeSystem/Q4MSTerminanfragekategorie"/>
            <code value="booking"/>
            <display value="Terminanforderung"/>
          </contains>
          <contains>
            <system value="http://qpath4ms.ukdd.de/fhir/CodeSystem/Q4MSTerminanfragekategorie"/>
            <code value="rescheduling"/>
            <display value="Terminverschiebung"/>
          </contains>
          <contains>
            <system value="http://qpath4ms.ukdd.de/fhir/CodeSystem/Q4MSTerminanfragekategorie"/>
            <code value="cancellation"/>
            <display value="Terminabsage"/>
          </contains>
        </expansion>
      </ValueSet>
    </resource>
  </entry>
</Bundle>