{
  "resourceType" : "Bundle",
  "id" : "254c9d3f-f199-470b-87cf-1f1f0307f9d3",
  "meta" : {
    "lastUpdated" : "2022-01-20T13:58:01.609+01:00"
  },
  "type" : "collection",
  "entry" : [{
    "fullUrl" : "http://qpath4ms.ukdd.de/fhir/ValueSet/Q4MSAnfragekategorieVS",
    "resource" : {
      "resourceType" : "ValueSet",
      "id" : "Q4MSAnfragekategorieVS",
      "text" : {
        "status" : "generated",
        "div" : "<div xmlns=\"http://www.w3.org/1999/xhtml\"><p>This value set contains 7 concepts</p><p style=\"border: black 1px dotted; background-color: #EEEEEE; padding: 8px; margin-bottom: 8px\">Expansion based on <a href=\"CodeSystem-Q4MSAnfragekategorie.html\">Anfragekategorie v0.1.0 (CodeSystem)</a></p><p>All codes in this table are from the system <a href=\"CodeSystem-Q4MSAnfragekategorie.html\"><code>http://qpath4ms.ukdd.de/fhir/CodeSystem/Q4MSAnfragekategorie</code></a></p><table class=\"codes\"><tr><td style=\"white-space:nowrap\"><b>Code</b></td><td><b>Display</b></td><td><b>Definition</b></td></tr><tr><td style=\"white-space:nowrap\"><a name=\"http---qpath4ms.ukdd.de-fhir-CodeSystem-Q4MSAnfragekategorie-drug-therapy\"> </a><a href=\"CodeSystem-Q4MSAnfragekategorie.html#Q4MSAnfragekategorie-drug-therapy\">drug-therapy</a></td><td>Medikamentöse Therapie</td><td>Anfrage zur medikamentösen Therapie</td></tr><tr><td style=\"white-space:nowrap\"><a name=\"http---qpath4ms.ukdd.de-fhir-CodeSystem-Q4MSAnfragekategorie-examination\"> </a><a href=\"CodeSystem-Q4MSAnfragekategorie.html#Q4MSAnfragekategorie-examination\">examination</a></td><td>Untersuchung</td><td>Anfrage zu Krankenhausaufenthalt</td></tr><tr><td style=\"white-space:nowrap\"><a name=\"http---qpath4ms.ukdd.de-fhir-CodeSystem-Q4MSAnfragekategorie-hospitalization\"> </a><a href=\"CodeSystem-Q4MSAnfragekategorie.html#Q4MSAnfragekategorie-hospitalization\">hospitalization</a></td><td>Krankenhausaufenthalt</td><td>Anfrage zu Krankenhausaufenthalt</td></tr><tr><td style=\"white-space:nowrap\"><a name=\"http---qpath4ms.ukdd.de-fhir-CodeSystem-Q4MSAnfragekategorie-infection-vaccination\"> </a><a href=\"CodeSystem-Q4MSAnfragekategorie.html#Q4MSAnfragekategorie-infection-vaccination\">infection-vaccination</a></td><td>Infekte / Impfungen</td><td>Anfrage zu Infekten / Impfungen (z.B. Corona)</td></tr><tr><td style=\"white-space:nowrap\"><a name=\"http---qpath4ms.ukdd.de-fhir-CodeSystem-Q4MSAnfragekategorie-non-drug-therapy\"> </a><a href=\"CodeSystem-Q4MSAnfragekategorie.html#Q4MSAnfragekategorie-non-drug-therapy\">non-drug-therapy</a></td><td>Nicht-medikamentöse Therapie</td><td>Anfrage zur nicht-medikamentösen Therapie</td></tr><tr><td style=\"white-space:nowrap\"><a name=\"http---qpath4ms.ukdd.de-fhir-CodeSystem-Q4MSAnfragekategorie-pregnancy\"> </a><a href=\"CodeSystem-Q4MSAnfragekategorie.html#Q4MSAnfragekategorie-pregnancy\">pregnancy</a></td><td>Schwangerschaft</td><td>Anfrage zu Schwangerschaft</td></tr><tr><td style=\"white-space:nowrap\"><a name=\"http---qpath4ms.ukdd.de-fhir-CodeSystem-Q4MSAnfragekategorie-suspected-attack\"> </a><a href=\"CodeSystem-Q4MSAnfragekategorie.html#Q4MSAnfragekategorie-suspected-attack\">suspected-attack</a></td><td>Schubverdacht</td><td>Anfrage zu Schubverdacht / Verschlechterung der Symptome</td></tr></table></div>"
      },
      "url" : "http://qpath4ms.ukdd.de/fhir/ValueSet/Q4MSAnfragekategorieVS",
      "version" : "0.1.0",
      "name" : "Q4MSAnfragekategorieVS",
      "title" : "Anfragekategorie",
      "status" : "active",
      "date" : "2022-01-20T13:58:01+01:00",
      "publisher" : "Forschungsgruppe Digital Health",
      "contact" : [{
        "name" : "Forschungsgruppe Digital Health",
        "telecom" : [{
          "system" : "url",
          "value" : "https://tud.link/xd10"
        },
        {
          "system" : "email",
          "value" : "digital-health@tu-dresden.de"
        }]
      },
      {
        "name" : "Marcel Susky",
        "telecom" : [{
          "system" : "email",
          "value" : "marcel.susky@tu-dresden.de",
          "use" : "work"
        }]
      }],
      "description" : "Definiert Anfragekategorien",
      "jurisdiction" : [{
        "coding" : [{
          "system" : "urn:iso:std:iso:3166",
          "code" : "DE",
          "display" : "Germany"
        }]
      }],
      "expansion" : {
        "identifier" : "urn:uuid:4ff8c605-0b2b-4d41-b8df-3db64d626711",
        "timestamp" : "2022-01-20T13:58:41+01:00",
        "total" : 7,
        "parameter" : [{
          "name" : "excludeNested",
          "valueBoolean" : false
        },
        {
          "name" : "version",
          "valueUri" : "http://qpath4ms.ukdd.de/fhir/CodeSystem/Q4MSAnfragekategorie|0.1.0"
        }],
        "contains" : [{
          "system" : "http://qpath4ms.ukdd.de/fhir/CodeSystem/Q4MSAnfragekategorie",
          "code" : "drug-therapy",
          "display" : "Medikamentöse Therapie"
        },
        {
          "system" : "http://qpath4ms.ukdd.de/fhir/CodeSystem/Q4MSAnfragekategorie",
          "code" : "examination",
          "display" : "Untersuchung"
        },
        {
          "system" : "http://qpath4ms.ukdd.de/fhir/CodeSystem/Q4MSAnfragekategorie",
          "code" : "hospitalization",
          "display" : "Krankenhausaufenthalt"
        },
        {
          "system" : "http://qpath4ms.ukdd.de/fhir/CodeSystem/Q4MSAnfragekategorie",
          "code" : "infection-vaccination",
          "display" : "Infekte / Impfungen"
        },
        {
          "system" : "http://qpath4ms.ukdd.de/fhir/CodeSystem/Q4MSAnfragekategorie",
          "code" : "non-drug-therapy",
          "display" : "Nicht-medikamentöse Therapie"
        },
        {
          "system" : "http://qpath4ms.ukdd.de/fhir/CodeSystem/Q4MSAnfragekategorie",
          "code" : "pregnancy",
          "display" : "Schwangerschaft"
        },
        {
          "system" : "http://qpath4ms.ukdd.de/fhir/CodeSystem/Q4MSAnfragekategorie",
          "code" : "suspected-attack",
          "display" : "Schubverdacht"
        }]
      }
    }
  },
  {
    "fullUrl" : "http://qpath4ms.ukdd.de/fhir/ValueSet/Q4MSDokumentanforderungkategorieVS",
    "resource" : {
      "resourceType" : "ValueSet",
      "id" : "Q4MSDokumentanforderungkategorieVS",
      "text" : {
        "status" : "generated",
        "div" : "<div xmlns=\"http://www.w3.org/1999/xhtml\"><p>This value set contains 6 concepts</p><p style=\"border: black 1px dotted; background-color: #EEEEEE; padding: 8px; margin-bottom: 8px\">Expansion based on <a href=\"CodeSystem-Q4MSDokumentanforderungkategorie.html\">Dokumentanforderungkategorie v0.1.0 (CodeSystem)</a></p><p>All codes in this table are from the system <a href=\"CodeSystem-Q4MSDokumentanforderungkategorie.html\"><code>http://qpath4ms.ukdd.de/fhir/CodeSystem/Q4MSDokumentanforderungkategorie</code></a></p><table class=\"codes\"><tr><td style=\"white-space:nowrap\"><b>Code</b></td><td><b>Display</b></td><td><b>Definition</b></td></tr><tr><td style=\"white-space:nowrap\"><a name=\"http---qpath4ms.ukdd.de-fhir-CodeSystem-Q4MSDokumentanforderungkategorie-laboratory-result\"> </a><a href=\"CodeSystem-Q4MSDokumentanforderungkategorie.html#Q4MSDokumentanforderungkategorie-laboratory-result\">laboratory-result</a></td><td>Laborergebnis</td><td>Anforderung eines Laborergebnisses</td></tr><tr><td style=\"white-space:nowrap\"><a name=\"http---qpath4ms.ukdd.de-fhir-CodeSystem-Q4MSDokumentanforderungkategorie-finding\"> </a><a href=\"CodeSystem-Q4MSDokumentanforderungkategorie.html#Q4MSDokumentanforderungkategorie-finding\">finding</a></td><td>Befund</td><td>Anforderung eines Befunds</td></tr><tr><td style=\"white-space:nowrap\"><a name=\"http---qpath4ms.ukdd.de-fhir-CodeSystem-Q4MSDokumentanforderungkategorie-doctor-letter\"> </a><a href=\"CodeSystem-Q4MSDokumentanforderungkategorie.html#Q4MSDokumentanforderungkategorie-doctor-letter\">doctor-letter</a></td><td>Arztbrief</td><td>Anforderung eines Arztbriefs</td></tr><tr><td style=\"white-space:nowrap\"><a name=\"http---qpath4ms.ukdd.de-fhir-CodeSystem-Q4MSDokumentanforderungkategorie-consiliary-report\"> </a><a href=\"CodeSystem-Q4MSDokumentanforderungkategorie.html#Q4MSDokumentanforderungkategorie-consiliary-report\">consiliary-report</a></td><td>Konsiliarbericht</td><td>Anforderung eines Konsiliarberichts</td></tr><tr><td style=\"white-space:nowrap\"><a name=\"http---qpath4ms.ukdd.de-fhir-CodeSystem-Q4MSDokumentanforderungkategorie-prescription\"> </a><a href=\"CodeSystem-Q4MSDokumentanforderungkategorie.html#Q4MSDokumentanforderungkategorie-prescription\">prescription</a></td><td>Rezept</td><td>Anforderung eines Rezepts</td></tr><tr><td style=\"white-space:nowrap\"><a name=\"http---qpath4ms.ukdd.de-fhir-CodeSystem-Q4MSDokumentanforderungkategorie-other\"> </a><a href=\"CodeSystem-Q4MSDokumentanforderungkategorie.html#Q4MSDokumentanforderungkategorie-other\">other</a></td><td>Sonstiges</td><td>Anforderung eines sonstigen Dokuments</td></tr></table></div>"
      },
      "url" : "http://qpath4ms.ukdd.de/fhir/ValueSet/Q4MSDokumentanforderungkategorieVS",
      "version" : "0.1.0",
      "name" : "Q4MSDokumentanforderungkategorieVS",
      "title" : "Dokumentanforderungkategorie",
      "status" : "active",
      "date" : "2022-01-20T13:58:01+01:00",
      "publisher" : "Forschungsgruppe Digital Health",
      "contact" : [{
        "name" : "Forschungsgruppe Digital Health",
        "telecom" : [{
          "system" : "url",
          "value" : "https://tud.link/xd10"
        },
        {
          "system" : "email",
          "value" : "digital-health@tu-dresden.de"
        }]
      },
      {
        "name" : "Marcel Susky",
        "telecom" : [{
          "system" : "email",
          "value" : "marcel.susky@tu-dresden.de",
          "use" : "work"
        }]
      }],
      "description" : "Definiert Dokumentanforderungkategorien",
      "jurisdiction" : [{
        "coding" : [{
          "system" : "urn:iso:std:iso:3166",
          "code" : "DE",
          "display" : "Germany"
        }]
      }],
      "expansion" : {
        "identifier" : "urn:uuid:618a3ebd-8a59-4769-95cb-ff931446c0fe",
        "timestamp" : "2022-01-20T13:58:41+01:00",
        "total" : 6,
        "parameter" : [{
          "name" : "excludeNested",
          "valueBoolean" : false
        },
        {
          "name" : "version",
          "valueUri" : "http://qpath4ms.ukdd.de/fhir/CodeSystem/Q4MSDokumentanforderungkategorie|0.1.0"
        }],
        "contains" : [{
          "system" : "http://qpath4ms.ukdd.de/fhir/CodeSystem/Q4MSDokumentanforderungkategorie",
          "code" : "laboratory-result",
          "display" : "Laborergebnis"
        },
        {
          "system" : "http://qpath4ms.ukdd.de/fhir/CodeSystem/Q4MSDokumentanforderungkategorie",
          "code" : "finding",
          "display" : "Befund"
        },
        {
          "system" : "http://qpath4ms.ukdd.de/fhir/CodeSystem/Q4MSDokumentanforderungkategorie",
          "code" : "doctor-letter",
          "display" : "Arztbrief"
        },
        {
          "system" : "http://qpath4ms.ukdd.de/fhir/CodeSystem/Q4MSDokumentanforderungkategorie",
          "code" : "consiliary-report",
          "display" : "Konsiliarbericht"
        },
        {
          "system" : "http://qpath4ms.ukdd.de/fhir/CodeSystem/Q4MSDokumentanforderungkategorie",
          "code" : "prescription",
          "display" : "Rezept"
        },
        {
          "system" : "http://qpath4ms.ukdd.de/fhir/CodeSystem/Q4MSDokumentanforderungkategorie",
          "code" : "other",
          "display" : "Sonstiges"
        }]
      }
    }
  },
  {
    "fullUrl" : "http://qpath4ms.ukdd.de/fhir/ValueSet/Q4MSTerminanfragekategorieVS",
    "resource" : {
      "resourceType" : "ValueSet",
      "id" : "Q4MSTerminanfragekategorieVS",
      "text" : {
        "status" : "generated",
        "div" : "<div xmlns=\"http://www.w3.org/1999/xhtml\"><p>This value set contains 3 concepts</p><p style=\"border: black 1px dotted; background-color: #EEEEEE; padding: 8px; margin-bottom: 8px\">Expansion based on <a href=\"CodeSystem-Q4MSTerminanfragekategorie.html\">Terminanfragekategorie v0.1.0 (CodeSystem)</a></p><p>All codes in this table are from the system <a href=\"CodeSystem-Q4MSTerminanfragekategorie.html\"><code>http://qpath4ms.ukdd.de/fhir/CodeSystem/Q4MSTerminanfragekategorie</code></a></p><table class=\"codes\"><tr><td style=\"white-space:nowrap\"><b>Code</b></td><td><b>Display</b></td><td><b>Definition</b></td></tr><tr><td style=\"white-space:nowrap\"><a name=\"http---qpath4ms.ukdd.de-fhir-CodeSystem-Q4MSTerminanfragekategorie-booking\"> </a><a href=\"CodeSystem-Q4MSTerminanfragekategorie.html#Q4MSTerminanfragekategorie-booking\">booking</a></td><td>Terminanforderung</td><td>Anforderung eines Termins</td></tr><tr><td style=\"white-space:nowrap\"><a name=\"http---qpath4ms.ukdd.de-fhir-CodeSystem-Q4MSTerminanfragekategorie-rescheduling\"> </a><a href=\"CodeSystem-Q4MSTerminanfragekategorie.html#Q4MSTerminanfragekategorie-rescheduling\">rescheduling</a></td><td>Terminverschiebung</td><td>Verschiebung eines Termins</td></tr><tr><td style=\"white-space:nowrap\"><a name=\"http---qpath4ms.ukdd.de-fhir-CodeSystem-Q4MSTerminanfragekategorie-cancellation\"> </a><a href=\"CodeSystem-Q4MSTerminanfragekategorie.html#Q4MSTerminanfragekategorie-cancellation\">cancellation</a></td><td>Terminabsage</td><td>Absage eines Termins</td></tr></table></div>"
      },
      "url" : "http://qpath4ms.ukdd.de/fhir/ValueSet/Q4MSTerminanfragekategorieVS",
      "version" : "0.1.0",
      "name" : "Q4MSTerminanfragekategorieVS",
      "title" : "Terminanfragekategorie",
      "status" : "active",
      "date" : "2022-01-20T13:58:01+01:00",
      "publisher" : "Forschungsgruppe Digital Health",
      "contact" : [{
        "name" : "Forschungsgruppe Digital Health",
        "telecom" : [{
          "system" : "url",
          "value" : "https://tud.link/xd10"
        },
        {
          "system" : "email",
          "value" : "digital-health@tu-dresden.de"
        }]
      },
      {
        "name" : "Marcel Susky",
        "telecom" : [{
          "system" : "email",
          "value" : "marcel.susky@tu-dresden.de",
          "use" : "work"
        }]
      }],
      "description" : "Definiert Terminanfragekategorien",
      "jurisdiction" : [{
        "coding" : [{
          "system" : "urn:iso:std:iso:3166",
          "code" : "DE",
          "display" : "Germany"
        }]
      }],
      "expansion" : {
        "identifier" : "urn:uuid:5356e686-76ed-45f8-9d35-8febdef7a239",
        "timestamp" : "2022-01-20T13:58:41+01:00",
        "total" : 3,
        "parameter" : [{
          "name" : "excludeNested",
          "valueBoolean" : false
        },
        {
          "name" : "version",
          "valueUri" : "http://qpath4ms.ukdd.de/fhir/CodeSystem/Q4MSTerminanfragekategorie|0.1.0"
        }],
        "contains" : [{
          "system" : "http://qpath4ms.ukdd.de/fhir/CodeSystem/Q4MSTerminanfragekategorie",
          "code" : "booking",
          "display" : "Terminanforderung"
        },
        {
          "system" : "http://qpath4ms.ukdd.de/fhir/CodeSystem/Q4MSTerminanfragekategorie",
          "code" : "rescheduling",
          "display" : "Terminverschiebung"
        },
        {
          "system" : "http://qpath4ms.ukdd.de/fhir/CodeSystem/Q4MSTerminanfragekategorie",
          "code" : "cancellation",
          "display" : "Terminabsage"
        }]
      }
    }
  }]
}