{
  "resourceType" : "Bundle",
  "id" : "6b7c307a-00d3-422b-bc97-c8e53cfb118e",
  "meta" : {
    "lastUpdated" : "2022-01-10T21:07:17.124+01:00"
  },
  "type" : "collection",
  "entry" : [{
    "fullUrl" : "http://qpath4ms.ukdd.de/fhir/ValueSet/q4ms-anfragekategorie-vs",
    "resource" : {
      "resourceType" : "ValueSet",
      "id" : "q4ms-anfragekategorie-vs",
      "text" : {
        "status" : "generated",
        "div" : "<div xmlns=\"http://www.w3.org/1999/xhtml\"><p>This value set contains 7 concepts</p><p style=\"border: black 1px dotted; background-color: #EEEEEE; padding: 8px; margin-bottom: 8px\">Expansion based on <a href=\"CodeSystem-q4ms-anfragekategorie.html\">Anfragekategorie v0.1.0 (CodeSystem)</a></p><p>All codes in this table are from the system <a href=\"CodeSystem-q4ms-anfragekategorie.html\"><code>http://qpath4ms.ukdd.de/fhir/CodeSystem/q4ms-anfragekategorie</code></a></p><table class=\"codes\"><tr><td style=\"white-space:nowrap\"><b>Code</b></td><td><b>Display</b></td><td><b>Definition</b></td></tr><tr><td style=\"white-space:nowrap\"><a name=\"http---qpath4ms.ukdd.de-fhir-CodeSystem-q4ms-anfragekategorie-drug-therapy\"> </a><a href=\"CodeSystem-q4ms-anfragekategorie.html#q4ms-anfragekategorie-drug-therapy\">drug-therapy</a></td><td>Medikamentöse Therapie</td><td>Anfrage zur medikamentösen Therapie</td></tr><tr><td style=\"white-space:nowrap\"><a name=\"http---qpath4ms.ukdd.de-fhir-CodeSystem-q4ms-anfragekategorie-examination\"> </a><a href=\"CodeSystem-q4ms-anfragekategorie.html#q4ms-anfragekategorie-examination\">examination</a></td><td>Untersuchung</td><td>Anfrage zu Krankenhausaufenthalt</td></tr><tr><td style=\"white-space:nowrap\"><a name=\"http---qpath4ms.ukdd.de-fhir-CodeSystem-q4ms-anfragekategorie-hospitalization\"> </a><a href=\"CodeSystem-q4ms-anfragekategorie.html#q4ms-anfragekategorie-hospitalization\">hospitalization</a></td><td>Krankenhausaufenthalt</td><td>Anfrage zu Krankenhausaufenthalt</td></tr><tr><td style=\"white-space:nowrap\"><a name=\"http---qpath4ms.ukdd.de-fhir-CodeSystem-q4ms-anfragekategorie-infection-vaccination\"> </a><a href=\"CodeSystem-q4ms-anfragekategorie.html#q4ms-anfragekategorie-infection-vaccination\">infection-vaccination</a></td><td>Infekte / Impfungen</td><td>Anfrage zu Infekten / Impfungen (z.B. Corona)</td></tr><tr><td style=\"white-space:nowrap\"><a name=\"http---qpath4ms.ukdd.de-fhir-CodeSystem-q4ms-anfragekategorie-non-drug-therapy\"> </a><a href=\"CodeSystem-q4ms-anfragekategorie.html#q4ms-anfragekategorie-non-drug-therapy\">non-drug-therapy</a></td><td>Nicht-medikamentöse Therapie</td><td>Anfrage zur nicht-medikamentösen Therapie</td></tr><tr><td style=\"white-space:nowrap\"><a name=\"http---qpath4ms.ukdd.de-fhir-CodeSystem-q4ms-anfragekategorie-pregnancy\"> </a><a href=\"CodeSystem-q4ms-anfragekategorie.html#q4ms-anfragekategorie-pregnancy\">pregnancy</a></td><td>Schwangerschaft</td><td>Anfrage zu Schwangerschaft</td></tr><tr><td style=\"white-space:nowrap\"><a name=\"http---qpath4ms.ukdd.de-fhir-CodeSystem-q4ms-anfragekategorie-suspected-attack\"> </a><a href=\"CodeSystem-q4ms-anfragekategorie.html#q4ms-anfragekategorie-suspected-attack\">suspected-attack</a></td><td>Schubverdacht</td><td>Anfrage zu Schubverdacht / Verschlechterung der Symptome</td></tr></table></div>"
      },
      "url" : "http://qpath4ms.ukdd.de/fhir/ValueSet/q4ms-anfragekategorie-vs",
      "version" : "0.1.0",
      "name" : "Q4MSAnfragekategorieVS",
      "title" : "Anfragekategorie",
      "status" : "active",
      "date" : "2022-01-10T21:07:17+01:00",
      "publisher" : "Forschungsgruppe Digital Health",
      "contact" : [{
        "name" : "Forschungsgruppe Digital Health",
        "telecom" : [{
          "system" : "url",
          "value" : "https://tud.link/xd10"
        },
        {
          "system" : "email",
          "value" : "digital-health@tu-dresden.de"
        }]
      },
      {
        "name" : "Marcel Susky",
        "telecom" : [{
          "system" : "email",
          "value" : "marcel.susky@tu-dresden.de",
          "use" : "work"
        }]
      }],
      "description" : "Definiert Anfragekategorien",
      "jurisdiction" : [{
        "coding" : [{
          "system" : "urn:iso:std:iso:3166",
          "code" : "DE",
          "display" : "Germany"
        }]
      }],
      "expansion" : {
        "identifier" : "urn:uuid:0d269aa2-d8c1-4a51-9635-c11d94d2bc0f",
        "timestamp" : "2022-01-10T21:07:55+01:00",
        "total" : 7,
        "parameter" : [{
          "name" : "excludeNested",
          "valueBoolean" : false
        },
        {
          "name" : "version",
          "valueUri" : "http://qpath4ms.ukdd.de/fhir/CodeSystem/q4ms-anfragekategorie|0.1.0"
        }],
        "contains" : [{
          "system" : "http://qpath4ms.ukdd.de/fhir/CodeSystem/q4ms-anfragekategorie",
          "code" : "drug-therapy",
          "display" : "Medikamentöse Therapie"
        },
        {
          "system" : "http://qpath4ms.ukdd.de/fhir/CodeSystem/q4ms-anfragekategorie",
          "code" : "examination",
          "display" : "Untersuchung"
        },
        {
          "system" : "http://qpath4ms.ukdd.de/fhir/CodeSystem/q4ms-anfragekategorie",
          "code" : "hospitalization",
          "display" : "Krankenhausaufenthalt"
        },
        {
          "system" : "http://qpath4ms.ukdd.de/fhir/CodeSystem/q4ms-anfragekategorie",
          "code" : "infection-vaccination",
          "display" : "Infekte / Impfungen"
        },
        {
          "system" : "http://qpath4ms.ukdd.de/fhir/CodeSystem/q4ms-anfragekategorie",
          "code" : "non-drug-therapy",
          "display" : "Nicht-medikamentöse Therapie"
        },
        {
          "system" : "http://qpath4ms.ukdd.de/fhir/CodeSystem/q4ms-anfragekategorie",
          "code" : "pregnancy",
          "display" : "Schwangerschaft"
        },
        {
          "system" : "http://qpath4ms.ukdd.de/fhir/CodeSystem/q4ms-anfragekategorie",
          "code" : "suspected-attack",
          "display" : "Schubverdacht"
        }]
      }
    }
  },
  {
    "fullUrl" : "http://qpath4ms.ukdd.de/fhir/ValueSet/q4ms-dokumentanforderungkategorie-vs",
    "resource" : {
      "resourceType" : "ValueSet",
      "id" : "q4ms-dokumentanforderungkategorie-vs",
      "text" : {
        "status" : "generated",
        "div" : "<div xmlns=\"http://www.w3.org/1999/xhtml\"><p>This value set contains 6 concepts</p><p style=\"border: black 1px dotted; background-color: #EEEEEE; padding: 8px; margin-bottom: 8px\">Expansion based on <a href=\"CodeSystem-q4ms-dokumentanforderungkategorie.html\">Dokumentanforderungkategorie v0.1.0 (CodeSystem)</a></p><p>All codes in this table are from the system <a href=\"CodeSystem-q4ms-dokumentanforderungkategorie.html\"><code>http://qpath4ms.ukdd.de/fhir/CodeSystem/q4ms-dokumentanforderungkategorie</code></a></p><table class=\"codes\"><tr><td style=\"white-space:nowrap\"><b>Code</b></td><td><b>Display</b></td><td><b>Definition</b></td></tr><tr><td style=\"white-space:nowrap\"><a name=\"http---qpath4ms.ukdd.de-fhir-CodeSystem-q4ms-dokumentanforderungkategorie-laboratory-result\"> </a><a href=\"CodeSystem-q4ms-dokumentanforderungkategorie.html#q4ms-dokumentanforderungkategorie-laboratory-result\">laboratory-result</a></td><td>Laborergebnis</td><td>Anforderung eines Laborergebnisses</td></tr><tr><td style=\"white-space:nowrap\"><a name=\"http---qpath4ms.ukdd.de-fhir-CodeSystem-q4ms-dokumentanforderungkategorie-finding\"> </a><a href=\"CodeSystem-q4ms-dokumentanforderungkategorie.html#q4ms-dokumentanforderungkategorie-finding\">finding</a></td><td>Befund</td><td>Anforderung eines Befunds</td></tr><tr><td style=\"white-space:nowrap\"><a name=\"http---qpath4ms.ukdd.de-fhir-CodeSystem-q4ms-dokumentanforderungkategorie-doctor-letter\"> </a><a href=\"CodeSystem-q4ms-dokumentanforderungkategorie.html#q4ms-dokumentanforderungkategorie-doctor-letter\">doctor-letter</a></td><td>Arztbrief</td><td>Anforderung eines Arztbriefs</td></tr><tr><td style=\"white-space:nowrap\"><a name=\"http---qpath4ms.ukdd.de-fhir-CodeSystem-q4ms-dokumentanforderungkategorie-consiliary-report\"> </a><a href=\"CodeSystem-q4ms-dokumentanforderungkategorie.html#q4ms-dokumentanforderungkategorie-consiliary-report\">consiliary-report</a></td><td>Konsiliarbericht</td><td>Anforderung eines Konsiliarberichts</td></tr><tr><td style=\"white-space:nowrap\"><a name=\"http---qpath4ms.ukdd.de-fhir-CodeSystem-q4ms-dokumentanforderungkategorie-prescription\"> </a><a href=\"CodeSystem-q4ms-dokumentanforderungkategorie.html#q4ms-dokumentanforderungkategorie-prescription\">prescription</a></td><td>Rezept</td><td>Anforderung eines Rezepts</td></tr><tr><td style=\"white-space:nowrap\"><a name=\"http---qpath4ms.ukdd.de-fhir-CodeSystem-q4ms-dokumentanforderungkategorie-other\"> </a><a href=\"CodeSystem-q4ms-dokumentanforderungkategorie.html#q4ms-dokumentanforderungkategorie-other\">other</a></td><td>Sonstiges</td><td>Anforderung eines sonstigen Dokuments</td></tr></table></div>"
      },
      "url" : "http://qpath4ms.ukdd.de/fhir/ValueSet/q4ms-dokumentanforderungkategorie-vs",
      "version" : "0.1.0",
      "name" : "Q4MSDokumentanforderungkategorieVS",
      "title" : "Dokumentanforderungkategorie",
      "status" : "active",
      "date" : "2022-01-10T21:07:17+01:00",
      "publisher" : "Forschungsgruppe Digital Health",
      "contact" : [{
        "name" : "Forschungsgruppe Digital Health",
        "telecom" : [{
          "system" : "url",
          "value" : "https://tud.link/xd10"
        },
        {
          "system" : "email",
          "value" : "digital-health@tu-dresden.de"
        }]
      },
      {
        "name" : "Marcel Susky",
        "telecom" : [{
          "system" : "email",
          "value" : "marcel.susky@tu-dresden.de",
          "use" : "work"
        }]
      }],
      "description" : "Definiert Dokumentanforderungkategorien",
      "jurisdiction" : [{
        "coding" : [{
          "system" : "urn:iso:std:iso:3166",
          "code" : "DE",
          "display" : "Germany"
        }]
      }],
      "expansion" : {
        "identifier" : "urn:uuid:8f3bd691-ea6c-4169-bf95-986776cd98c4",
        "timestamp" : "2022-01-10T21:07:55+01:00",
        "total" : 6,
        "parameter" : [{
          "name" : "excludeNested",
          "valueBoolean" : false
        },
        {
          "name" : "version",
          "valueUri" : "http://qpath4ms.ukdd.de/fhir/CodeSystem/q4ms-dokumentanforderungkategorie|0.1.0"
        }],
        "contains" : [{
          "system" : "http://qpath4ms.ukdd.de/fhir/CodeSystem/q4ms-dokumentanforderungkategorie",
          "code" : "laboratory-result",
          "display" : "Laborergebnis"
        },
        {
          "system" : "http://qpath4ms.ukdd.de/fhir/CodeSystem/q4ms-dokumentanforderungkategorie",
          "code" : "finding",
          "display" : "Befund"
        },
        {
          "system" : "http://qpath4ms.ukdd.de/fhir/CodeSystem/q4ms-dokumentanforderungkategorie",
          "code" : "doctor-letter",
          "display" : "Arztbrief"
        },
        {
          "system" : "http://qpath4ms.ukdd.de/fhir/CodeSystem/q4ms-dokumentanforderungkategorie",
          "code" : "consiliary-report",
          "display" : "Konsiliarbericht"
        },
        {
          "system" : "http://qpath4ms.ukdd.de/fhir/CodeSystem/q4ms-dokumentanforderungkategorie",
          "code" : "prescription",
          "display" : "Rezept"
        },
        {
          "system" : "http://qpath4ms.ukdd.de/fhir/CodeSystem/q4ms-dokumentanforderungkategorie",
          "code" : "other",
          "display" : "Sonstiges"
        }]
      }
    }
  },
  {
    "fullUrl" : "http://qpath4ms.ukdd.de/fhir/ValueSet/q4ms-terminanfragekategorie-vs",
    "resource" : {
      "resourceType" : "ValueSet",
      "id" : "q4ms-terminanfragekategorie-vs",
      "text" : {
        "status" : "generated",
        "div" : "<div xmlns=\"http://www.w3.org/1999/xhtml\"><p>This value set contains 3 concepts</p><p style=\"border: black 1px dotted; background-color: #EEEEEE; padding: 8px; margin-bottom: 8px\">Expansion based on <a href=\"CodeSystem-q4ms-terminanfragekategorie.html\">Terminanfragekategorie v0.1.0 (CodeSystem)</a></p><p>All codes in this table are from the system <a href=\"CodeSystem-q4ms-terminanfragekategorie.html\"><code>http://qpath4ms.ukdd.de/fhir/CodeSystem/q4ms-terminanfragekategorie</code></a></p><table class=\"codes\"><tr><td style=\"white-space:nowrap\"><b>Code</b></td><td><b>Display</b></td><td><b>Definition</b></td></tr><tr><td style=\"white-space:nowrap\"><a name=\"http---qpath4ms.ukdd.de-fhir-CodeSystem-q4ms-terminanfragekategorie-booking\"> </a><a href=\"CodeSystem-q4ms-terminanfragekategorie.html#q4ms-terminanfragekategorie-booking\">booking</a></td><td>Terminanforderung</td><td>Anforderung eines Termins</td></tr><tr><td style=\"white-space:nowrap\"><a name=\"http---qpath4ms.ukdd.de-fhir-CodeSystem-q4ms-terminanfragekategorie-rescheduling\"> </a><a href=\"CodeSystem-q4ms-terminanfragekategorie.html#q4ms-terminanfragekategorie-rescheduling\">rescheduling</a></td><td>Terminverschiebung</td><td>Verschiebung eines Termins</td></tr><tr><td style=\"white-space:nowrap\"><a name=\"http---qpath4ms.ukdd.de-fhir-CodeSystem-q4ms-terminanfragekategorie-cancellation\"> </a><a href=\"CodeSystem-q4ms-terminanfragekategorie.html#q4ms-terminanfragekategorie-cancellation\">cancellation</a></td><td>Terminabsage</td><td>Absage eines Termins</td></tr></table></div>"
      },
      "url" : "http://qpath4ms.ukdd.de/fhir/ValueSet/q4ms-terminanfragekategorie-vs",
      "version" : "0.1.0",
      "name" : "Q4MSTerminanfragekategorieVS",
      "title" : "Terminanfragekategorie",
      "status" : "active",
      "date" : "2022-01-10T21:07:17+01:00",
      "publisher" : "Forschungsgruppe Digital Health",
      "contact" : [{
        "name" : "Forschungsgruppe Digital Health",
        "telecom" : [{
          "system" : "url",
          "value" : "https://tud.link/xd10"
        },
        {
          "system" : "email",
          "value" : "digital-health@tu-dresden.de"
        }]
      },
      {
        "name" : "Marcel Susky",
        "telecom" : [{
          "system" : "email",
          "value" : "marcel.susky@tu-dresden.de",
          "use" : "work"
        }]
      }],
      "description" : "Definiert Terminanfragekategorien",
      "jurisdiction" : [{
        "coding" : [{
          "system" : "urn:iso:std:iso:3166",
          "code" : "DE",
          "display" : "Germany"
        }]
      }],
      "expansion" : {
        "identifier" : "urn:uuid:7fe6d87d-3e62-4da3-b0f5-50c5e3e57836",
        "timestamp" : "2022-01-10T21:07:56+01:00",
        "total" : 3,
        "parameter" : [{
          "name" : "excludeNested",
          "valueBoolean" : false
        },
        {
          "name" : "version",
          "valueUri" : "http://qpath4ms.ukdd.de/fhir/CodeSystem/q4ms-terminanfragekategorie|0.1.0"
        }],
        "contains" : [{
          "system" : "http://qpath4ms.ukdd.de/fhir/CodeSystem/q4ms-terminanfragekategorie",
          "code" : "booking",
          "display" : "Terminanforderung"
        },
        {
          "system" : "http://qpath4ms.ukdd.de/fhir/CodeSystem/q4ms-terminanfragekategorie",
          "code" : "rescheduling",
          "display" : "Terminverschiebung"
        },
        {
          "system" : "http://qpath4ms.ukdd.de/fhir/CodeSystem/q4ms-terminanfragekategorie",
          "code" : "cancellation",
          "display" : "Terminabsage"
        }]
      }
    }
  }]
}