{"resourceType":"ActivityDefinition","id":"Q4MSMultipleSclerosisPerformanceTestAD","url":"http://pathway-fgdh.wiwi.tu-dresden.de/fhir/ActivityDefinition/q4ms-multiple-sclerosis-performance-test","version":"0.1.0","status":"draft","experimental":true,"date":"2021-12-22T21:26:07+01:00","publisher":"Forschungsgruppe Digital Health","contact":[{"name":"Forschungsgruppe Digital Health","telecom":[{"system":"url","value":"https://tud.link/xd10"},{"system":"email","value":"digital-health@tu-dresden.de"}]},{"name":"Marcel Susky","telecom":[{"system":"email","value":"marcel.susky@tu-dresden.de","use":"work"}]}],"jurisdiction":[{"coding":[{"system":"urn:iso:std:iso:3166","code":"DE","display":"Germany"}]}],"kind":"ServiceRequest","doNotPerform":false}