{"resourceType":"ActivityDefinition","id":"Q4MSTherapiespezifischeDiagnostikAD","url":"http://qpath4ms.ukdd.de/fhir/ActivityDefinition/q4ms-therapiespezifische-diagnostik","version":"0.1.0","status":"draft","experimental":true,"date":"2022-01-10T21:07:17+01:00","publisher":"Forschungsgruppe Digital Health","contact":[{"name":"Forschungsgruppe Digital Health","telecom":[{"system":"url","value":"https://tud.link/xd10"},{"system":"email","value":"digital-health@tu-dresden.de"}]},{"name":"Marcel Susky","telecom":[{"system":"email","value":"marcel.susky@tu-dresden.de","use":"work"}]}],"jurisdiction":[{"coding":[{"system":"urn:iso:std:iso:3166","code":"DE","display":"Germany"}]}],"kind":"ServiceRequest","doNotPerform":false}