{"resourceType":"ActivityDefinition","id":"Q4MSOptischeKohaerenztomographieAD","url":"http://qpath4ms.ukdd.de/fhir/ActivityDefinition/Q4MSOptischeKohaerenztomographieAD","version":"0.1.0","name":"Q4MSOptischeKohaerenztomographieAD","status":"draft","experimental":true,"date":"2022-01-21T07:36:48+01:00","publisher":"Forschungsgruppe Digital Health","contact":[{"name":"Forschungsgruppe Digital Health","telecom":[{"system":"url","value":"https://tud.link/xd10"},{"system":"email","value":"digital-health@tu-dresden.de"}]},{"name":"Marcel Susky","telecom":[{"system":"email","value":"marcel.susky@tu-dresden.de","use":"work"}]}],"jurisdiction":[{"coding":[{"system":"urn:iso:std:iso:3166","code":"DE","display":"Germany"}]}],"kind":"ServiceRequest","doNotPerform":false}