{"resourceType":"ImplementationGuide","id":"fhir.qpath4ms","text":{"status":"extensions","div":"<div xmlns=\"http://www.w3.org/1999/xhtml\"><h2>QPath4MSIG</h2><p>The official URL for this implementation guide is: </p><pre>http://qpath4ms.ukdd.de/ImplementationGuide/fhir.qpath4ms</pre><div><p>Ein Leitfaden zur Implementierung ausgewählter Multiple Sklerose-Patientenpfade</p>\n</div></div>"},"url":"http://qpath4ms.ukdd.de/ImplementationGuide/fhir.qpath4ms","version":"0.1.0","name":"QPath4MSIG","title":"QPath4MS FHIR Implementation Guide","status":"draft","date":"2022-01-20T14:56:11+01:00","publisher":"Forschungsgruppe Digital Health","contact":[{"name":"Forschungsgruppe Digital Health","telecom":[{"system":"url","value":"https://tud.link/xd10"},{"system":"email","value":"digital-health@tu-dresden.de"}]},{"name":"Marcel Susky","telecom":[{"system":"email","value":"marcel.susky@tu-dresden.de","use":"work"}]}],"description":"Ein Leitfaden zur Implementierung ausgewählter Multiple Sklerose-Patientenpfade","jurisdiction":[{"coding":[{"system":"urn:iso:std:iso:3166","code":"DE","display":"Germany"}]}],"packageId":"fhir.qpath4ms","license":"CC0-1.0","fhirVersion":["4.0.1"],"definition":{"extension":[{"extension":[{"url":"code","valueString":"copyrightyear"},{"url":"value","valueString":"2021+"}],"url":"http://hl7.org/fhir/tools/StructureDefinition/ig-parameter"},{"extension":[{"url":"code","valueString":"releaselabel"},{"url":"value","valueString":"ci-build"}],"url":"http://hl7.org/fhir/tools/StructureDefinition/ig-parameter"},{"extension":[{"url":"code","valueString":"path-liquid"},{"url":"value","valueString":"template/liquid"}],"url":"http://hl7.org/fhir/tools/StructureDefinition/ig-parameter"},{"extension":[{"url":"code","valueString":"path-liquid"},{"url":"value","valueString":"input/liquid"}],"url":"http://hl7.org/fhir/tools/StructureDefinition/ig-parameter"},{"extension":[{"url":"code","valueString":"path-qa"},{"url":"value","valueString":"temp/qa"}],"url":"http://hl7.org/fhir/tools/StructureDefinition/ig-parameter"},{"extension":[{"url":"code","valueString":"path-temp"},{"url":"value","valueString":"temp/pages"}],"url":"http://hl7.org/fhir/tools/StructureDefinition/ig-parameter"},{"extension":[{"url":"code","valueString":"path-output"},{"url":"value","valueString":"output"}],"url":"http://hl7.org/fhir/tools/StructureDefinition/ig-parameter"},{"extension":[{"url":"code","valueString":"path-suppressed-warnings"},{"url":"value","valueString":"input/ignoreWarnings.txt"}],"url":"http://hl7.org/fhir/tools/StructureDefinition/ig-parameter"},{"extension":[{"url":"code","valueString":"path-history"},{"url":"value","valueString":"http://qpath4ms.ukdd.de/history.html"}],"url":"http://hl7.org/fhir/tools/StructureDefinition/ig-parameter"},{"extension":[{"url":"code","valueString":"template-html"},{"url":"value","valueString":"template-page.html"}],"url":"http://hl7.org/fhir/tools/StructureDefinition/ig-parameter"},{"extension":[{"url":"code","valueString":"template-md"},{"url":"value","valueString":"template-page-md.html"}],"url":"http://hl7.org/fhir/tools/StructureDefinition/ig-parameter"},{"extension":[{"url":"code","valueString":"apply-contact"},{"url":"value","valueString":"true"}],"url":"http://hl7.org/fhir/tools/StructureDefinition/ig-parameter"},{"extension":[{"url":"code","valueString":"apply-context"},{"url":"value","valueString":"true"}],"url":"http://hl7.org/fhir/tools/StructureDefinition/ig-parameter"},{"extension":[{"url":"code","valueString":"apply-copyright"},{"url":"value","valueString":"true"}],"url":"http://hl7.org/fhir/tools/StructureDefinition/ig-parameter"},{"extension":[{"url":"code","valueString":"apply-jurisdiction"},{"url":"value","valueString":"true"}],"url":"http://hl7.org/fhir/tools/StructureDefinition/ig-parameter"},{"extension":[{"url":"code","valueString":"apply-license"},{"url":"value","valueString":"true"}],"url":"http://hl7.org/fhir/tools/StructureDefinition/ig-parameter"},{"extension":[{"url":"code","valueString":"apply-publisher"},{"url":"value","valueString":"true"}],"url":"http://hl7.org/fhir/tools/StructureDefinition/ig-parameter"},{"extension":[{"url":"code","valueString":"apply-version"},{"url":"value","valueString":"true"}],"url":"http://hl7.org/fhir/tools/StructureDefinition/ig-parameter"},{"extension":[{"url":"code","valueString":"active-tables"},{"url":"value","valueString":"true"}],"url":"http://hl7.org/fhir/tools/StructureDefinition/ig-parameter"}],"grouping":[{"id":"-dyn-messagedefinition","name":"Behavior: Message Definitions","description":"These define the types of messages that can be sent and/or received by systems conforming to this implementation guide"},{"id":"-str-profile","name":"Structures: Resource Profiles","description":"These define constraints on FHIR resources for systems conforming to this implementation guide"},{"id":"-term-valueset","name":"Terminology: Value Sets","description":"These define sets of codes used by systems conforming to this implementation guide"},{"id":"-term-codesystem","name":"Terminology: Code Systems","description":"These define new code systems used by systems conforming to this implementation guide"},{"id":"-map-structuremap","name":"Terminology: Structure Maps","description":"These define transformations to convert between data structures used by systems conforming to this implementation guide"},{"id":"-ka-activitydefinition","name":"Knowledge Artifacts: Activity Definitions","description":"These define activities that can be performed as part of content in this implementation guide"},{"id":"-ka-plandefinition","name":"Knowledge Artifacts: Plan Definitions","description":"These define workflows, rules, strategies, or protocols as part of content in this implementation guide"},{"id":"-ex-example","name":"Example: Example Instances","description":"These are example instances that show what data produced and consumed by systems conforming with this implementation guide might look like"},{"id":"-other","name":"Other","description":"These are resources that are used within this implementation guide that do not fit into one of the other categories"}],"resource":[{"extension":[{"url":"http://hl7.org/fhir/StructureDefinition/implementationguide-page","valueUri":"StructureDefinition-Q4MSArztbriefProfile.html"}],"reference":{"reference":"StructureDefinition/Q4MSArztbriefProfile"},"name":"Arztbrief","exampleBoolean":false,"groupingId":"-str-profile"},{"extension":[{"url":"http://hl7.org/fhir/StructureDefinition/implementationguide-page","valueUri":"StructureDefinition-Q4MSBefundProfile.html"}],"reference":{"reference":"StructureDefinition/Q4MSBefundProfile"},"name":"Befund","exampleBoolean":false,"groupingId":"-str-profile"},{"extension":[{"url":"http://hl7.org/fhir/StructureDefinition/implementationguide-page","valueUri":"StructureDefinition-Q4MSDokumentProfile.html"}],"reference":{"reference":"StructureDefinition/Q4MSDokumentProfile"},"name":"Dokument","exampleBoolean":false,"groupingId":"-str-profile"},{"extension":[{"url":"http://hl7.org/fhir/StructureDefinition/implementationguide-page","valueUri":"StructureDefinition-Q4MSDokumentanforderungProfile.html"}],"reference":{"reference":"StructureDefinition/Q4MSDokumentanforderungProfile"},"name":"Dokumentanforderung","exampleBoolean":false,"groupingId":"-str-profile"},{"extension":[{"url":"http://hl7.org/fhir/StructureDefinition/implementationguide-page","valueUri":"StructureDefinition-Q4MSKonsiliarberichtProfile.html"}],"reference":{"reference":"StructureDefinition/Q4MSKonsiliarberichtProfile"},"name":"Konsiliarbericht","exampleBoolean":false,"groupingId":"-str-profile"},{"extension":[{"url":"http://hl7.org/fhir/StructureDefinition/implementationguide-page","valueUri":"StructureDefinition-Q4MSLaborergebnisProfile.html"}],"reference":{"reference":"StructureDefinition/Q4MSLaborergebnisProfile"},"name":"Laborergebnis","exampleBoolean":false,"groupingId":"-str-profile"},{"extension":[{"url":"http://hl7.org/fhir/StructureDefinition/implementationguide-page","valueUri":"StructureDefinition-Q4MSRezeptProfile.html"}],"reference":{"reference":"StructureDefinition/Q4MSRezeptProfile"},"name":"Rezept","exampleBoolean":false,"groupingId":"-str-profile"},{"extension":[{"url":"http://hl7.org/fhir/StructureDefinition/implementationguide-page","valueUri":"StructureDefinition-Q4MSSonstigesDokumentProfile.html"}],"reference":{"reference":"StructureDefinition/Q4MSSonstigesDokumentProfile"},"name":"Sonstiges Dokument","exampleBoolean":false,"groupingId":"-str-profile"},{"extension":[{"url":"http://hl7.org/fhir/StructureDefinition/implementationguide-page","valueUri":"StructureDefinition-Q4MSTerminvereinbarungProfile.html"}],"reference":{"reference":"StructureDefinition/Q4MSTerminvereinbarungProfile"},"name":"Terminvereinbarung","exampleBoolean":false,"groupingId":"-str-profile"},{"extension":[{"url":"http://hl7.org/fhir/StructureDefinition/implementationguide-page","valueUri":"ValueSet-Q4MSAnfragekategorieVS.html"}],"reference":{"reference":"ValueSet/Q4MSAnfragekategorieVS"},"name":"Anfragekategorie","description":"Definiert Anfragekategorien","exampleBoolean":false,"groupingId":"-term-valueset"},{"extension":[{"url":"http://hl7.org/fhir/StructureDefinition/implementationguide-page","valueUri":"ValueSet-Q4MSDokumentanforderungkategorieVS.html"}],"reference":{"reference":"ValueSet/Q4MSDokumentanforderungkategorieVS"},"name":"Dokumentanforderungkategorie","description":"Definiert Dokumentanforderungkategorien","exampleBoolean":false,"groupingId":"-term-valueset"},{"extension":[{"url":"http://hl7.org/fhir/StructureDefinition/implementationguide-page","valueUri":"ValueSet-Q4MSTerminanfragekategorieVS.html"}],"reference":{"reference":"ValueSet/Q4MSTerminanfragekategorieVS"},"name":"Terminanfragekategorie","description":"Definiert Terminanfragekategorien","exampleBoolean":false,"groupingId":"-term-valueset"},{"extension":[{"url":"http://hl7.org/fhir/StructureDefinition/implementationguide-page","valueUri":"CodeSystem-Q4MSAnfragekategorie.html"}],"reference":{"reference":"CodeSystem/Q4MSAnfragekategorie"},"name":"Anfragekategorie","description":"Deklariert Anfragekategorien","exampleBoolean":false,"groupingId":"-term-codesystem"},{"extension":[{"url":"http://hl7.org/fhir/StructureDefinition/implementationguide-page","valueUri":"CodeSystem-Q4MSDokumentanforderungkategorie.html"}],"reference":{"reference":"CodeSystem/Q4MSDokumentanforderungkategorie"},"name":"Dokumentanforderungkategorie","description":"Deklariert Dokumentanforderungkategorien","exampleBoolean":false,"groupingId":"-term-codesystem"},{"extension":[{"url":"http://hl7.org/fhir/StructureDefinition/implementationguide-page","valueUri":"CodeSystem-Q4MSTerminanfragekategorie.html"}],"reference":{"reference":"CodeSystem/Q4MSTerminanfragekategorie"},"name":"Terminanfragekategorie","description":"Deklariert Terminanfragekategorien","exampleBoolean":false,"groupingId":"-term-codesystem"},{"extension":[{"url":"http://hl7.org/fhir/StructureDefinition/implementationguide-page","valueUri":"CarePlan-AllgemeineNeurologischeAnamneseExampleCP.html"},{"extension":[{"url":"type","valueCode":"RequestGroup"},{"url":"id","valueId":"AllgemeineNeurologischeAnamneseExampleRG"},{"url":"title","valueString":"RequestGroup"},{"url":"description"}],"url":"http://hl7.org/fhir/tools/StructureDefinition/contained-resource-information"}],"reference":{"reference":"CarePlan/AllgemeineNeurologischeAnamneseExampleCP"},"name":"Beispiel Allgemeine und neurologische Anamnese","description":"Beispiel CarePlan für die Durchführung einer allgemeinen und neurologischen Anamnese mit dem Patienten (M0)","exampleBoolean":true,"groupingId":"-ex-example"},{"extension":[{"url":"http://hl7.org/fhir/StructureDefinition/implementationguide-page","valueUri":"Task-AllgemeineNeurologischeAnamneseExampleTSK.html"}],"reference":{"reference":"Task/AllgemeineNeurologischeAnamneseExampleTSK"},"name":"Beispiel Allgemeine und neurologische Anamnese","description":"Beispiel Task für die Durchführung einer allgemeinenen und neurologischen Anamnese mit dem Patienten (M0)","exampleBoolean":true,"groupingId":"-ex-example"},{"extension":[{"url":"http://hl7.org/fhir/StructureDefinition/implementationguide-page","valueUri":"CarePlan-AllgemeineNeurologischeUntersuchungExampleCP.html"},{"extension":[{"url":"type","valueCode":"RequestGroup"},{"url":"id","valueId":"AllgemeineNeurologischeUntersuchungExampleRG"},{"url":"title","valueString":"RequestGroup"},{"url":"description"}],"url":"http://hl7.org/fhir/tools/StructureDefinition/contained-resource-information"}],"reference":{"reference":"CarePlan/AllgemeineNeurologischeUntersuchungExampleCP"},"name":"Beispiel Allgemeine und neurologische Untersuchung","description":"Beispiel CarePlan für die Durchführung einer allgemeinen neurologischen Untersuchung mit dem Patienten (M0)","exampleBoolean":true,"groupingId":"-ex-example"},{"extension":[{"url":"http://hl7.org/fhir/StructureDefinition/implementationguide-page","valueUri":"Task-AllgemeineNeurologischeUntersuchungExampleTSK.html"}],"reference":{"reference":"Task/AllgemeineNeurologischeUntersuchungExampleTSK"},"name":"Beispiel Allgemeine und neurologische Untersuchung","description":"Beispiel Task für die Durchführung einer allgemeinen und neurologischen Untersuchung mit dem Patienten (M0)","exampleBoolean":true,"groupingId":"-ex-example"},{"extension":[{"url":"http://hl7.org/fhir/StructureDefinition/implementationguide-page","valueUri":"DocumentReference-ArztbriefExample.html"}],"reference":{"reference":"DocumentReference/ArztbriefExample"},"name":"Beispiel Arztbrief","description":"Beispiel DocumentReference für einen Arztbrief","exampleCanonical":"http://qpath4ms.ukdd.de/fhir/StructureDefinition/Q4MSArztbriefProfile","groupingId":"-ex-example"},{"extension":[{"url":"http://hl7.org/fhir/StructureDefinition/implementationguide-page","valueUri":"CarePlan-ArztvorstellungExampleCP.html"},{"extension":[{"url":"type","valueCode":"RequestGroup"},{"url":"id","valueId":"ArztvorstellungExampleRG"},{"url":"title","valueString":"RequestGroup"},{"url":"description"}],"url":"http://hl7.org/fhir/tools/StructureDefinition/contained-resource-information"}],"reference":{"reference":"CarePlan/ArztvorstellungExampleCP"},"name":"Beispiel Arztvorstellung","description":"Beispiel CarePlan für die Arztvorstellung eines Patienten (M0)","exampleBoolean":true,"groupingId":"-ex-example"},{"extension":[{"url":"http://hl7.org/fhir/StructureDefinition/implementationguide-page","valueUri":"CarePlan-AuswertungExampleCP.html"},{"extension":[{"url":"type","valueCode":"RequestGroup"},{"url":"id","valueId":"AuswertungExampleRG"},{"url":"title","valueString":"RequestGroup"},{"url":"description"}],"url":"http://hl7.org/fhir/tools/StructureDefinition/contained-resource-information"}],"reference":{"reference":"CarePlan/AuswertungExampleCP"},"name":"Beispiel Auswertung","description":"Beispiel CarePlan für die Durchführung einer Auswertung mit dem Patienten (M0)","exampleBoolean":true,"groupingId":"-ex-example"},{"extension":[{"url":"http://hl7.org/fhir/StructureDefinition/implementationguide-page","valueUri":"ServiceRequest-AuswertungExampleSR.html"}],"reference":{"reference":"ServiceRequest/AuswertungExampleSR"},"name":"Beispiel Auswertung","description":"Beispiel ServiceRequest für die Durchführung einer Auswertung mit dem Patienten (M0)","exampleBoolean":true,"groupingId":"-ex-example"},{"extension":[{"url":"http://hl7.org/fhir/StructureDefinition/implementationguide-page","valueUri":"Task-AuswertungExampleTSK.html"}],"reference":{"reference":"Task/AuswertungExampleTSK"},"name":"Beispiel Auswertung","description":"Beispiel Task für die Durchführung einer Auswertung mit dem Patienten (M0)","exampleBoolean":true,"groupingId":"-ex-example"},{"extension":[{"url":"http://hl7.org/fhir/StructureDefinition/implementationguide-page","valueUri":"CarePlan-BasismonitoringExampleCP.html"},{"extension":[{"url":"type","valueCode":"RequestGroup"},{"url":"id","valueId":"BasismonitoringExampleRG"},{"url":"title","valueString":"RequestGroup"},{"url":"description"}],"url":"http://hl7.org/fhir/tools/StructureDefinition/contained-resource-information"}],"reference":{"reference":"CarePlan/BasismonitoringExampleCP"},"name":"Beispiel Basismonitoring Patientenpfad","description":"Beispiel CarePlan einer Basismonitoring-Patientenpfadinstanz bei Erstvorstellung (M0) von Patient John Doe nach Überweisung aus der ambulanten neurologischen Einrichtung","exampleBoolean":true,"groupingId":"-ex-example"},{"extension":[{"url":"http://hl7.org/fhir/StructureDefinition/implementationguide-page","valueUri":"DocumentReference-BefundExample.html"}],"reference":{"reference":"DocumentReference/BefundExample"},"name":"Beispiel Befund","description":"Beispiel DocumentReference für einen Befund","exampleCanonical":"http://qpath4ms.ukdd.de/fhir/StructureDefinition/Q4MSBefundProfile","groupingId":"-ex-example"},{"extension":[{"url":"http://hl7.org/fhir/StructureDefinition/implementationguide-page","valueUri":"CarePlan-BefundauswertungExampleCP.html"},{"extension":[{"url":"type","valueCode":"RequestGroup"},{"url":"id","valueId":"BefundauswertungExampleRG"},{"url":"title","valueString":"RequestGroup"},{"url":"description"}],"url":"http://hl7.org/fhir/tools/StructureDefinition/contained-resource-information"}],"reference":{"reference":"CarePlan/BefundauswertungExampleCP"},"name":"Beispiel Befundauswertung","description":"Beispiel CarePlan für die Durchführung einer Befundauswertung mit dem Patienten (M0)","exampleBoolean":true,"groupingId":"-ex-example"},{"extension":[{"url":"http://hl7.org/fhir/StructureDefinition/implementationguide-page","valueUri":"Task-BefundauswertungExampleTSK.html"}],"reference":{"reference":"Task/BefundauswertungExampleTSK"},"name":"Beispiel Befundauswertung","description":"Beispiel Task für die Durchführung einer Befundauswertung mit dem Patienten (M0)","exampleBoolean":true,"groupingId":"-ex-example"},{"extension":[{"url":"http://hl7.org/fhir/StructureDefinition/implementationguide-page","valueUri":"CarePlan-DokumenteAbfragenPatientExampleCP.html"},{"extension":[{"url":"type","valueCode":"RequestGroup"},{"url":"id","valueId":"DokumenteAbfragenPatientExampleRG"},{"url":"title","valueString":"RequestGroup"},{"url":"description"}],"url":"http://hl7.org/fhir/tools/StructureDefinition/contained-resource-information"}],"reference":{"reference":"CarePlan/DokumenteAbfragenPatientExampleCP"},"name":"Beispiel Dokumente abfragen","description":"Beispiel CarePlan für eine Dokumentenabfrage beim Patienten abfragen (M0)","exampleBoolean":true,"groupingId":"-ex-example"},{"extension":[{"url":"http://hl7.org/fhir/StructureDefinition/implementationguide-page","valueUri":"Task-DokumenteAbfragenPatientExampleTSK.html"}],"reference":{"reference":"Task/DokumenteAbfragenPatientExampleTSK"},"name":"Beispiel Dokumente abfragen","description":"Beispiel Task für eine Dokumentenabfrage beim Patienten (M0)","exampleBoolean":true,"groupingId":"-ex-example"},{"extension":[{"url":"http://hl7.org/fhir/StructureDefinition/implementationguide-page","valueUri":"CarePlan-DokumenteUebermittelnArztExampleCP.html"},{"extension":[{"url":"type","valueCode":"RequestGroup"},{"url":"id","valueId":"DokumenteUebermittelnArztExampleRG"},{"url":"title","valueString":"RequestGroup"},{"url":"description"}],"url":"http://hl7.org/fhir/tools/StructureDefinition/contained-resource-information"}],"reference":{"reference":"CarePlan/DokumenteUebermittelnArztExampleCP"},"name":"Beispiel Dokumente an Arzt übermitteln","description":"Beispiel CarePlan für eine Dokumentenübermittlung an den Patienten abfragen (M0)","exampleBoolean":true,"groupingId":"-ex-example"},{"extension":[{"url":"http://hl7.org/fhir/StructureDefinition/implementationguide-page","valueUri":"Task-DokumenteUebermittelnArztExampleTSK.html"}],"reference":{"reference":"Task/DokumenteUebermittelnArztExampleTSK"},"name":"Beispiel Dokumente an Arzt übermitteln","description":"Beispiel Task für eine Dokumentenübermittlung an den Patienten (M0)","exampleBoolean":true,"groupingId":"-ex-example"},{"extension":[{"url":"http://hl7.org/fhir/StructureDefinition/implementationguide-page","valueUri":"CarePlan-DokumenteUebermittelnPatientExampleCP.html"},{"extension":[{"url":"type","valueCode":"RequestGroup"},{"url":"id","valueId":"DokumenteUebermittelnPatientExampleRG"},{"url":"title","valueString":"RequestGroup"},{"url":"description"}],"url":"http://hl7.org/fhir/tools/StructureDefinition/contained-resource-information"}],"reference":{"reference":"CarePlan/DokumenteUebermittelnPatientExampleCP"},"name":"Beispiel Dokumente an Patient übermitteln","description":"Beispiel CarePlan für eine Dokumentenübermittlung an den Patienten abfragen (M0)","exampleBoolean":true,"groupingId":"-ex-example"},{"extension":[{"url":"http://hl7.org/fhir/StructureDefinition/implementationguide-page","valueUri":"Task-DokumenteUebermittelnPatientExampleTSK.html"}],"reference":{"reference":"Task/DokumenteUebermittelnPatientExampleTSK"},"name":"Beispiel Dokumente an Patient übermitteln","description":"Beispiel Task für eine Dokumentenübermittlung an den Patienten (M0)","exampleBoolean":true,"groupingId":"-ex-example"},{"extension":[{"url":"http://hl7.org/fhir/StructureDefinition/implementationguide-page","valueUri":"CarePlan-EntlassungExampleCP.html"},{"extension":[{"url":"type","valueCode":"RequestGroup"},{"url":"id","valueId":"EntlassungExampleRG"},{"url":"title","valueString":"RequestGroup"},{"url":"description"}],"url":"http://hl7.org/fhir/tools/StructureDefinition/contained-resource-information"}],"reference":{"reference":"CarePlan/EntlassungExampleCP"},"name":"Beispiel Entlassung","description":"Beispiel CarePlan für die Entlassung eines Patienten (M0)","exampleBoolean":true,"groupingId":"-ex-example"},{"extension":[{"url":"http://hl7.org/fhir/StructureDefinition/implementationguide-page","valueUri":"CarePlan-GanganalyseExampleCP.html"},{"extension":[{"url":"type","valueCode":"RequestGroup"},{"url":"id","valueId":"GanganalyseExampleRG"},{"url":"title","valueString":"RequestGroup"},{"url":"description"}],"url":"http://hl7.org/fhir/tools/StructureDefinition/contained-resource-information"}],"reference":{"reference":"CarePlan/GanganalyseExampleCP"},"name":"Beispiel Ganganalyse","description":"Beispiel CarePlan für die Durchführung einer Ganganalyse mit dem Patienten (M0)","exampleBoolean":true,"groupingId":"-ex-example"},{"extension":[{"url":"http://hl7.org/fhir/StructureDefinition/implementationguide-page","valueUri":"ServiceRequest-GanganalyseExampleSR.html"}],"reference":{"reference":"ServiceRequest/GanganalyseExampleSR"},"name":"Beispiel Ganganalyse","description":"Beispiel ServiceRequest für die Durchführung einer Ganganalyse mit dem Patienten (M0)","exampleBoolean":true,"groupingId":"-ex-example"},{"extension":[{"url":"http://hl7.org/fhir/StructureDefinition/implementationguide-page","valueUri":"DocumentReference-KonsiliarberichtExample.html"}],"reference":{"reference":"DocumentReference/KonsiliarberichtExample"},"name":"Beispiel Konsiliarbericht","description":"Beispiel DocumentReference für einen Konsiliarbericht","exampleCanonical":"http://qpath4ms.ukdd.de/fhir/StructureDefinition/Q4MSKonsiliarberichtProfile","groupingId":"-ex-example"},{"extension":[{"url":"http://hl7.org/fhir/StructureDefinition/implementationguide-page","valueUri":"DocumentReference-LaborergebnisExample.html"}],"reference":{"reference":"DocumentReference/LaborergebnisExample"},"name":"Beispiel Laborergebnis","description":"Beispiel DocumentReference für ein Laborergebnis","exampleCanonical":"http://qpath4ms.ukdd.de/fhir/StructureDefinition/Q4MSLaborergebnisProfile","groupingId":"-ex-example"},{"extension":[{"url":"http://hl7.org/fhir/StructureDefinition/implementationguide-page","valueUri":"CarePlan-LaboruntersuchungExampleCP.html"},{"extension":[{"url":"type","valueCode":"RequestGroup"},{"url":"id","valueId":"LaboruntersuchungExampleRG"},{"url":"title","valueString":"RequestGroup"},{"url":"description"}],"url":"http://hl7.org/fhir/tools/StructureDefinition/contained-resource-information"}],"reference":{"reference":"CarePlan/LaboruntersuchungExampleCP"},"name":"Beispiel Laboruntersuchung","description":"Beispiel CarePlan für die Durchführung einer Laboruntersuchung mit dem Patienten (M0)","exampleBoolean":true,"groupingId":"-ex-example"},{"extension":[{"url":"http://hl7.org/fhir/StructureDefinition/implementationguide-page","valueUri":"ServiceRequest-LaboruntersuchungExampleSR.html"}],"reference":{"reference":"ServiceRequest/LaboruntersuchungExampleSR"},"name":"Beispiel Laboruntersuchung","description":"Beispiel ServiceRequest für die Durchführung einer Laboruntersuchung mit dem Patienten (M0)","exampleBoolean":true,"groupingId":"-ex-example"},{"extension":[{"url":"http://hl7.org/fhir/StructureDefinition/implementationguide-page","valueUri":"CarePlan-MagnetresonanztomographieExampleCP.html"},{"extension":[{"url":"type","valueCode":"RequestGroup"},{"url":"id","valueId":"MagnetresonanztomographieExampleRG"},{"url":"title","valueString":"RequestGroup"},{"url":"description"}],"url":"http://hl7.org/fhir/tools/StructureDefinition/contained-resource-information"}],"reference":{"reference":"CarePlan/MagnetresonanztomographieExampleCP"},"name":"Beispiel Magnetresonanztomographie (MRT)","description":"Beispiel CarePlan für die Durchführung einer MRT mit dem Patienten (M0)","exampleBoolean":true,"groupingId":"-ex-example"},{"extension":[{"url":"http://hl7.org/fhir/StructureDefinition/implementationguide-page","valueUri":"ServiceRequest-MagnetresonanztomographieExampleSR.html"}],"reference":{"reference":"ServiceRequest/MagnetresonanztomographieExampleSR"},"name":"Beispiel Magnetresonanztomographie (MRT)","description":"Beispiel ServiceRequest für die Durchführung einer MRT mit dem Patienten (M0)","exampleBoolean":true,"groupingId":"-ex-example"},{"extension":[{"url":"http://hl7.org/fhir/StructureDefinition/implementationguide-page","valueUri":"CarePlan-MultipleSclerosisPerformanceTestExampleCP.html"},{"extension":[{"url":"type","valueCode":"RequestGroup"},{"url":"id","valueId":"MultipleSclerosisPerformanceTestExampleRG"},{"url":"title","valueString":"RequestGroup"},{"url":"description"}],"url":"http://hl7.org/fhir/tools/StructureDefinition/contained-resource-information"}],"reference":{"reference":"CarePlan/MultipleSclerosisPerformanceTestExampleCP"},"name":"Beispiel Multiple Sclerosis Performance Test (MSPT)","description":"Beispiel CarePlan für die Durchführung eines MSPT mit dem Patienten (M0)","exampleBoolean":true,"groupingId":"-ex-example"},{"extension":[{"url":"http://hl7.org/fhir/StructureDefinition/implementationguide-page","valueUri":"ServiceRequest-MultipleSclerosisPerformanceTestExampleSR.html"}],"reference":{"reference":"ServiceRequest/MultipleSclerosisPerformanceTestExampleSR"},"name":"Beispiel Multiple Sclerosis Performance Test (MSPT)","description":"Beispiel ServiceRequest für die Durchführung eines MSPT mit dem Patienten (M0)","exampleBoolean":true,"groupingId":"-ex-example"},{"extension":[{"url":"http://hl7.org/fhir/StructureDefinition/implementationguide-page","valueUri":"CarePlan-OptischeKohaerenztomographieExampleCP.html"},{"extension":[{"url":"type","valueCode":"RequestGroup"},{"url":"id","valueId":"OptischeKohaerenztomographieExampleRG"},{"url":"title","valueString":"RequestGroup"},{"url":"description"}],"url":"http://hl7.org/fhir/tools/StructureDefinition/contained-resource-information"}],"reference":{"reference":"CarePlan/OptischeKohaerenztomographieExampleCP"},"name":"Beispiel Optische Kohärenztomographie (OCT)","description":"Beispiel CarePlan für die Durchführung eines OCT mit dem Patienten (M0)","exampleBoolean":true,"groupingId":"-ex-example"},{"extension":[{"url":"http://hl7.org/fhir/StructureDefinition/implementationguide-page","valueUri":"ServiceRequest-OptischeKohaerenztomographieExampleSR.html"}],"reference":{"reference":"ServiceRequest/OptischeKohaerenztomographieExampleSR"},"name":"Beispiel Optische Kohärenztomographie (OCT)","description":"Beispiel ServiceRequest für die Durchführung eines OCT mit dem Patienten (M0)","exampleBoolean":true,"groupingId":"-ex-example"},{"extension":[{"url":"http://hl7.org/fhir/StructureDefinition/implementationguide-page","valueUri":"Patient-PatientJohnDoe.html"}],"reference":{"reference":"Patient/PatientJohnDoe"},"name":"Beispiel Patient","description":"Beispiel Patient John Doe","exampleBoolean":true,"groupingId":"-ex-example"},{"extension":[{"url":"http://hl7.org/fhir/StructureDefinition/implementationguide-page","valueUri":"StructureMap-Q4MSActivityDefinitionTaskTransform.html"}],"reference":{"reference":"StructureMap/Q4MSActivityDefinitionTaskTransform"},"name":"Transformiert eine ActivityDefinition in einen Task","exampleBoolean":false,"groupingId":"-map-structuremap"},{"extension":[{"url":"http://hl7.org/fhir/StructureDefinition/implementationguide-page","valueUri":"PlanDefinition-Q4MSAllgemeineNeurologischeAnamnese.html"}],"reference":{"reference":"PlanDefinition/Q4MSAllgemeineNeurologischeAnamnese"},"name":"Allgemeine und neurologische Anamnese","exampleBoolean":false,"groupingId":"-ka-plandefinition"},{"extension":[{"url":"http://hl7.org/fhir/StructureDefinition/implementationguide-page","valueUri":"ActivityDefinition-Q4MSAllgemeineNeurologischeAnamneseAD.html"}],"reference":{"reference":"ActivityDefinition/Q4MSAllgemeineNeurologischeAnamneseAD"},"name":"Allgemeine und neurologische Anamnese","exampleBoolean":false,"groupingId":"-ka-activitydefinition"},{"extension":[{"url":"http://hl7.org/fhir/StructureDefinition/implementationguide-page","valueUri":"PlanDefinition-Q4MSAllgemeineNeurologischeUntersuchung.html"}],"reference":{"reference":"PlanDefinition/Q4MSAllgemeineNeurologischeUntersuchung"},"name":"Allgemeine neurologische Untersuchung","exampleBoolean":false,"groupingId":"-ka-plandefinition"},{"extension":[{"url":"http://hl7.org/fhir/StructureDefinition/implementationguide-page","valueUri":"MessageDefinition-Q4MSArztbriefanfrage.html"}],"reference":{"reference":"MessageDefinition/Q4MSArztbriefanfrage"},"name":"Arztbriefanfrage","exampleBoolean":false,"groupingId":"-dyn-messagedefinition"},{"extension":[{"url":"http://hl7.org/fhir/StructureDefinition/implementationguide-page","valueUri":"MessageHeader-Q4MSArztbriefanfrageHeader.html"}],"reference":{"reference":"MessageHeader/Q4MSArztbriefanfrageHeader"},"name":"Arztbriefanfrage","exampleBoolean":false,"groupingId":"-other"},{"extension":[{"url":"http://hl7.org/fhir/StructureDefinition/implementationguide-page","valueUri":"PlanDefinition-Q4MSArztvorstellung.html"}],"reference":{"reference":"PlanDefinition/Q4MSArztvorstellung"},"name":"Arztvorstellung","exampleBoolean":false,"groupingId":"-ka-plandefinition"},{"extension":[{"url":"http://hl7.org/fhir/StructureDefinition/implementationguide-page","valueUri":"PlanDefinition-Q4MSAuswertung.html"}],"reference":{"reference":"PlanDefinition/Q4MSAuswertung"},"name":"Auswertung","exampleBoolean":false,"groupingId":"-ka-plandefinition"},{"extension":[{"url":"http://hl7.org/fhir/StructureDefinition/implementationguide-page","valueUri":"ActivityDefinition-Q4MSAuswertungAD.html"}],"reference":{"reference":"ActivityDefinition/Q4MSAuswertungAD"},"name":"Auswertung","exampleBoolean":false,"groupingId":"-ka-activitydefinition"},{"extension":[{"url":"http://hl7.org/fhir/StructureDefinition/implementationguide-page","valueUri":"PlanDefinition-Q4MSBasismonitoring.html"}],"reference":{"reference":"PlanDefinition/Q4MSBasismonitoring"},"name":"Basismonitoring Patientepfad","exampleBoolean":false,"groupingId":"-ka-plandefinition"},{"extension":[{"url":"http://hl7.org/fhir/StructureDefinition/implementationguide-page","valueUri":"PlanDefinition-Q4MSBefundauswertung.html"}],"reference":{"reference":"PlanDefinition/Q4MSBefundauswertung"},"name":"Befundauswertung","exampleBoolean":false,"groupingId":"-ka-plandefinition"},{"extension":[{"url":"http://hl7.org/fhir/StructureDefinition/implementationguide-page","valueUri":"ActivityDefinition-Q4MSBefundauswertungAD.html"}],"reference":{"reference":"ActivityDefinition/Q4MSBefundauswertungAD"},"name":"Befundauswertung","exampleBoolean":false,"groupingId":"-ka-activitydefinition"},{"extension":[{"url":"http://hl7.org/fhir/StructureDefinition/implementationguide-page","valueUri":"ActivityDefinition-Q4MSDokumenteAbfragenAD.html"}],"reference":{"reference":"ActivityDefinition/Q4MSDokumenteAbfragenAD"},"name":"Dokumente abfragen","exampleBoolean":false,"groupingId":"-ka-activitydefinition"},{"extension":[{"url":"http://hl7.org/fhir/StructureDefinition/implementationguide-page","valueUri":"PlanDefinition-Q4MSDokumenteAbfragenPatient.html"}],"reference":{"reference":"PlanDefinition/Q4MSDokumenteAbfragenPatient"},"name":"Dokumente beim Patienten abfragen","exampleBoolean":false,"groupingId":"-ka-plandefinition"},{"extension":[{"url":"http://hl7.org/fhir/StructureDefinition/implementationguide-page","valueUri":"ActivityDefinition-Q4MSDokumenteUebermittelnAD.html"}],"reference":{"reference":"ActivityDefinition/Q4MSDokumenteUebermittelnAD"},"name":"Dokumente übermitteln","exampleBoolean":false,"groupingId":"-ka-activitydefinition"},{"extension":[{"url":"http://hl7.org/fhir/StructureDefinition/implementationguide-page","valueUri":"PlanDefinition-Q4MSDokumenteUebermittelnArzt.html"}],"reference":{"reference":"PlanDefinition/Q4MSDokumenteUebermittelnArzt"},"name":"Dokumente an Arzt übermitteln","exampleBoolean":false,"groupingId":"-ka-plandefinition"},{"extension":[{"url":"http://hl7.org/fhir/StructureDefinition/implementationguide-page","valueUri":"PlanDefinition-Q4MSDokumenteUebermittelnPatient.html"}],"reference":{"reference":"PlanDefinition/Q4MSDokumenteUebermittelnPatient"},"name":"Dokumente an Patient übermitteln","exampleBoolean":false,"groupingId":"-ka-plandefinition"},{"extension":[{"url":"http://hl7.org/fhir/StructureDefinition/implementationguide-page","valueUri":"PlanDefinition-Q4MSEntlassung.html"}],"reference":{"reference":"PlanDefinition/Q4MSEntlassung"},"name":"Entlassung","exampleBoolean":false,"groupingId":"-ka-plandefinition"},{"extension":[{"url":"http://hl7.org/fhir/StructureDefinition/implementationguide-page","valueUri":"ActivityDefinition-Q4MSExpandedDisabilityStatusScaleAD.html"}],"reference":{"reference":"ActivityDefinition/Q4MSExpandedDisabilityStatusScaleAD"},"name":"Expanded Disability Status Scale (EDSS)","exampleBoolean":false,"groupingId":"-ka-activitydefinition"},{"extension":[{"url":"http://hl7.org/fhir/StructureDefinition/implementationguide-page","valueUri":"PlanDefinition-Q4MSGanganalyse.html"}],"reference":{"reference":"PlanDefinition/Q4MSGanganalyse"},"name":"Ganganalyse","exampleBoolean":false,"groupingId":"-ka-plandefinition"},{"extension":[{"url":"http://hl7.org/fhir/StructureDefinition/implementationguide-page","valueUri":"ActivityDefinition-Q4MSGanganalyseAD.html"}],"reference":{"reference":"ActivityDefinition/Q4MSGanganalyseAD"},"name":"Ganganalyse","exampleBoolean":false,"groupingId":"-ka-activitydefinition"},{"extension":[{"url":"http://hl7.org/fhir/StructureDefinition/implementationguide-page","valueUri":"PlanDefinition-Q4MSLaboruntersuchung.html"}],"reference":{"reference":"PlanDefinition/Q4MSLaboruntersuchung"},"name":"Laboruntersuchung","exampleBoolean":false,"groupingId":"-ka-plandefinition"},{"extension":[{"url":"http://hl7.org/fhir/StructureDefinition/implementationguide-page","valueUri":"ActivityDefinition-Q4MSLaboruntersuchungAD.html"}],"reference":{"reference":"ActivityDefinition/Q4MSLaboruntersuchungAD"},"name":"Laboruntersuchung","exampleBoolean":false,"groupingId":"-ka-activitydefinition"},{"extension":[{"url":"http://hl7.org/fhir/StructureDefinition/implementationguide-page","valueUri":"PlanDefinition-Q4MSMagnetresonanztomographie.html"}],"reference":{"reference":"PlanDefinition/Q4MSMagnetresonanztomographie"},"name":"Magnetresonanztomographie (MRT)","exampleBoolean":false,"groupingId":"-ka-plandefinition"},{"extension":[{"url":"http://hl7.org/fhir/StructureDefinition/implementationguide-page","valueUri":"ActivityDefinition-Q4MSMagnetresonanztomographieAD.html"}],"reference":{"reference":"ActivityDefinition/Q4MSMagnetresonanztomographieAD"},"name":"Magnetresonanztomographie (MRT)","exampleBoolean":false,"groupingId":"-ka-activitydefinition"},{"extension":[{"url":"http://hl7.org/fhir/StructureDefinition/implementationguide-page","valueUri":"PlanDefinition-Q4MSMultipleSclerosisPerformanceTest.html"}],"reference":{"reference":"PlanDefinition/Q4MSMultipleSclerosisPerformanceTest"},"name":"Multiple Sclerosis Performance Test (MSPT)","exampleBoolean":false,"groupingId":"-ka-plandefinition"},{"extension":[{"url":"http://hl7.org/fhir/StructureDefinition/implementationguide-page","valueUri":"ActivityDefinition-Q4MSMultipleSclerosisPerformanceTestAD.html"}],"reference":{"reference":"ActivityDefinition/Q4MSMultipleSclerosisPerformanceTestAD"},"name":"Multiple Sclerosis Performance Test (MSPT)","exampleBoolean":false,"groupingId":"-ka-activitydefinition"},{"extension":[{"url":"http://hl7.org/fhir/StructureDefinition/implementationguide-page","valueUri":"PlanDefinition-Q4MSOptischeKohaerenztomographie.html"}],"reference":{"reference":"PlanDefinition/Q4MSOptischeKohaerenztomographie"},"name":"Optische Kohärenztomographie (OCT)","exampleBoolean":false,"groupingId":"-ka-plandefinition"},{"extension":[{"url":"http://hl7.org/fhir/StructureDefinition/implementationguide-page","valueUri":"ActivityDefinition-Q4MSOptischeKohaerenztomographieAD.html"}],"reference":{"reference":"ActivityDefinition/Q4MSOptischeKohaerenztomographieAD"},"name":"Optische Kohärenztomographie (OCT)","exampleBoolean":false,"groupingId":"-ka-activitydefinition"},{"extension":[{"url":"http://hl7.org/fhir/StructureDefinition/implementationguide-page","valueUri":"MessageDefinition-Q4MSTerminanfrage.html"}],"reference":{"reference":"MessageDefinition/Q4MSTerminanfrage"},"name":"Terminanfrage","exampleBoolean":false,"groupingId":"-dyn-messagedefinition"},{"extension":[{"url":"http://hl7.org/fhir/StructureDefinition/implementationguide-page","valueUri":"MessageHeader-Q4MSTerminanfrageHeader.html"}],"reference":{"reference":"MessageHeader/Q4MSTerminanfrageHeader"},"name":"Terminanfrage","exampleBoolean":false,"groupingId":"-other"},{"extension":[{"url":"http://hl7.org/fhir/StructureDefinition/implementationguide-page","valueUri":"PlanDefinition-Q4MSTerminvereinbarung.html"}],"reference":{"reference":"PlanDefinition/Q4MSTerminvereinbarung"},"name":"Terminvereinbarung","exampleBoolean":false,"groupingId":"-ka-plandefinition"},{"extension":[{"url":"http://hl7.org/fhir/StructureDefinition/implementationguide-page","valueUri":"ActivityDefinition-Q4MSTerminvereinbarungAD.html"}],"reference":{"reference":"ActivityDefinition/Q4MSTerminvereinbarungAD"},"name":"Terminvereinbarung","exampleBoolean":false,"groupingId":"-ka-activitydefinition"},{"extension":[{"url":"http://hl7.org/fhir/StructureDefinition/implementationguide-page","valueUri":"PlanDefinition-Q4MSTherapiespezifischeDiagnostik.html"}],"reference":{"reference":"PlanDefinition/Q4MSTherapiespezifischeDiagnostik"},"name":"Therapiespezifische Diagnostik","exampleBoolean":false,"groupingId":"-ka-plandefinition"},{"extension":[{"url":"http://hl7.org/fhir/StructureDefinition/implementationguide-page","valueUri":"ActivityDefinition-Q4MSTherapiespezifischeDiagnostikAD.html"}],"reference":{"reference":"ActivityDefinition/Q4MSTherapiespezifischeDiagnostikAD"},"name":"Therapiespezifische Diagnostik","exampleBoolean":false,"groupingId":"-ka-activitydefinition"},{"extension":[{"url":"http://hl7.org/fhir/StructureDefinition/implementationguide-page","valueUri":"PlanDefinition-Q4MSVorstellung.html"}],"reference":{"reference":"PlanDefinition/Q4MSVorstellung"},"name":"Erst- oder Wiedervorstellung","exampleBoolean":false,"groupingId":"-ka-plandefinition"},{"extension":[{"url":"http://hl7.org/fhir/StructureDefinition/implementationguide-page","valueUri":"PlanDefinition-Q4MSVoruntersuchung.html"}],"reference":{"reference":"PlanDefinition/Q4MSVoruntersuchung"},"name":"Voruntersuchung","exampleBoolean":false,"groupingId":"-ka-plandefinition"},{"extension":[{"url":"http://hl7.org/fhir/StructureDefinition/implementationguide-page","valueUri":"PlanDefinition-Q4MSZusatzdiagnostik.html"}],"reference":{"reference":"PlanDefinition/Q4MSZusatzdiagnostik"},"name":"Zusatzdiagnostik","exampleBoolean":false,"groupingId":"-ka-plandefinition"},{"extension":[{"url":"http://hl7.org/fhir/StructureDefinition/implementationguide-page","valueUri":"DocumentReference-RezeptExample.html"}],"reference":{"reference":"DocumentReference/RezeptExample"},"name":"Beispiel Rezept","description":"Beispiel DocumentReference für ein Rezept","exampleCanonical":"http://qpath4ms.ukdd.de/fhir/StructureDefinition/Q4MSRezeptProfile","groupingId":"-ex-example"},{"extension":[{"url":"http://hl7.org/fhir/StructureDefinition/implementationguide-page","valueUri":"DocumentReference-SonstigesDokumentExample.html"}],"reference":{"reference":"DocumentReference/SonstigesDokumentExample"},"name":"Beispiel Sonstiges Dokument","description":"Beispiel DocumentReference für ein Sonstiges Dokument, z.B. AU","exampleCanonical":"http://qpath4ms.ukdd.de/fhir/StructureDefinition/Q4MSSonstigesDokumentProfile","groupingId":"-ex-example"},{"extension":[{"url":"http://hl7.org/fhir/StructureDefinition/implementationguide-page","valueUri":"Appointment-TerminvereinbarungExampleAPT.html"}],"reference":{"reference":"Appointment/TerminvereinbarungExampleAPT"},"name":"Beispiel Terminvereinbarung","description":"Beispiel Appointment mit einem Terminvorschlag für einen Patienten (M0)","exampleBoolean":true,"groupingId":"-ex-example"},{"extension":[{"url":"http://hl7.org/fhir/StructureDefinition/implementationguide-page","valueUri":"CarePlan-TerminvereinbarungExampleCP.html"},{"extension":[{"url":"type","valueCode":"RequestGroup"},{"url":"id","valueId":"TerminvereinbarungExampleRG"},{"url":"title","valueString":"RequestGroup"},{"url":"description"}],"url":"http://hl7.org/fhir/tools/StructureDefinition/contained-resource-information"}],"reference":{"reference":"CarePlan/TerminvereinbarungExampleCP"},"name":"Beispiel Terminvereinbarung","description":"Beispiel CarePlan zur Terminvereinbarung mit einem Patienten (M0)","exampleBoolean":true,"groupingId":"-ex-example"},{"extension":[{"url":"http://hl7.org/fhir/StructureDefinition/implementationguide-page","valueUri":"CarePlan-TherapiespezifischeDiagnostikExampleCP.html"},{"extension":[{"url":"type","valueCode":"RequestGroup"},{"url":"id","valueId":"TherapiespezifischeDiagnostikExampleRG"},{"url":"title","valueString":"RequestGroup"},{"url":"description"}],"url":"http://hl7.org/fhir/tools/StructureDefinition/contained-resource-information"}],"reference":{"reference":"CarePlan/TherapiespezifischeDiagnostikExampleCP"},"name":"Beispiel Therapiespezifische Diagnostik","description":"Beispiel CarePlan für die Durchführung einer therapiespezifischen Diagnostik mit dem Patienten (M0)","exampleBoolean":true,"groupingId":"-ex-example"},{"extension":[{"url":"http://hl7.org/fhir/StructureDefinition/implementationguide-page","valueUri":"ServiceRequest-TherapiespezifischeDiagnostikExampleSR.html"}],"reference":{"reference":"ServiceRequest/TherapiespezifischeDiagnostikExampleSR"},"name":"Beispiel Therapiespezifische Diagnostik","description":"Beispiel ServiceRequest für die Durchführung einer therapiespezifischen Diagnostik mit dem Patienten (M0)","exampleBoolean":true,"groupingId":"-ex-example"},{"extension":[{"url":"http://hl7.org/fhir/StructureDefinition/implementationguide-page","valueUri":"CarePlan-VorstellungExampleCP.html"},{"extension":[{"url":"type","valueCode":"RequestGroup"},{"url":"id","valueId":"VorstellungExampleRG"},{"url":"title","valueString":"RequestGroup"},{"url":"description"}],"url":"http://hl7.org/fhir/tools/StructureDefinition/contained-resource-information"}],"reference":{"reference":"CarePlan/VorstellungExampleCP"},"name":"Beispiel Erst- oder Wiedervorstellung","description":"Beispiel CarePlan zur Erstvorstellung eines Patienten (M0)","exampleBoolean":true,"groupingId":"-ex-example"},{"extension":[{"url":"http://hl7.org/fhir/StructureDefinition/implementationguide-page","valueUri":"CarePlan-VoruntersuchungExampleCP.html"},{"extension":[{"url":"type","valueCode":"RequestGroup"},{"url":"id","valueId":"VoruntersuchungExampleRG"},{"url":"title","valueString":"RequestGroup"},{"url":"description"}],"url":"http://hl7.org/fhir/tools/StructureDefinition/contained-resource-information"}],"reference":{"reference":"CarePlan/VoruntersuchungExampleCP"},"name":"Beispiel Voruntersuchung","description":"Beispiel CarePlan für die Voruntersuchung eines Patienten (M0)","exampleBoolean":true,"groupingId":"-ex-example"},{"extension":[{"url":"http://hl7.org/fhir/StructureDefinition/implementationguide-page","valueUri":"CarePlan-ZusatzdiagnostikExampleCP.html"},{"extension":[{"url":"type","valueCode":"RequestGroup"},{"url":"id","valueId":"ZusatzdiagnostikExampleRG"},{"url":"title","valueString":"RequestGroup"},{"url":"description"}],"url":"http://hl7.org/fhir/tools/StructureDefinition/contained-resource-information"}],"reference":{"reference":"CarePlan/ZusatzdiagnostikExampleCP"},"name":"Beispiel Zusatzdiagnostik","description":"Beispiel CarePlan für die Durchführung einer Zusatzdiagnostik mit dem Patienten (M0)","exampleBoolean":true,"groupingId":"-ex-example"}],"page":{"nameUrl":"toc.html","title":"Table of Contents","generation":"html","page":[{"nameUrl":"index.html","title":"Home","generation":"markdown"},{"nameUrl":"artifacts.html","title":"Artifacts Summary","generation":"html","page":[{"nameUrl":"MessageDefinition-Q4MSArztbriefanfrage.html","title":"Arztbriefanfrage","generation":"generated"},{"nameUrl":"MessageDefinition-Q4MSTerminanfrage.html","title":"Terminanfrage","generation":"generated"},{"nameUrl":"StructureDefinition-Q4MSArztbriefProfile.html","title":"Arztbrief","generation":"generated"},{"nameUrl":"StructureDefinition-Q4MSBefundProfile.html","title":"Befund","generation":"generated"},{"nameUrl":"StructureDefinition-Q4MSDokumentProfile.html","title":"Dokument","generation":"generated"},{"nameUrl":"StructureDefinition-Q4MSDokumentanforderungProfile.html","title":"Dokumentanforderung","generation":"generated"},{"nameUrl":"StructureDefinition-Q4MSKonsiliarberichtProfile.html","title":"Konsiliarbericht","generation":"generated"},{"nameUrl":"StructureDefinition-Q4MSLaborergebnisProfile.html","title":"Laborergebnis","generation":"generated"},{"nameUrl":"StructureDefinition-Q4MSRezeptProfile.html","title":"Rezept","generation":"generated"},{"nameUrl":"StructureDefinition-Q4MSSonstigesDokumentProfile.html","title":"Sonstiges Dokument","generation":"generated"},{"nameUrl":"StructureDefinition-Q4MSTerminvereinbarungProfile.html","title":"Terminvereinbarung","generation":"generated"},{"nameUrl":"ValueSet-Q4MSAnfragekategorieVS.html","title":"Anfragekategorie","generation":"generated"},{"nameUrl":"ValueSet-Q4MSDokumentanforderungkategorieVS.html","title":"Dokumentanforderungkategorie","generation":"generated"},{"nameUrl":"ValueSet-Q4MSTerminanfragekategorieVS.html","title":"Terminanfragekategorie","generation":"generated"},{"nameUrl":"CodeSystem-Q4MSAnfragekategorie.html","title":"Anfragekategorie","generation":"generated"},{"nameUrl":"CodeSystem-Q4MSDokumentanforderungkategorie.html","title":"Dokumentanforderungkategorie","generation":"generated"},{"nameUrl":"CodeSystem-Q4MSTerminanfragekategorie.html","title":"Terminanfragekategorie","generation":"generated"},{"nameUrl":"StructureMap-Q4MSActivityDefinitionTaskTransform.html","title":"Transformiert eine ActivityDefinition in einen Task","generation":"generated"},{"nameUrl":"ActivityDefinition-Q4MSAllgemeineNeurologischeAnamneseAD.html","title":"Allgemeine und neurologische Anamnese","generation":"generated"},{"nameUrl":"ActivityDefinition-Q4MSAuswertungAD.html","title":"Auswertung","generation":"generated"},{"nameUrl":"ActivityDefinition-Q4MSBefundauswertungAD.html","title":"Befundauswertung","generation":"generated"},{"nameUrl":"ActivityDefinition-Q4MSDokumenteAbfragenAD.html","title":"Dokumente abfragen","generation":"generated"},{"nameUrl":"ActivityDefinition-Q4MSDokumenteUebermittelnAD.html","title":"Dokumente übermitteln","generation":"generated"},{"nameUrl":"ActivityDefinition-Q4MSExpandedDisabilityStatusScaleAD.html","title":"Expanded Disability Status Scale (EDSS)","generation":"generated"},{"nameUrl":"ActivityDefinition-Q4MSGanganalyseAD.html","title":"Ganganalyse","generation":"generated"},{"nameUrl":"ActivityDefinition-Q4MSLaboruntersuchungAD.html","title":"Laboruntersuchung","generation":"generated"},{"nameUrl":"ActivityDefinition-Q4MSMagnetresonanztomographieAD.html","title":"Magnetresonanztomographie (MRT)","generation":"generated"},{"nameUrl":"ActivityDefinition-Q4MSMultipleSclerosisPerformanceTestAD.html","title":"Multiple Sclerosis Performance Test (MSPT)","generation":"generated"},{"nameUrl":"ActivityDefinition-Q4MSOptischeKohaerenztomographieAD.html","title":"Optische Kohärenztomographie (OCT)","generation":"generated"},{"nameUrl":"ActivityDefinition-Q4MSTerminvereinbarungAD.html","title":"Terminvereinbarung","generation":"generated"},{"nameUrl":"ActivityDefinition-Q4MSTherapiespezifischeDiagnostikAD.html","title":"Therapiespezifische Diagnostik","generation":"generated"},{"nameUrl":"PlanDefinition-Q4MSAllgemeineNeurologischeAnamnese.html","title":"Allgemeine und neurologische Anamnese","generation":"generated"},{"nameUrl":"PlanDefinition-Q4MSAllgemeineNeurologischeUntersuchung.html","title":"Allgemeine neurologische Untersuchung","generation":"generated"},{"nameUrl":"PlanDefinition-Q4MSArztvorstellung.html","title":"Arztvorstellung","generation":"generated"},{"nameUrl":"PlanDefinition-Q4MSAuswertung.html","title":"Auswertung","generation":"generated"},{"nameUrl":"PlanDefinition-Q4MSBasismonitoring.html","title":"Basismonitoring Patientepfad","generation":"generated"},{"nameUrl":"PlanDefinition-Q4MSBefundauswertung.html","title":"Befundauswertung","generation":"generated"},{"nameUrl":"PlanDefinition-Q4MSDokumenteAbfragenPatient.html","title":"Dokumente beim Patienten abfragen","generation":"generated"},{"nameUrl":"PlanDefinition-Q4MSDokumenteUebermittelnArzt.html","title":"Dokumente an Arzt übermitteln","generation":"generated"},{"nameUrl":"PlanDefinition-Q4MSDokumenteUebermittelnPatient.html","title":"Dokumente an Patient übermitteln","generation":"generated"},{"nameUrl":"PlanDefinition-Q4MSEntlassung.html","title":"Entlassung","generation":"generated"},{"nameUrl":"PlanDefinition-Q4MSGanganalyse.html","title":"Ganganalyse","generation":"generated"},{"nameUrl":"PlanDefinition-Q4MSLaboruntersuchung.html","title":"Laboruntersuchung","generation":"generated"},{"nameUrl":"PlanDefinition-Q4MSMagnetresonanztomographie.html","title":"Magnetresonanztomographie (MRT)","generation":"generated"},{"nameUrl":"PlanDefinition-Q4MSMultipleSclerosisPerformanceTest.html","title":"Multiple Sclerosis Performance Test (MSPT)","generation":"generated"},{"nameUrl":"PlanDefinition-Q4MSOptischeKohaerenztomographie.html","title":"Optische Kohärenztomographie (OCT)","generation":"generated"},{"nameUrl":"PlanDefinition-Q4MSTerminvereinbarung.html","title":"Terminvereinbarung","generation":"generated"},{"nameUrl":"PlanDefinition-Q4MSTherapiespezifischeDiagnostik.html","title":"Therapiespezifische Diagnostik","generation":"generated"},{"nameUrl":"PlanDefinition-Q4MSVorstellung.html","title":"Erst- oder Wiedervorstellung","generation":"generated"},{"nameUrl":"PlanDefinition-Q4MSVoruntersuchung.html","title":"Voruntersuchung","generation":"generated"},{"nameUrl":"PlanDefinition-Q4MSZusatzdiagnostik.html","title":"Zusatzdiagnostik","generation":"generated"},{"nameUrl":"CarePlan-AllgemeineNeurologischeAnamneseExampleCP.html","title":"Beispiel Allgemeine und neurologische Anamnese","generation":"generated"},{"nameUrl":"Task-AllgemeineNeurologischeAnamneseExampleTSK.html","title":"Beispiel Allgemeine und neurologische Anamnese","generation":"generated"},{"nameUrl":"CarePlan-AllgemeineNeurologischeUntersuchungExampleCP.html","title":"Beispiel Allgemeine und neurologische Untersuchung","generation":"generated"},{"nameUrl":"Task-AllgemeineNeurologischeUntersuchungExampleTSK.html","title":"Beispiel Allgemeine und neurologische Untersuchung","generation":"generated"},{"nameUrl":"DocumentReference-ArztbriefExample.html","title":"Beispiel Arztbrief","generation":"generated"},{"nameUrl":"CarePlan-ArztvorstellungExampleCP.html","title":"Beispiel Arztvorstellung","generation":"generated"},{"nameUrl":"CarePlan-AuswertungExampleCP.html","title":"Beispiel Auswertung","generation":"generated"},{"nameUrl":"ServiceRequest-AuswertungExampleSR.html","title":"Beispiel Auswertung","generation":"generated"},{"nameUrl":"Task-AuswertungExampleTSK.html","title":"Beispiel Auswertung","generation":"generated"},{"nameUrl":"CarePlan-BasismonitoringExampleCP.html","title":"Beispiel Basismonitoring Patientenpfad","generation":"generated"},{"nameUrl":"DocumentReference-BefundExample.html","title":"Beispiel Befund","generation":"generated"},{"nameUrl":"CarePlan-BefundauswertungExampleCP.html","title":"Beispiel Befundauswertung","generation":"generated"},{"nameUrl":"Task-BefundauswertungExampleTSK.html","title":"Beispiel Befundauswertung","generation":"generated"},{"nameUrl":"CarePlan-DokumenteAbfragenPatientExampleCP.html","title":"Beispiel Dokumente abfragen","generation":"generated"},{"nameUrl":"Task-DokumenteAbfragenPatientExampleTSK.html","title":"Beispiel Dokumente abfragen","generation":"generated"},{"nameUrl":"CarePlan-DokumenteUebermittelnArztExampleCP.html","title":"Beispiel Dokumente an Arzt übermitteln","generation":"generated"},{"nameUrl":"Task-DokumenteUebermittelnArztExampleTSK.html","title":"Beispiel Dokumente an Arzt übermitteln","generation":"generated"},{"nameUrl":"CarePlan-DokumenteUebermittelnPatientExampleCP.html","title":"Beispiel Dokumente an Patient übermitteln","generation":"generated"},{"nameUrl":"Task-DokumenteUebermittelnPatientExampleTSK.html","title":"Beispiel Dokumente an Patient übermitteln","generation":"generated"},{"nameUrl":"CarePlan-EntlassungExampleCP.html","title":"Beispiel Entlassung","generation":"generated"},{"nameUrl":"CarePlan-GanganalyseExampleCP.html","title":"Beispiel Ganganalyse","generation":"generated"},{"nameUrl":"ServiceRequest-GanganalyseExampleSR.html","title":"Beispiel Ganganalyse","generation":"generated"},{"nameUrl":"DocumentReference-KonsiliarberichtExample.html","title":"Beispiel Konsiliarbericht","generation":"generated"},{"nameUrl":"DocumentReference-LaborergebnisExample.html","title":"Beispiel Laborergebnis","generation":"generated"},{"nameUrl":"CarePlan-LaboruntersuchungExampleCP.html","title":"Beispiel Laboruntersuchung","generation":"generated"},{"nameUrl":"ServiceRequest-LaboruntersuchungExampleSR.html","title":"Beispiel Laboruntersuchung","generation":"generated"},{"nameUrl":"CarePlan-MagnetresonanztomographieExampleCP.html","title":"Beispiel Magnetresonanztomographie (MRT)","generation":"generated"},{"nameUrl":"ServiceRequest-MagnetresonanztomographieExampleSR.html","title":"Beispiel Magnetresonanztomographie (MRT)","generation":"generated"},{"nameUrl":"CarePlan-MultipleSclerosisPerformanceTestExampleCP.html","title":"Beispiel Multiple Sclerosis Performance Test (MSPT)","generation":"generated"},{"nameUrl":"ServiceRequest-MultipleSclerosisPerformanceTestExampleSR.html","title":"Beispiel Multiple Sclerosis Performance Test (MSPT)","generation":"generated"},{"nameUrl":"CarePlan-OptischeKohaerenztomographieExampleCP.html","title":"Beispiel Optische Kohärenztomographie (OCT)","generation":"generated"},{"nameUrl":"ServiceRequest-OptischeKohaerenztomographieExampleSR.html","title":"Beispiel Optische Kohärenztomographie (OCT)","generation":"generated"},{"nameUrl":"Patient-PatientJohnDoe.html","title":"Beispiel Patient","generation":"generated"},{"nameUrl":"DocumentReference-RezeptExample.html","title":"Beispiel Rezept","generation":"generated"},{"nameUrl":"DocumentReference-SonstigesDokumentExample.html","title":"Beispiel Sonstiges Dokument","generation":"generated"},{"nameUrl":"Appointment-TerminvereinbarungExampleAPT.html","title":"Beispiel Terminvereinbarung","generation":"generated"},{"nameUrl":"CarePlan-TerminvereinbarungExampleCP.html","title":"Beispiel Terminvereinbarung","generation":"generated"},{"nameUrl":"CarePlan-TherapiespezifischeDiagnostikExampleCP.html","title":"Beispiel Therapiespezifische Diagnostik","generation":"generated"},{"nameUrl":"ServiceRequest-TherapiespezifischeDiagnostikExampleSR.html","title":"Beispiel Therapiespezifische Diagnostik","generation":"generated"},{"nameUrl":"CarePlan-VorstellungExampleCP.html","title":"Beispiel Erst- oder Wiedervorstellung","generation":"generated"},{"nameUrl":"CarePlan-VoruntersuchungExampleCP.html","title":"Beispiel Voruntersuchung","generation":"generated"},{"nameUrl":"CarePlan-ZusatzdiagnostikExampleCP.html","title":"Beispiel Zusatzdiagnostik","generation":"generated"},{"nameUrl":"MessageHeader-Q4MSArztbriefanfrageHeader.html","title":"Arztbriefanfrage","generation":"generated"},{"nameUrl":"MessageHeader-Q4MSTerminanfrageHeader.html","title":"Terminanfrage","generation":"generated"}]}]},"parameter":[{"code":"path-resource","value":"input/capabilities"},{"code":"path-resource","value":"input/examples"},{"code":"path-resource","value":"input/extensions"},{"code":"path-resource","value":"input/models"},{"code":"path-resource","value":"input/operations"},{"code":"path-resource","value":"input/profiles"},{"code":"path-resource","value":"input/resources"},{"code":"path-resource","value":"input/vocabulary"},{"code":"path-resource","value":"input/maps"},{"code":"path-resource","value":"input/testing"},{"code":"path-resource","value":"input/history"},{"code":"path-resource","value":"fsh-generated/resources"},{"code":"path-pages","value":"template/config"},{"code":"path-pages","value":"input/images"},{"code":"path-tx-cache","value":"input-cache/txcache"}]}}