{"resourceType":"MessageDefinition","id":"Q4MSTerminanfrage","meta":{"profile":["http://qpath4ms.ukdd.de/fhir/StructureDefinition/Q4MSTerminvereinbarungProfile"]},"url":"http://qpath4ms.ukdd.de/fhir/MessageDefinition/Q4MSTerminanfrage","version":"0.1.0","name":"Q4MSTerminanfrage","status":"draft","date":"2021-12-21","publisher":"Forschungsgruppe Digital Health","contact":[{"name":"Forschungsgruppe Digital Health","telecom":[{"system":"url","value":"https://tud.link/xd10"},{"system":"email","value":"digital-health@tu-dresden.de"}]},{"name":"Marcel Susky","telecom":[{"system":"email","value":"marcel.susky@tu-dresden.de","use":"work"}]}],"jurisdiction":[{"coding":[{"system":"urn:iso:std:iso:3166","code":"DE","display":"Germany"}]}],"parent":["http://qpath4ms.ukdd.de/fhir/ActivityDefinition/Q4MSTerminvereinbarungAD"],"eventCoding":{"system":"http://qpath4ms.ukdd.de/fhir/CodeSystem/Q4MSTerminanfragekategorie","code":"booking"},"focus":[{"code":"Appointment","min":1,"max":"1"}],"responseRequired":"always"}