{"resourceType":"MessageDefinition","id":"Q4MSArztbriefanfrage","meta":{"profile":["http://qpath.ukdd.de/StructureDefinition/Q4MSDokumentanforderungProfile"]},"url":"http://qpath.ukdd.de/MessageDefinition/Q4MSArztbriefanfrage","version":"0.1.0","status":"draft","date":"2021-12-21","publisher":"QPath4MS","contact":[{"name":"QPath4MS","telecom":[{"system":"url","value":"http://qpath.ukdd.de"}]}],"parent":["http://qpath.ukdd.de/ActivityDefinition/Q4MSDokumenteAbfragenActivity"],"eventCoding":{"system":"http://terminology-fgdh.wiwi.tu-dresden.de/fhir/CodeSystem/q4ms-dokumentanforderungkategorie","code":"doctor-letter"},"focus":[{"code":"DocumentReference","profile":"http://qpath.ukdd.de/StructureDefinition/Q4MSArztbriefProfile","min":1}]}