{"resourceType":"MessageDefinition","id":"Q4MSArztbriefanfrage","meta":{"profile":["http://qpath4ms.ukdd.de/fhir/StructureDefinition/q4ms-dokumentanforderung"]},"url":"http://qpath4ms.ukdd.de/fhir/MessageDefinition/q4ms-arztbriefanfrage","version":"0.1.0","status":"draft","date":"2021-12-21","publisher":"Forschungsgruppe Digital Health","contact":[{"name":"Forschungsgruppe Digital Health","telecom":[{"system":"url","value":"https://tud.link/xd10"},{"system":"email","value":"digital-health@tu-dresden.de"}]},{"name":"Marcel Susky","telecom":[{"system":"email","value":"marcel.susky@tu-dresden.de","use":"work"}]}],"jurisdiction":[{"coding":[{"system":"urn:iso:std:iso:3166","code":"DE","display":"Germany"}]}],"parent":["http://qpath4ms.ukdd.de/fhir/ActivityDefinition/q4ms-dokumente-abfragen"],"eventCoding":{"system":"http://qpath4ms.ukdd.de/fhir/CodeSystem/q4ms-dokumentanforderungkategorie","code":"doctor-letter"},"focus":[{"code":"DocumentReference","profile":"http://qpath4ms.ukdd.de/fhir/StructureDefinition/q4ms-arztbrief","min":1}]}