{"resourceType":"PlanDefinition","id":"Q4MSArztvorstellung","url":"http://qpath4ms.ukdd.de/fhir/PlanDefinition/Q4MSArztvorstellung","version":"0.1.0","name":"Q4MSArztvorstellung","type":{"coding":[{"system":"http://terminology.hl7.org/CodeSystem/plan-definition-type","code":"workflow-definition"}]},"status":"draft","experimental":true,"date":"2022-01-20T17:22:31+01:00","publisher":"Forschungsgruppe Digital Health","contact":[{"name":"Forschungsgruppe Digital Health","telecom":[{"system":"url","value":"https://tud.link/xd10"},{"system":"email","value":"digital-health@tu-dresden.de"}]},{"name":"Marcel Susky","telecom":[{"system":"email","value":"marcel.susky@tu-dresden.de","use":"work"}]}],"jurisdiction":[{"coding":[{"system":"urn:iso:std:iso:3166","code":"DE","display":"Germany"}]}],"action":[{"id":"examination","groupingBehavior":"logical-group","selectionBehavior":"all","requiredBehavior":"must-unless-documented","cardinalityBehavior":"single","action":[{"title":"Allgemeine und neurologische Untersuchung","definitionCanonical":"http://qpath4ms.ukdd.de/fhir/PlanDefinition/Q4MSAllgemeineNeurologischeUntersuchung"},{"title":"Befundauswertung","definitionCanonical":"http://qpath4ms.ukdd.de/fhir/PlanDefinition/Q4MSBefundauswertung"},{"title":"Allgemeine und neurologische Anamnese","definitionCanonical":"http://qpath4ms.ukdd.de/fhir/PlanDefinition/Q4MSAllgemeineNeurologischeAnamnese"},{"title":"Therapiespezifische Diagnostik","definitionCanonical":"http://qpath4ms.ukdd.de/fhir/PlanDefinition/Q4MSTherapiespezifischeDiagnostik"},{"title":"Zusatzdiagnostik","definitionCanonical":"http://qpath4ms.ukdd.de/fhir/PlanDefinition/Q4MSZusatzdiagnostik"}]},{"title":"Auswertung","relatedAction":[{"actionId":"examination","relationship":"after-end"}],"definitionCanonical":"http://qpath4ms.ukdd.de/fhir/PlanDefinition/Q4MSAuswertung"}]}