{"resourceType":"PlanDefinition","id":"Q4MSBasismonitoring","url":"/PlanDefinition/Q4MSBasismonitoring","version":"0.1.0","type":{"coding":[{"code":"clinical-protocol"}]},"status":"draft","experimental":true,"date":"2021-12-22T11:59:55+01:00","publisher":"QPath4MS","contact":[{"name":"QPath4MS","telecom":[{"system":"url","value":"http://qpath.ukdd.de"}]}],"action":[{"groupingBehavior":"logical-group","selectionBehavior":"all","requiredBehavior":"must-unless-documented","cardinalityBehavior":"multiple","action":[{"id":"admission","title":"Vorstellung","description":"Erst- und Wiedervostellung","definitionCanonical":"/PlanDefinition/Q4MSVorstellung"},{"id":"diagnostic-testing","title":"Voruntersuchung","description":"Diagnostische Voruntersuchungen durchführen","relatedAction":[{"actionId":"admission","relationship":"after-end"}],"definitionCanonical":"/PlanDefinition/Q4MSVoruntersuchung"},{"id":"examination","title":"Arztvorstellung","description":"Voruntersuchungen auswerten und Therapiemaßnahmen ableiten","relatedAction":[{"actionId":"diagnostic-testing","relationship":"after-end"}],"definitionCanonical":"/PlanDefinition/Q4MSArztvorstellung"},{"id":"discharge","title":"Entlassung","description":"Patient nach Hause entlassen","relatedAction":[{"actionId":"examination","relationship":"after-end"}],"definitionCanonical":"/PlanDefinition/Q4MSEntlassung"}]}]}