{"resourceType":"PlanDefinition","id":"Q4MSDokumenteUebermittelnArzt","url":"/PlanDefinition/Q4MSDokumenteUebermittelnArzt","version":"0.1.0","type":{"coding":[{"code":"eca-rule"}]},"status":"draft","experimental":true,"date":"2021-12-22T11:59:55+01:00","publisher":"QPath4MS","contact":[{"name":"QPath4MS","telecom":[{"system":"url","value":"http://qpath.ukdd.de"}]}],"action":[{"title":"Dokumente übermitteln","type":{"coding":[{"code":"create"}]},"definitionCanonical":"http://qpath.ukdd.de/ActivityDefinition/Q4MSDokumenteUebermittelnActivity"}]}