{"resourceType":"PlanDefinition","id":"Q4MSAuswertung","url":"http://pathway-fgdh.wiwi.tu-dresden.de/fhir/PlanDefinition/q4ms-auswertung","version":"0.1.0","type":{"coding":[{"system":"http://terminology.hl7.org/CodeSystem/plan-definition-type","code":"eca-rule"}]},"status":"draft","experimental":true,"date":"2021-12-22T13:43:58+01:00","publisher":"QPath4MS","contact":[{"name":"QPath4MS","telecom":[{"system":"url","value":"http://qpath.ukdd.de"}]}],"action":[{"title":"Auswertung","type":{"coding":[{"system":"http://terminology.hl7.org/CodeSystem/action-type","code":"create"}]},"definitionCanonical":"http://qpath.ukdd.de/ActivityDefinition/Q4MSAuswertungActivity"}]}