{"resourceType":"PlanDefinition","id":"Q4MSBasismonitoring","url":"http://qpath4ms.ukdd.de/fhir/PlanDefinition/Q4MSBasismonitoring","version":"0.1.0","type":{"coding":[{"system":"http://terminology.hl7.org/CodeSystem/plan-definition-type","code":"clinical-protocol"}]},"status":"draft","experimental":true,"date":"2022-01-20T13:58:01+01:00","publisher":"Forschungsgruppe Digital Health","contact":[{"name":"Forschungsgruppe Digital Health","telecom":[{"system":"url","value":"https://tud.link/xd10"},{"system":"email","value":"digital-health@tu-dresden.de"}]},{"name":"Marcel Susky","telecom":[{"system":"email","value":"marcel.susky@tu-dresden.de","use":"work"}]}],"jurisdiction":[{"coding":[{"system":"urn:iso:std:iso:3166","code":"DE","display":"Germany"}]}],"action":[{"groupingBehavior":"logical-group","selectionBehavior":"all","requiredBehavior":"must-unless-documented","cardinalityBehavior":"multiple","action":[{"id":"admission","title":"Vorstellung","description":"Erst- und Wiedervostellung","definitionCanonical":"http://qpath4ms.ukdd.de/fhir/PlanDefinition/Q4MSVorstellung"},{"id":"diagnostic-testing","title":"Voruntersuchung","description":"Diagnostische Voruntersuchungen durchführen","relatedAction":[{"actionId":"admission","relationship":"after-end"}],"definitionCanonical":"http://qpath4ms.ukdd.de/fhir/PlanDefinition/Q4MSVoruntersuchung"},{"id":"examination","title":"Arztvorstellung","description":"Voruntersuchungen auswerten und Therapiemaßnahmen ableiten","relatedAction":[{"actionId":"diagnostic-testing","relationship":"after-end"}],"definitionCanonical":"http://qpath4ms.ukdd.de/fhir/PlanDefinition/Q4MSArztvorstellung"},{"id":"discharge","title":"Entlassung","description":"Patient nach Hause entlassen","relatedAction":[{"actionId":"examination","relationship":"after-end"}],"definitionCanonical":"http://qpath4ms.ukdd.de/fhir/PlanDefinition/Q4MSEntlassung"}]}]}