{"resourceType":"PlanDefinition","id":"Q4MSZusatzdiagnostik","url":"/PlanDefinition/Q4MSZusatzdiagnostik","version":"0.1.0","type":{"coding":[{"code":"workflow-definition"}]},"status":"draft","experimental":true,"date":"2021-12-22T11:59:55+01:00","publisher":"QPath4MS","contact":[{"name":"QPath4MS","telecom":[{"system":"url","value":"http://qpath.ukdd.de"}]}],"action":[{"selectionBehavior":"any","requiredBehavior":"must-unless-documented","cardinalityBehavior":"single","action":[{"title":"Ganganalyse","definitionCanonical":"/PlanDefinition/Q4MSGanganalyse"},{"title":"Optische Koheränztomographie (OCT)","definitionCanonical":"/PlanDefinition/Q4MSOptischeKoheraenztomographie"},{"title":"Magnetresonanztomographie (MRT)","definitionCanonical":"/PlanDefinition/Q4MSMagnetresonanztomographie"},{"title":"Laboruntersuchung","definitionCanonical":"/PlanDefinition/Q4MSLaboruntersuchung"},{"title":"Multiple Sclerosis Performance Test (MSPT)","definitionCanonical":"/PlanDefinition/Q4MSMultipleSclerosisPerformanceTest"}]}]}