{"resourceType":"PlanDefinition","id":"Q4MSVoruntersuchung","url":"/PlanDefinition/Q4MSVoruntersuchung","version":"0.1.0","type":{"coding":[{"code":"workflow-definition"}]},"status":"draft","experimental":true,"date":"2021-12-22T11:59:55+01:00","publisher":"QPath4MS","contact":[{"name":"QPath4MS","telecom":[{"system":"url","value":"http://qpath.ukdd.de"}]}],"action":[{"groupingBehavior":"logical-group","selectionBehavior":"all","requiredBehavior":"must-unless-documented","cardinalityBehavior":"single","action":[{"title":"Diagnostik alle 3 Monate","timingTiming":{"repeat":{"frequency":1,"period":3,"periodUnit":"mo"}},"groupingBehavior":"logical-group","selectionBehavior":"all","requiredBehavior":"must-unless-documented","cardinalityBehavior":"single","action":[{"title":"Multiple Sclerosis Performance Test (MSPT)","definitionCanonical":"/PlanDefinition/Q4MSMultipleSclerosisPerformanceTest"},{"title":"Therapiespezifische Diagnostik","definitionCanonical":"/PlanDefinition/Q4MSTherapiespezifischeDiagnostik"}]},{"title":"Diagnostik alle 12 Monate","timingTiming":{"repeat":{"frequency":1,"period":12,"periodUnit":"mo"}},"groupingBehavior":"logical-group","selectionBehavior":"all","requiredBehavior":"must-unless-documented","cardinalityBehavior":"single","action":[{"title":"Optische Kohärenztomographie (OCT)","definitionCanonical":"/PlanDefinition/Q4MSOptischeKoheraenztomographie"},{"title":"Ganganalyse","definitionCanonical":"/PlanDefinition/Q4MSGanganalyse"},{"title":"Magnetresonanztomographie (MRT)","definitionCanonical":"/PlanDefinition/Q4MSMagnetresonanztomographie"}]}]}]}