{"resourceType":"PlanDefinition","id":"Q4MSVorstellung","url":"http://pathway-fgdh.wiwi.tu-dresden.de/fhir/PlanDefinition/q4ms-vorstellung","version":"0.1.0","type":{"coding":[{"system":"http://terminology.hl7.org/CodeSystem/plan-definition-type","code":"workflow-definition"}]},"status":"draft","experimental":true,"date":"2021-12-22T13:43:58+01:00","publisher":"QPath4MS","contact":[{"name":"QPath4MS","telecom":[{"system":"url","value":"http://qpath.ukdd.de"}]}],"action":[{"id":"appointment","title":"Terminvereinbarung","description":"Termin zur Vorstellung vereinbaren","definitionCanonical":"http://pathway-fgdh.wiwi.tu-dresden.de/fhir/PlanDefinition/q4ms-terminvereinbarung"},{"title":"Dokumente abfragen","description":"Dokumente beim Patienten abfragen","relatedAction":[{"actionId":"appointment","relationship":"after-end"}],"definitionCanonical":"http://pathway-fgdh.wiwi.tu-dresden.de/fhir/PlanDefinition/q4ms-dokumente-abfragen-patient"}]}