{"resourceType":"PlanDefinition","id":"Q4MSEntlassung","url":"http://qpath4ms.ukdd.de/fhir/PlanDefinition/Q4MSEntlassung","version":"0.1.0","type":{"coding":[{"system":"http://terminology.hl7.org/CodeSystem/plan-definition-type","code":"workflow-definition"}]},"status":"draft","experimental":true,"date":"2022-01-19T20:56:59+01:00","publisher":"Forschungsgruppe Digital Health","contact":[{"name":"Forschungsgruppe Digital Health","telecom":[{"system":"url","value":"https://tud.link/xd10"},{"system":"email","value":"digital-health@tu-dresden.de"}]},{"name":"Marcel Susky","telecom":[{"system":"email","value":"marcel.susky@tu-dresden.de","use":"work"}]}],"jurisdiction":[{"coding":[{"system":"urn:iso:std:iso:3166","code":"DE","display":"Germany"}]}],"action":[{"groupingBehavior":"logical-group","selectionBehavior":"all","requiredBehavior":"must-unless-documented","cardinalityBehavior":"single","action":[{"groupingBehavior":"logical-group","selectionBehavior":"all","requiredBehavior":"must-unless-documented","cardinalityBehavior":"single","action":[{"title":"Terminvereinbarung","description":"Termin zur Wiedervorstellung vereinbaren","timingTiming":{"repeat":{"frequency":1,"period":3,"periodUnit":"mo"}},"definitionCanonical":"http://qpath4ms.ukdd.de/fhir/PlanDefinition/Q4MSTerminvereinbarung"},{"title":"Dokumente übermitteln (Patient)","description":"Dokumente an Patient übermitteln","definitionCanonical":"http://qpath4ms.ukdd.de/fhir/PlanDefinition/Q4MSDokumenteUebermittelnPatient"}]},{"title":"Dokumente übermitteln (Arzt)","description":"Dokumente an Arzt übermitteln","condition":[{"kind":"applicability","expression":{"language":"text/cql","expression":"is referred"}}],"definitionCanonical":"http://qpath4ms.ukdd.de/fhir/PlanDefinition/Q4MSDokumenteUebermittelnArzt"}]}]}