{"resourceType":"PlanDefinition","id":"Q4MSEntlassung","url":"http://pathway-fgdh.wiwi.tu-dresden.de/fhir/PlanDefinition/q4ms-entlassung","version":"0.1.0","type":{"coding":[{"system":"http://terminology.hl7.org/CodeSystem/plan-definition-type","code":"workflow-definition"}]},"status":"draft","experimental":true,"date":"2021-12-22T13:43:58+01:00","publisher":"QPath4MS","contact":[{"name":"QPath4MS","telecom":[{"system":"url","value":"http://qpath.ukdd.de"}]}],"action":[{"groupingBehavior":"logical-group","selectionBehavior":"all","requiredBehavior":"must-unless-documented","cardinalityBehavior":"single","action":[{"groupingBehavior":"logical-group","selectionBehavior":"all","requiredBehavior":"must-unless-documented","cardinalityBehavior":"single","action":[{"title":"Terminvereinbarung","description":"Termin zur Wiederorstellung vereinbaren","timingTiming":{"repeat":{"frequency":1,"period":3,"periodUnit":"mo"}},"definitionCanonical":"http://pathway-fgdh.wiwi.tu-dresden.de/fhir/PlanDefinition/q4ms-terminvereinbarung"},{"title":"Dokumente übermitteln (Patient)","description":"Dokumente an Patient übermitteln","definitionCanonical":"http://pathway-fgdh.wiwi.tu-dresden.de/fhir/PlanDefinition/q4ms-dokumente-uebermitteln-patient"}]},{"title":"Dokumente übermitteln (Arzt)","description":"Dokumente an Arzt übermitteln","condition":[{"kind":"applicability","expression":{"language":"text/cql","expression":"is referred"}}],"definitionCanonical":"http://pathway-fgdh.wiwi.tu-dresden.de/fhir/PlanDefinition/q4ms-dokumente-uebermitteln-arzt"}]}]}