{"resourceType":"PlanDefinition","id":"Q4MSBasismonitoring","url":"http://pathway-fgdh.wiwi.tu-dresden.de/fhir/PlanDefinition/q4ms-basismonitoring","version":"0.1.0","type":{"coding":[{"system":"http://terminology.hl7.org/CodeSystem/plan-definition-type","code":"clinical-protocol"}]},"status":"draft","experimental":true,"date":"2021-12-22T13:43:58+01:00","publisher":"QPath4MS","contact":[{"name":"QPath4MS","telecom":[{"system":"url","value":"http://qpath.ukdd.de"}]}],"action":[{"groupingBehavior":"logical-group","selectionBehavior":"all","requiredBehavior":"must-unless-documented","cardinalityBehavior":"multiple","action":[{"id":"admission","title":"Vorstellung","description":"Erst- und Wiedervostellung","definitionCanonical":"http://pathway-fgdh.wiwi.tu-dresden.de/fhir/PlanDefinition/q4ms-vorstellung"},{"id":"diagnostic-testing","title":"Voruntersuchung","description":"Diagnostische Voruntersuchungen durchführen","relatedAction":[{"actionId":"admission","relationship":"after-end"}],"definitionCanonical":"http://pathway-fgdh.wiwi.tu-dresden.de/fhir/PlanDefinition/q4ms-voruntersuchung"},{"id":"examination","title":"Arztvorstellung","description":"Voruntersuchungen auswerten und Therapiemaßnahmen ableiten","relatedAction":[{"actionId":"diagnostic-testing","relationship":"after-end"}],"definitionCanonical":"http://pathway-fgdh.wiwi.tu-dresden.de/fhir/PlanDefinition/q4ms-arztvorstellung"},{"id":"discharge","title":"Entlassung","description":"Patient nach Hause entlassen","relatedAction":[{"actionId":"examination","relationship":"after-end"}],"definitionCanonical":"http://pathway-fgdh.wiwi.tu-dresden.de/fhir/PlanDefinition/q4ms-entlassung"}]}]}