{"resourceType":"PlanDefinition","id":"Q4MSTherapiespezifischeDiagnostik","url":"/PlanDefinition/Q4MSTherapiespezifischeDiagnostik","version":"0.1.0","type":{"coding":[{"code":"eca-rule"}]},"status":"draft","experimental":true,"date":"2021-12-22T11:59:55+01:00","publisher":"QPath4MS","contact":[{"name":"QPath4MS","telecom":[{"system":"url","value":"http://qpath.ukdd.de"}]}],"action":[{"title":"Therapiespezifische Diagnostik","condition":[{"kind":"applicability","expression":{"language":"text/cql","expression":"is under therapy"}}],"type":{"coding":[{"code":"create"}]},"definitionCanonical":"http://qpath.ukdd.de/ActivityDefinition/Q4MSTherapiespezifischeDiagnostikActivity"}]}