{"resourceType":"PlanDefinition","id":"Q4MSZusatzdiagnostik","url":"http://qpath4ms.ukdd.de/fhir/PlanDefinition/Q4MSZusatzdiagnostik","version":"0.1.0","type":{"coding":[{"system":"http://terminology.hl7.org/CodeSystem/plan-definition-type","code":"workflow-definition"}]},"status":"draft","experimental":true,"date":"2022-01-19T20:56:59+01:00","publisher":"Forschungsgruppe Digital Health","contact":[{"name":"Forschungsgruppe Digital Health","telecom":[{"system":"url","value":"https://tud.link/xd10"},{"system":"email","value":"digital-health@tu-dresden.de"}]},{"name":"Marcel Susky","telecom":[{"system":"email","value":"marcel.susky@tu-dresden.de","use":"work"}]}],"jurisdiction":[{"coding":[{"system":"urn:iso:std:iso:3166","code":"DE","display":"Germany"}]}],"action":[{"selectionBehavior":"any","requiredBehavior":"must-unless-documented","cardinalityBehavior":"single","action":[{"title":"Ganganalyse","definitionCanonical":"http://qpath4ms.ukdd.de/fhir/PlanDefinition/Q4MSGanganalyse"},{"title":"Optische Kohärenztomographie (OCT)","definitionCanonical":"http://qpath4ms.ukdd.de/fhir/PlanDefinition/Q4MSOptischeKohaerenztomographie"},{"title":"Magnetresonanztomographie (MRT)","definitionCanonical":"http://qpath4ms.ukdd.de/fhir/PlanDefinition/Q4MSMagnetresonanztomographie"},{"title":"Laboruntersuchung","definitionCanonical":"http://qpath4ms.ukdd.de/fhir/PlanDefinition/Q4MSLaboruntersuchung"},{"title":"Multiple Sclerosis Performance Test (MSPT)","definitionCanonical":"http://qpath4ms.ukdd.de/fhir/PlanDefinition/Q4MSMultipleSclerosisPerformanceTest"}]}]}