{"resourceType":"PlanDefinition","id":"Q4MSVorstellung","url":"http://qpath4ms.ukdd.de/fhir/PlanDefinition/Q4MSVorstellung","version":"0.1.0","type":{"coding":[{"system":"http://terminology.hl7.org/CodeSystem/plan-definition-type","code":"workflow-definition"}]},"status":"draft","experimental":true,"date":"2022-01-19T20:56:59+01:00","publisher":"Forschungsgruppe Digital Health","contact":[{"name":"Forschungsgruppe Digital Health","telecom":[{"system":"url","value":"https://tud.link/xd10"},{"system":"email","value":"digital-health@tu-dresden.de"}]},{"name":"Marcel Susky","telecom":[{"system":"email","value":"marcel.susky@tu-dresden.de","use":"work"}]}],"jurisdiction":[{"coding":[{"system":"urn:iso:std:iso:3166","code":"DE","display":"Germany"}]}],"action":[{"id":"appointment","title":"Terminvereinbarung","description":"Termin zur Vorstellung vereinbaren","definitionCanonical":"http://qpath4ms.ukdd.de/fhir/PlanDefinition/Q4MSTerminvereinbarung"},{"title":"Dokumente abfragen","description":"Dokumente beim Patienten abfragen","relatedAction":[{"actionId":"appointment","relationship":"after-end"}],"definitionCanonical":"http://qpath4ms.ukdd.de/fhir/PlanDefinition/Q4MSDokumenteAbfragenPatient"}]}