{"resourceType":"PlanDefinition","id":"Q4MSVoruntersuchung","url":"http://qpath4ms.ukdd.de/fhir/PlanDefinition/Q4MSVoruntersuchung","version":"0.1.0","type":{"coding":[{"system":"http://terminology.hl7.org/CodeSystem/plan-definition-type","code":"workflow-definition"}]},"status":"draft","experimental":true,"date":"2022-01-20T13:58:01+01:00","publisher":"Forschungsgruppe Digital Health","contact":[{"name":"Forschungsgruppe Digital Health","telecom":[{"system":"url","value":"https://tud.link/xd10"},{"system":"email","value":"digital-health@tu-dresden.de"}]},{"name":"Marcel Susky","telecom":[{"system":"email","value":"marcel.susky@tu-dresden.de","use":"work"}]}],"jurisdiction":[{"coding":[{"system":"urn:iso:std:iso:3166","code":"DE","display":"Germany"}]}],"action":[{"groupingBehavior":"logical-group","selectionBehavior":"all","requiredBehavior":"must-unless-documented","cardinalityBehavior":"single","action":[{"title":"Diagnostik alle 3 Monate","timingTiming":{"repeat":{"frequency":1,"period":3,"periodUnit":"mo"}},"groupingBehavior":"logical-group","selectionBehavior":"all","requiredBehavior":"must-unless-documented","cardinalityBehavior":"single","action":[{"title":"Multiple Sclerosis Performance Test (MSPT)","definitionCanonical":"http://qpath4ms.ukdd.de/fhir/PlanDefinition/Q4MSMultipleSclerosisPerformanceTest"},{"title":"Therapiespezifische Diagnostik","definitionCanonical":"http://qpath4ms.ukdd.de/fhir/PlanDefinition/Q4MSTherapiespezifischeDiagnostik"}]},{"title":"Diagnostik alle 12 Monate","timingTiming":{"repeat":{"frequency":1,"period":12,"periodUnit":"mo"}},"groupingBehavior":"logical-group","selectionBehavior":"all","requiredBehavior":"must-unless-documented","cardinalityBehavior":"single","action":[{"title":"Optische Kohärenztomographie (OCT)","definitionCanonical":"http://qpath4ms.ukdd.de/fhir/PlanDefinition/Q4MSOptischeKohaerenztomographie"},{"title":"Ganganalyse","definitionCanonical":"http://qpath4ms.ukdd.de/fhir/PlanDefinition/Q4MSGanganalyse"},{"title":"Magnetresonanztomographie (MRT)","definitionCanonical":"http://qpath4ms.ukdd.de/fhir/PlanDefinition/Q4MSMagnetresonanztomographie"}]}]}]}