{"resourceType":"PlanDefinition","id":"Q4MSArztvorstellung","url":"http://pathway-fgdh.wiwi.tu-dresden.de/fhir/PlanDefinition/q4ms-arztvorstellung","version":"0.1.0","type":{"coding":[{"system":"http://terminology.hl7.org/CodeSystem/plan-definition-type","code":"workflow-definition"}]},"status":"draft","experimental":true,"date":"2021-12-22T13:43:58+01:00","publisher":"QPath4MS","contact":[{"name":"QPath4MS","telecom":[{"system":"url","value":"http://qpath.ukdd.de"}]}],"action":[{"id":"examination","groupingBehavior":"logical-group","selectionBehavior":"all","requiredBehavior":"must-unless-documented","cardinalityBehavior":"single","action":[{"title":"Allgemeine und neurologische Untersuchung","definitionCanonical":"http://pathway-fgdh.wiwi.tu-dresden.de/fhir/PlanDefinition/q4ms-allgemeine-neurologische-untersuchung"},{"title":"Befundauswertung","definitionCanonical":"http://pathway-fgdh.wiwi.tu-dresden.de/fhir/PlanDefinition/q4ms-befundauswertung"},{"title":"Allgemeine und neurologische Anamnese","definitionCanonical":"http://pathway-fgdh.wiwi.tu-dresden.de/fhir/PlanDefinition/q4ms-allgemeine-neurologische-anamnese"},{"title":"Therapiespezifische Diagnostik","definitionCanonical":"http://pathway-fgdh.wiwi.tu-dresden.de/fhir/PlanDefinition/q4ms-therapiespezifische-diagnostik"},{"title":"Zusatzdiagnostik","definitionCanonical":"http://pathway-fgdh.wiwi.tu-dresden.de/fhir/PlanDefinition/q4ms-zusatzdiagnostik"}]},{"title":"Auswertung","relatedAction":[{"actionId":"examination","relationship":"after-end"}],"definitionCanonical":"http://pathway-fgdh.wiwi.tu-dresden.de/fhir/PlanDefinition/q4ms-auswertung"}]}