{"resourceType":"PlanDefinition","id":"Q4MSAllgemeineNeurologischeAnamnese","url":"/PlanDefinition/Q4MSAllgemeineNeurologischeAnamnese","version":"0.1.0","type":{"coding":[{"code":"eca-rule"}]},"status":"draft","experimental":true,"date":"2021-12-22T11:59:55+01:00","publisher":"QPath4MS","contact":[{"name":"QPath4MS","telecom":[{"system":"url","value":"http://qpath.ukdd.de"}]}],"action":[{"title":"Expanded Disability Status Scale (EDSS)","type":{"coding":[{"code":"create"}]},"definitionCanonical":"http://qpath.ukdd.de/ActivityDefinition/Q4MSExpandedDisabilityStatusScaleActivity"}]}