{"resourceType":"PlanDefinition","id":"Q4MSTherapiespezifischeDiagnostik","url":"http://qpath4ms.ukdd.de/fhir/PlanDefinition/Q4MSTherapiespezifischeDiagnostik","version":"0.1.0","name":"Q4MSTherapiespezifischeDiagnostik","type":{"coding":[{"system":"http://terminology.hl7.org/CodeSystem/plan-definition-type","code":"eca-rule"}]},"status":"draft","experimental":true,"date":"2022-01-21T07:49:24+01:00","publisher":"Forschungsgruppe Digital Health","contact":[{"name":"Forschungsgruppe Digital Health","telecom":[{"system":"url","value":"https://tud.link/xd10"},{"system":"email","value":"digital-health@tu-dresden.de"}]},{"name":"Martin Burwitz","telecom":[{"system":"email","value":"martin.burwitz@tu-dresden.de","use":"work"}]},{"name":"Harry Preiß","telecom":[{"system":"email","value":"harry.preiss@medicalsyn.com","use":"work"}]},{"name":"Marcel Susky","telecom":[{"system":"email","value":"marcel.susky@tu-dresden.de","use":"work"}]}],"jurisdiction":[{"coding":[{"system":"urn:iso:std:iso:3166","code":"DE","display":"Germany"}]}],"action":[{"title":"Therapiespezifische Diagnostik","condition":[{"kind":"applicability","expression":{"language":"text/cql","expression":"is under therapy"}}],"type":{"coding":[{"system":"http://terminology.hl7.org/CodeSystem/action-type","code":"create"}]},"definitionCanonical":"http://qpath4ms.ukdd.de/fhir/ActivityDefinition/Q4MSTherapiespezifischeDiagnostikAD"}]}