{"resourceType":"StructureMap","id":"Q4MSActivityDefinitionTaskTransform","url":"http://qpath4ms.ukdd.de/fhir/StructureMap/Q4MSActivityDefinitionTaskTransform","version":"0.1.0","name":"Transformiert eine ActivityDefinition in einen Task","status":"draft","experimental":true,"date":"2022-01-20T17:26:57+01:00","publisher":"Forschungsgruppe Digital Health","contact":[{"name":"Forschungsgruppe Digital Health","telecom":[{"system":"url","value":"https://tud.link/xd10"},{"system":"email","value":"digital-health@tu-dresden.de"}]},{"name":"Marcel Susky","telecom":[{"system":"email","value":"marcel.susky@tu-dresden.de","use":"work"}]}],"jurisdiction":[{"coding":[{"system":"urn:iso:std:iso:3166","code":"DE","display":"Germany"}]}],"structure":[{"url":"http://hl7.org/fhir/StructureDefinition/activitydefinition","mode":"source"},{"url":"http://hl7.org/fhir/StructureDefinition/activitydefinition","mode":"queried"},{"url":"http://hl7.org/fhir/StructureDefinition/task","mode":"target"},{"url":"http://hl7.org/fhir/StructureDefinition/task","mode":"produced"}],"group":[{"name":"main","typeMode":"type-and-types","input":[{"name":"source","type":"ActivityDefinition","mode":"source"},{"name":"target","type":"Task","mode":"target"}],"rule":[{"name":"status","source":[{"context":"source","element":"status","variable":"a"}],"target":[{"context":"target","contextType":"variable","element":"status","transform":"copy"}]},{"name":"intent","source":[{"context":"source","defaultValueString":"plan","element":"intent","variable":"a"}],"target":[{"context":"target","contextType":"variable","element":"intent","transform":"copy"}]},{"name":"instantiatesCanonical","source":[{"context":"source","element":"url","variable":"a"}],"target":[{"context":"target","contextType":"variable","element":"instantiatesCanonical","transform":"copy"}]},{"name":"description","source":[{"context":"source","element":"title","variable":"a"}],"target":[{"context":"target","contextType":"variable","element":"description","transform":"copy"}]}]}]}