{"resourceType":"ValueSet","id":"q4ms-dokumentanforderungkategorie-vs","text":{"status":"generated","div":"<div xmlns=\"http://www.w3.org/1999/xhtml\"><ul><li>Include all codes defined in <a href=\"CodeSystem-q4ms-dokumentanforderungkategorie.html\"><code>http://terminology-fgdh.wiwi.tu-dresden.de/fhir/CodeSystem/q4ms-dokumentanforderungkategorie</code></a></li></ul></div>"},"url":"http://terminology-fgdh.wiwi.tu-dresden.de/fhir/ValueSet/q4ms-dokumentanforderungkategorie-vs","version":"0.1.0","name":"Q4MSDokumentanforderungkategorieVS","title":"Dokumentanforderungkategorie","status":"active","date":"2021-12-22T19:56:03+01:00","publisher":"QPath4MS","contact":[{"name":"QPath4MS","telecom":[{"system":"url","value":"http://qpath.ukdd.de"}]}],"description":"Definiert Dokumentanforderungkategorien","compose":{"include":[{"system":"http://terminology-fgdh.wiwi.tu-dresden.de/fhir/CodeSystem/q4ms-dokumentanforderungkategorie"}]}}