{
  "resourceType": "CarePlan",
  "id": "VorstellungExampleCP",
  "text": {
    "status": "generated",
    "div": "<div xmlns=\"http://www.w3.org/1999/xhtml\"><p><b>Generated Narrative</b></p><div style=\"display: inline-block; background-color: #d9e0e7; padding: 6px; margin: 4px; border: 1px solid #8da1b4; border-radius: 5px; line-height: 60%\"><p style=\"margin-bottom: 0px\">Resource \"VorstellungExampleCP\" </p></div><p><b>instantiatesCanonical</b>: <a href=\"PlanDefinition-Q4MSVorstellung.html\">PlanDefinition[http://qpath4ms.ukdd.de/fhir/PlanDefinition/q4ms-vorstellung]</a></p><p><b>status</b>: draft</p><p><b>intent</b>: option</p><p><b>subject</b>: <a href=\"Patient-PatientJohnDoe.html\">Patient/PatientJohnDoe</a> \" DOE\"</p><h3>Activities</h3><table class=\"grid\"><tr><td>-</td><td><b>Reference</b></td></tr><tr><td>*</td><td><a name=\"VorstellungExampleRG\"> </a><blockquote><div style=\"display: inline-block; background-color: #d9e0e7; padding: 6px; margin: 4px; border: 1px solid #8da1b4; border-radius: 5px; line-height: 60%\"><p style=\"margin-bottom: 0px\">Resource \"VorstellungExampleRG\" </p></div><p><b>instantiatesCanonical</b>: <a href=\"PlanDefinition-Q4MSVorstellung.html\">PlanDefinition[http://qpath4ms.ukdd.de/fhir/PlanDefinition/q4ms-vorstellung]</a></p><p><b>status</b>: draft</p><p><b>intent</b>: plan</p><p><b>subject</b>: <a href=\"Patient-PatientJohnDoe.html\">Patient/PatientJohnDoe</a> \" DOE\"</p><blockquote><p><b>action</b></p><p><b>title</b>: Terminvereinbarung</p><p><b>description</b>: Termin zur Vorstellung vereinbaren</p><p><b>resource</b>: <a href=\"CarePlan-TerminvereinbarungExampleCP.html\">CarePlan/TerminvereinbarungExampleCP</a></p></blockquote><blockquote><p><b>action</b></p><p><b>title</b>: Dokumente abfragen</p><p><b>description</b>: Dokumente beim Patienten abfragen</p><h3>RelatedActions</h3><table class=\"grid\"><tr><td>-</td><td><b>ActionId</b></td><td><b>Relationship</b></td></tr><tr><td>*</td><td>appointment</td><td>after-end</td></tr></table><p><b>resource</b>: <a href=\"CarePlan-DokumenteAbfragenPatientExampleCP.html\">CarePlan/DokumenteAbfragenPatientExampleCP</a></p></blockquote></blockquote></td></tr></table></div>"
  },
  "contained": [
    {
      "resourceType": "RequestGroup",
      "id": "VorstellungExampleRG",
      "instantiatesCanonical": [
        "http://qpath4ms.ukdd.de/fhir/PlanDefinition/q4ms-vorstellung"
      ],
      "status": "draft",
      "intent": "plan",
      "subject": {
        "reference": "Patient/PatientJohnDoe"
      },
      "action": [
        {
          "id": "appointment",
          "title": "Terminvereinbarung",
          "description": "Termin zur Vorstellung vereinbaren",
          "resource": {
            "reference": "CarePlan/TerminvereinbarungExampleCP"
          }
        },
        {
          "title": "Dokumente abfragen",
          "description": "Dokumente beim Patienten abfragen",
          "relatedAction": [
            {
              "actionId": "appointment",
              "relationship": "after-end"
            }
          ],
          "resource": {
            "reference": "CarePlan/DokumenteAbfragenPatientExampleCP"
          }
        }
      ]
    }
  ],
  "instantiatesCanonical": [
    "http://qpath4ms.ukdd.de/fhir/PlanDefinition/q4ms-vorstellung"
  ],
  "status": "draft",
  "intent": "option",
  "subject": {
    "reference": "Patient/PatientJohnDoe"
  },
  "activity": [
    {
      "reference": {
        "reference": "#VorstellungExampleRG"
      }
    }
  ]
}