{
  "resourceType": "CarePlan",
  "id": "ZusatzdiagnostikExampleCP",
  "text": {
    "status": "generated",
    "div": "<div xmlns=\"http://www.w3.org/1999/xhtml\"><p><b>Generated Narrative</b></p><div style=\"display: inline-block; background-color: #d9e0e7; padding: 6px; margin: 4px; border: 1px solid #8da1b4; border-radius: 5px; line-height: 60%\"><p style=\"margin-bottom: 0px\">Resource \"ZusatzdiagnostikExampleCP\" </p></div><p><b>instantiatesCanonical</b>: <a href=\"PlanDefinition-Q4MSZusatzdiagnostik.html\">PlanDefinition[http://qpath4ms.ukdd.de/fhir/PlanDefinition/Q4MSZusatzdiagnostik]</a></p><p><b>status</b>: draft</p><p><b>intent</b>: option</p><p><b>subject</b>: <a href=\"Patient-PatientJohnDoe.html\">Patient/PatientJohnDoe</a> \" DOE\"</p><h3>Activities</h3><table class=\"grid\"><tr><td>-</td><td><b>Reference</b></td></tr><tr><td>*</td><td><a name=\"ZusatzdiagnostikExampleRG\"> </a><blockquote><div style=\"display: inline-block; background-color: #d9e0e7; padding: 6px; margin: 4px; border: 1px solid #8da1b4; border-radius: 5px; line-height: 60%\"><p style=\"margin-bottom: 0px\">Resource \"ZusatzdiagnostikExampleRG\" </p></div><p><b>instantiatesCanonical</b>: <a href=\"PlanDefinition-Q4MSZusatzdiagnostik.html\">PlanDefinition[http://qpath4ms.ukdd.de/fhir/PlanDefinition/Q4MSZusatzdiagnostik]</a></p><p><b>status</b>: draft</p><p><b>intent</b>: plan</p><p><b>subject</b>: <a href=\"Patient-PatientJohnDoe.html\">Patient/PatientJohnDoe</a> \" DOE\"</p><blockquote><p><b>action</b></p><p><b>selectionBehavior</b>: any</p><p><b>requiredBehavior</b>: must-unless-documented</p><p><b>cardinalityBehavior</b>: single</p><h3>Actions</h3><table class=\"grid\"><tr><td>-</td><td><b>Title</b></td><td><b>Resource</b></td></tr><tr><td>*</td><td>Ganganalyse</td><td><a href=\"CarePlan-GanganalyseExampleCP.html\">CarePlan/GanganalyseExampleCP</a></td></tr><tr><td>*</td><td>Optische Kohärenztomographie (OCT)</td><td><a href=\"CarePlan-OptischeKohaerenztomographieExampleCP.html\">CarePlan/OptischeKohaerenztomographieExampleCP</a></td></tr><tr><td>*</td><td>Magnetresonanztomographie (MRT)</td><td><a href=\"CarePlan-MagnetresonanztomographieExampleCP.html\">CarePlan/MagnetresonanztomographieExampleCP</a></td></tr><tr><td>*</td><td>Laboruntersuchung</td><td><a href=\"CarePlan-LaboruntersuchungExampleCP.html\">CarePlan/LaboruntersuchungExampleCP</a></td></tr><tr><td>*</td><td>Multiple Sclerosis Performance Test (MSPT)</td><td><a href=\"CarePlan-MultipleSclerosisPerformanceTestExampleCP.html\">CarePlan/MultipleSclerosisPerformanceTestExampleCP</a></td></tr></table></blockquote></blockquote></td></tr></table></div>"
  },
  "contained": [
    {
      "resourceType": "RequestGroup",
      "id": "ZusatzdiagnostikExampleRG",
      "instantiatesCanonical": [
        "http://qpath4ms.ukdd.de/fhir/PlanDefinition/Q4MSZusatzdiagnostik"
      ],
      "status": "draft",
      "intent": "plan",
      "subject": {
        "reference": "Patient/PatientJohnDoe"
      },
      "action": [
        {
          "selectionBehavior": "any",
          "requiredBehavior": "must-unless-documented",
          "cardinalityBehavior": "single",
          "action": [
            {
              "title": "Ganganalyse",
              "resource": {
                "reference": "CarePlan/GanganalyseExampleCP"
              }
            },
            {
              "title": "Optische Kohärenztomographie (OCT)",
              "resource": {
                "reference": "CarePlan/OptischeKohaerenztomographieExampleCP"
              }
            },
            {
              "title": "Magnetresonanztomographie (MRT)",
              "resource": {
                "reference": "CarePlan/MagnetresonanztomographieExampleCP"
              }
            },
            {
              "title": "Laboruntersuchung",
              "resource": {
                "reference": "CarePlan/LaboruntersuchungExampleCP"
              }
            },
            {
              "title": "Multiple Sclerosis Performance Test (MSPT)",
              "resource": {
                "reference": "CarePlan/MultipleSclerosisPerformanceTestExampleCP"
              }
            }
          ]
        }
      ]
    }
  ],
  "instantiatesCanonical": [
    "http://qpath4ms.ukdd.de/fhir/PlanDefinition/Q4MSZusatzdiagnostik"
  ],
  "status": "draft",
  "intent": "option",
  "subject": {
    "reference": "Patient/PatientJohnDoe"
  },
  "activity": [
    {
      "reference": {
        "reference": "#ZusatzdiagnostikExampleRG"
      }
    }
  ]
}