{
  "resourceType": "CarePlan",
  "id": "GanganalyseExampleCP",
  "text": {
    "status": "generated",
    "div": "<div xmlns=\"http://www.w3.org/1999/xhtml\"><p><b>Generated Narrative</b></p><div style=\"display: inline-block; background-color: #d9e0e7; padding: 6px; margin: 4px; border: 1px solid #8da1b4; border-radius: 5px; line-height: 60%\"><p style=\"margin-bottom: 0px\">Resource \"GanganalyseExampleCP\" </p></div><p><b>instantiatesCanonical</b>: <a href=\"PlanDefinition-Q4MSGanganalyse.html\">PlanDefinition[http://qpath4ms.ukdd.de/fhir/PlanDefinition/Q4MSGanganalyse]</a></p><p><b>status</b>: draft</p><p><b>intent</b>: option</p><p><b>subject</b>: <a href=\"Patient-PatientJohnDoe.html\">Patient/PatientJohnDoe</a> \" DOE\"</p><h3>Activities</h3><table class=\"grid\"><tr><td>-</td><td><b>Reference</b></td></tr><tr><td>*</td><td><a name=\"GanganalyseExampleRG\"> </a><blockquote><div style=\"display: inline-block; background-color: #d9e0e7; padding: 6px; margin: 4px; border: 1px solid #8da1b4; border-radius: 5px; line-height: 60%\"><p style=\"margin-bottom: 0px\">Resource \"GanganalyseExampleRG\" </p></div><p><b>instantiatesCanonical</b>: <a href=\"PlanDefinition-Q4MSGanganalyse.html\">PlanDefinition[http://qpath4ms.ukdd.de/fhir/PlanDefinition/Q4MSGanganalyse]</a></p><p><b>status</b>: draft</p><p><b>intent</b>: plan</p><p><b>subject</b>: <a href=\"Patient-PatientJohnDoe.html\">Patient/PatientJohnDoe</a> \" DOE\"</p><h3>Actions</h3><table class=\"grid\"><tr><td>-</td><td><b>Title</b></td><td><b>Resource</b></td></tr><tr><td>*</td><td>Ganganalyse</td><td><a href=\"ServiceRequest-GanganalyseExampleSR.html\">ServiceRequest/GanganalyseExampleSR</a></td></tr></table></blockquote></td></tr></table></div>"
  },
  "contained": [
    {
      "resourceType": "RequestGroup",
      "id": "GanganalyseExampleRG",
      "instantiatesCanonical": [
        "http://qpath4ms.ukdd.de/fhir/PlanDefinition/Q4MSGanganalyse"
      ],
      "status": "draft",
      "intent": "plan",
      "subject": {
        "reference": "Patient/PatientJohnDoe"
      },
      "action": [
        {
          "title": "Ganganalyse",
          "resource": {
            "reference": "ServiceRequest/GanganalyseExampleSR"
          }
        }
      ]
    }
  ],
  "instantiatesCanonical": [
    "http://qpath4ms.ukdd.de/fhir/PlanDefinition/Q4MSGanganalyse"
  ],
  "status": "draft",
  "intent": "option",
  "subject": {
    "reference": "Patient/PatientJohnDoe"
  },
  "activity": [
    {
      "reference": {
        "reference": "#GanganalyseExampleRG"
      }
    }
  ]
}