{
  "resourceType": "CarePlan",
  "id": "ArztvorstellungExampleCP",
  "text": {
    "status": "generated",
    "div": "<div xmlns=\"http://www.w3.org/1999/xhtml\"><p><b>Generated Narrative</b></p><div style=\"display: inline-block; background-color: #d9e0e7; padding: 6px; margin: 4px; border: 1px solid #8da1b4; border-radius: 5px; line-height: 60%\"><p style=\"margin-bottom: 0px\">Resource \"ArztvorstellungExampleCP\" </p></div><p><b>instantiatesCanonical</b>: <a href=\"PlanDefinition-Q4MSArztvorstellung.html\">PlanDefinition[http://qpath4ms.ukdd.de/fhir/PlanDefinition/Q4MSArztvorstellung]</a></p><p><b>status</b>: draft</p><p><b>intent</b>: option</p><p><b>subject</b>: <a href=\"Patient-PatientJohnDoe.html\">Patient/PatientJohnDoe</a> \" DOE\"</p><h3>Activities</h3><table class=\"grid\"><tr><td>-</td><td><b>Reference</b></td></tr><tr><td>*</td><td><a name=\"ArztvorstellungExampleRG\"> </a><blockquote><div style=\"display: inline-block; background-color: #d9e0e7; padding: 6px; margin: 4px; border: 1px solid #8da1b4; border-radius: 5px; line-height: 60%\"><p style=\"margin-bottom: 0px\">Resource \"ArztvorstellungExampleRG\" </p></div><p><b>instantiatesCanonical</b>: <a href=\"PlanDefinition-Q4MSArztvorstellung.html\">PlanDefinition[http://qpath4ms.ukdd.de/fhir/PlanDefinition/Q4MSArztvorstellung]</a></p><p><b>status</b>: draft</p><p><b>intent</b>: plan</p><p><b>subject</b>: <a href=\"Patient-PatientJohnDoe.html\">Patient/PatientJohnDoe</a> \" DOE\"</p><blockquote><p><b>action</b></p><p><b>groupingBehavior</b>: logical-group</p><p><b>selectionBehavior</b>: all</p><p><b>requiredBehavior</b>: must-unless-documented</p><p><b>cardinalityBehavior</b>: single</p><h3>Actions</h3><table class=\"grid\"><tr><td>-</td><td><b>Title</b></td><td><b>Resource</b></td></tr><tr><td>*</td><td>Allgemeine und neurologische Untersuchung</td><td><a href=\"CarePlan-AllgemeineNeurologischeUntersuchungExampleCP.html\">CarePlan/AllgemeineNeurologischeUntersuchungExampleCP</a></td></tr><tr><td>*</td><td>Befundauswertung</td><td><a href=\"CarePlan-BefundauswertungExampleCP.html\">CarePlan/BefundauswertungExampleCP</a></td></tr><tr><td>*</td><td>Allgemeine und neurologische Anamnese</td><td><a href=\"CarePlan-AllgemeineNeurologischeAnamneseExampleCP.html\">CarePlan/AllgemeineNeurologischeAnamneseExampleCP</a></td></tr><tr><td>*</td><td>Therapiespezifische Diagnostik</td><td><a href=\"CarePlan-TherapiespezifischeDiagnostikExampleCP.html\">CarePlan/TherapiespezifischeDiagnostikExampleCP</a></td></tr><tr><td>*</td><td>Zusatzdiagnostik</td><td><a href=\"CarePlan-ZusatzdiagnostikExampleCP.html\">CarePlan/ZusatzdiagnostikExampleCP</a></td></tr></table></blockquote><blockquote><p><b>action</b></p><p><b>title</b>: Auswertung</p><h3>RelatedActions</h3><table class=\"grid\"><tr><td>-</td><td><b>ActionId</b></td><td><b>Relationship</b></td></tr><tr><td>*</td><td>examination</td><td>after-end</td></tr></table><p><b>resource</b>: <a href=\"CarePlan-AuswertungExampleCP.html\">CarePlan/AuswertungExampleCP</a></p></blockquote></blockquote></td></tr></table></div>"
  },
  "contained": [
    {
      "resourceType": "RequestGroup",
      "id": "ArztvorstellungExampleRG",
      "instantiatesCanonical": [
        "http://qpath4ms.ukdd.de/fhir/PlanDefinition/Q4MSArztvorstellung"
      ],
      "status": "draft",
      "intent": "plan",
      "subject": {
        "reference": "Patient/PatientJohnDoe"
      },
      "action": [
        {
          "id": "examination",
          "groupingBehavior": "logical-group",
          "selectionBehavior": "all",
          "requiredBehavior": "must-unless-documented",
          "cardinalityBehavior": "single",
          "action": [
            {
              "title": "Allgemeine und neurologische Untersuchung",
              "resource": {
                "reference": "CarePlan/AllgemeineNeurologischeUntersuchungExampleCP"
              }
            },
            {
              "title": "Befundauswertung",
              "resource": {
                "reference": "CarePlan/BefundauswertungExampleCP"
              }
            },
            {
              "title": "Allgemeine und neurologische Anamnese",
              "resource": {
                "reference": "CarePlan/AllgemeineNeurologischeAnamneseExampleCP"
              }
            },
            {
              "title": "Therapiespezifische Diagnostik",
              "resource": {
                "reference": "CarePlan/TherapiespezifischeDiagnostikExampleCP"
              }
            },
            {
              "title": "Zusatzdiagnostik",
              "resource": {
                "reference": "CarePlan/ZusatzdiagnostikExampleCP"
              }
            }
          ]
        },
        {
          "title": "Auswertung",
          "relatedAction": [
            {
              "actionId": "examination",
              "relationship": "after-end"
            }
          ],
          "resource": {
            "reference": "CarePlan/AuswertungExampleCP"
          }
        }
      ]
    }
  ],
  "instantiatesCanonical": [
    "http://qpath4ms.ukdd.de/fhir/PlanDefinition/Q4MSArztvorstellung"
  ],
  "status": "draft",
  "intent": "option",
  "subject": {
    "reference": "Patient/PatientJohnDoe"
  },
  "activity": [
    {
      "reference": {
        "reference": "#ArztvorstellungExampleRG"
      }
    }
  ]
}