{
  "resourceType": "DocumentReference",
  "id": "SonstigesDokumentExample",
  "meta": {
    "profile": [
      "http://qpath.ukdd.de/StructureDefinition/q4ms-sonstiges-dokument-profile"
    ]
  },
  "text": {
    "status": "generated",
    "div": "<div xmlns=\"http://www.w3.org/1999/xhtml\"><p><b>Generated Narrative</b></p><div style=\"display: inline-block; background-color: #d9e0e7; padding: 6px; margin: 4px; border: 1px solid #8da1b4; border-radius: 5px; line-height: 60%\"><p style=\"margin-bottom: 0px\">Resource \"SonstigesDokumentExample\" </p><p style=\"margin-bottom: 0px\">Profile: <a href=\"StructureDefinition-q4ms-sonstiges-dokument-profile.html\">Sonstiges Dokument DocumentReference Profile</a></p></div><p><b>status</b>: current</p><p><b>type</b>: BESC <span style=\"background: LightGoldenRodYellow; margin: 4px; border: 1px solid khaki\"> (IHEXDStypeCode#BESC)</span></p><p><b>subject</b>: <a href=\"Patient-john-doe.html\">Patient/john-doe</a> \" DOE\"</p><blockquote><p><b>content</b></p></blockquote></div>"
  },
  "status": "current",
  "type": {
    "coding": [
      {
        "system": "http://ihe-d.de/ValueSets/IHEXDStypeCode",
        "code": "BESC"
      }
    ]
  },
  "subject": {
    "reference": "Patient/john-doe"
  },
  "content": [
    {
      "attachment": {
        "title": "Leeres Beispiel Attachment für ein Sonstiges Dokument, z.B. AU"
      }
    }
  ]
}