{
  "resourceType": "DocumentReference",
  "id": "KonsiliarberichtExample",
  "meta": {
    "profile": [
      "http://pathway-fgdh.wiwi.tu-dresden.de/fhir/StructureDefinition/q4ms-konsiliarbericht"
    ]
  },
  "text": {
    "status": "generated",
    "div": "<div xmlns=\"http://www.w3.org/1999/xhtml\"><p><b>Generated Narrative</b></p><div style=\"display: inline-block; background-color: #d9e0e7; padding: 6px; margin: 4px; border: 1px solid #8da1b4; border-radius: 5px; line-height: 60%\"><p style=\"margin-bottom: 0px\">Resource \"KonsiliarberichtExample\" </p><p style=\"margin-bottom: 0px\">Profile: <a href=\"StructureDefinition-Q4MSKonsiliarberichtProfile.html\">Konsiliarbericht</a></p></div><p><b>status</b>: current</p><p><b>subject</b>: <a href=\"Patient-john-doe.html\">Patient/john-doe</a> \" DOE\"</p><blockquote><p><b>content</b></p></blockquote></div>"
  },
  "status": "current",
  "subject": {
    "reference": "Patient/john-doe"
  },
  "content": [
    {
      "attachment": {
        "title": "Leeres Beispiel Attachment für einen Konsiliarbericht"
      }
    }
  ]
}