{
  "resourceType": "PlanDefinition",
  "id": "Q4MSEntlassung",
  "text": {
    "status": "generated",
    "div": "<div xmlns=\"http://www.w3.org/1999/xhtml\"><p><b>Generated Narrative</b></p><div style=\"display: inline-block; background-color: #d9e0e7; padding: 6px; margin: 4px; border: 1px solid #8da1b4; border-radius: 5px; line-height: 60%\"><p style=\"margin-bottom: 0px\">Resource \"Q4MSEntlassung\" </p></div><p><b>url</b>: <code>/PlanDefinition/Q4MSEntlassung</code></p><p><b>version</b>: 0.1.0</p><p><b>type</b>: workflow-definition <span style=\"background: LightGoldenRodYellow; margin: 4px; border: 1px solid khaki\"> ([not stated]#workflow-definition)</span></p><p><b>status</b>: draft</p><p><b>experimental</b>: true</p><p><b>date</b>: 2021-12-22T11:59:55+01:00</p><p><b>publisher</b>: QPath4MS</p><p><b>contact</b>: QPath4MS: <a href=\"http://qpath.ukdd.de\">http://qpath.ukdd.de</a></p><blockquote><p><b>action</b></p><p><b>groupingBehavior</b>: logical-group</p><p><b>selectionBehavior</b>: all</p><p><b>requiredBehavior</b>: must-unless-documented</p><p><b>cardinalityBehavior</b>: single</p><blockquote><p><b>action</b></p><p><b>groupingBehavior</b>: logical-group</p><p><b>selectionBehavior</b>: all</p><p><b>requiredBehavior</b>: must-unless-documented</p><p><b>cardinalityBehavior</b>: single</p></blockquote><blockquote><p><b>action</b></p><p><b>title</b>: Dokumente übermitteln (Arzt)</p><p><b>description</b>: Dokumente an Arzt übermitteln</p><p><b>definition</b>: <code>/PlanDefinition/Q4MSDokumenteUebermittelnArzt</code></p></blockquote></blockquote></div>"
  },
  "url": "/PlanDefinition/Q4MSEntlassung",
  "version": "0.1.0",
  "type": {
    "coding": [
      {
        "code": "workflow-definition"
      }
    ]
  },
  "status": "draft",
  "experimental": true,
  "date": "2021-12-22T11:59:55+01:00",
  "publisher": "QPath4MS",
  "contact": [
    {
      "name": "QPath4MS",
      "telecom": [
        {
          "system": "url",
          "value": "http://qpath.ukdd.de"
        }
      ]
    }
  ],
  "action": [
    {
      "groupingBehavior": "logical-group",
      "selectionBehavior": "all",
      "requiredBehavior": "must-unless-documented",
      "cardinalityBehavior": "single",
      "action": [
        {
          "groupingBehavior": "logical-group",
          "selectionBehavior": "all",
          "requiredBehavior": "must-unless-documented",
          "cardinalityBehavior": "single",
          "action": [
            {
              "title": "Terminvereinbarung",
              "description": "Termin zur Wiederorstellung vereinbaren",
              "timingTiming": {
                "repeat": {
                  "frequency": 1,
                  "period": 3,
                  "periodUnit": "mo"
                }
              },
              "definitionCanonical": "/PlanDefinition/Q4MSTerminvereinbarung"
            },
            {
              "title": "Dokumente übermitteln (Patient)",
              "description": "Dokumente an Patient übermitteln",
              "definitionCanonical": "/PlanDefinition/Q4MSDokumenteUebermittelnPatient"
            }
          ]
        },
        {
          "title": "Dokumente übermitteln (Arzt)",
          "description": "Dokumente an Arzt übermitteln",
          "condition": [
            {
              "kind": "applicability",
              "expression": {
                "language": "text/cql",
                "expression": "is referred"
              }
            }
          ],
          "definitionCanonical": "/PlanDefinition/Q4MSDokumenteUebermittelnArzt"
        }
      ]
    }
  ]
}