{
  "resourceType": "PlanDefinition",
  "id": "Q4MSArztvorstellung",
  "text": {
    "status": "generated",
    "div": "<div xmlns=\"http://www.w3.org/1999/xhtml\"><p><b>Generated Narrative</b></p><div style=\"display: inline-block; background-color: #d9e0e7; padding: 6px; margin: 4px; border: 1px solid #8da1b4; border-radius: 5px; line-height: 60%\"><p style=\"margin-bottom: 0px\">Resource \"Q4MSArztvorstellung\" </p></div><p><b>url</b>: <code>http://qpath4ms.ukdd.de/fhir/PlanDefinition/Q4MSArztvorstellung</code></p><p><b>version</b>: 0.1.0</p><p><b>name</b>: Q4MSArztvorstellung</p><p><b>type</b>: Workflow Definition <span style=\"background: LightGoldenRodYellow; margin: 4px; border: 1px solid khaki\"> (<a href=\"http://terminology.hl7.org/3.0.0/CodeSystem-plan-definition-type.html\">PlanDefinitionType</a>#workflow-definition)</span></p><p><b>status</b>: draft</p><p><b>experimental</b>: true</p><p><b>date</b>: 2022-01-21T07:36:48+01:00</p><p><b>publisher</b>: Forschungsgruppe Digital Health</p><p><b>contact</b>: Forschungsgruppe Digital Health: <a href=\"https://tud.link/xd10\">https://tud.link/xd10</a>,<a href=\"mailto:digital-health@tu-dresden.de\">digital-health@tu-dresden.de</a>, Marcel Susky: <a href=\"mailto:marcel.susky@tu-dresden.de\">marcel.susky@tu-dresden.de</a></p><p><b>jurisdiction</b>: Germany <span style=\"background: LightGoldenRodYellow; margin: 4px; border: 1px solid khaki\"> (unknown#DE)</span></p><blockquote><p><b>action</b></p><p><b>groupingBehavior</b>: logical-group</p><p><b>selectionBehavior</b>: all</p><p><b>requiredBehavior</b>: must-unless-documented</p><p><b>cardinalityBehavior</b>: single</p><h3>Actions</h3><table class=\"grid\"><tr><td>-</td><td><b>Title</b></td><td><b>Definition[x]</b></td></tr><tr><td>*</td><td>Allgemeine und neurologische Untersuchung</td><td><a href=\"PlanDefinition-Q4MSAllgemeineNeurologischeUntersuchung.html\">Q4MSAllgemeineNeurologischeUntersuchung</a></td></tr><tr><td>*</td><td>Befundauswertung</td><td><a href=\"PlanDefinition-Q4MSBefundauswertung.html\">Q4MSBefundauswertung</a></td></tr><tr><td>*</td><td>Allgemeine und neurologische Anamnese</td><td><a href=\"PlanDefinition-Q4MSAllgemeineNeurologischeAnamnese.html\">Q4MSAllgemeineNeurologischeAnamnese</a></td></tr><tr><td>*</td><td>Therapiespezifische Diagnostik</td><td><a href=\"PlanDefinition-Q4MSTherapiespezifischeDiagnostik.html\">Q4MSTherapiespezifischeDiagnostik</a></td></tr><tr><td>*</td><td>Zusatzdiagnostik</td><td><a href=\"PlanDefinition-Q4MSZusatzdiagnostik.html\">Q4MSZusatzdiagnostik</a></td></tr></table></blockquote><blockquote><p><b>action</b></p><p><b>title</b>: Auswertung</p><h3>RelatedActions</h3><table class=\"grid\"><tr><td>-</td><td><b>ActionId</b></td><td><b>Relationship</b></td></tr><tr><td>*</td><td>examination</td><td>after-end</td></tr></table><p><b>definition</b>: <a href=\"PlanDefinition-Q4MSAuswertung.html\">Q4MSAuswertung</a></p></blockquote></div>"
  },
  "url": "http://qpath4ms.ukdd.de/fhir/PlanDefinition/Q4MSArztvorstellung",
  "version": "0.1.0",
  "name": "Q4MSArztvorstellung",
  "type": {
    "coding": [
      {
        "system": "http://terminology.hl7.org/CodeSystem/plan-definition-type",
        "code": "workflow-definition"
      }
    ]
  },
  "status": "draft",
  "experimental": true,
  "date": "2022-01-21T07:36:48+01:00",
  "publisher": "Forschungsgruppe Digital Health",
  "contact": [
    {
      "name": "Forschungsgruppe Digital Health",
      "telecom": [
        {
          "system": "url",
          "value": "https://tud.link/xd10"
        },
        {
          "system": "email",
          "value": "digital-health@tu-dresden.de"
        }
      ]
    },
    {
      "name": "Marcel Susky",
      "telecom": [
        {
          "system": "email",
          "value": "marcel.susky@tu-dresden.de",
          "use": "work"
        }
      ]
    }
  ],
  "jurisdiction": [
    {
      "coding": [
        {
          "system": "urn:iso:std:iso:3166",
          "code": "DE",
          "display": "Germany"
        }
      ]
    }
  ],
  "action": [
    {
      "id": "examination",
      "groupingBehavior": "logical-group",
      "selectionBehavior": "all",
      "requiredBehavior": "must-unless-documented",
      "cardinalityBehavior": "single",
      "action": [
        {
          "title": "Allgemeine und neurologische Untersuchung",
          "definitionCanonical": "http://qpath4ms.ukdd.de/fhir/PlanDefinition/Q4MSAllgemeineNeurologischeUntersuchung"
        },
        {
          "title": "Befundauswertung",
          "definitionCanonical": "http://qpath4ms.ukdd.de/fhir/PlanDefinition/Q4MSBefundauswertung"
        },
        {
          "title": "Allgemeine und neurologische Anamnese",
          "definitionCanonical": "http://qpath4ms.ukdd.de/fhir/PlanDefinition/Q4MSAllgemeineNeurologischeAnamnese"
        },
        {
          "title": "Therapiespezifische Diagnostik",
          "definitionCanonical": "http://qpath4ms.ukdd.de/fhir/PlanDefinition/Q4MSTherapiespezifischeDiagnostik"
        },
        {
          "title": "Zusatzdiagnostik",
          "definitionCanonical": "http://qpath4ms.ukdd.de/fhir/PlanDefinition/Q4MSZusatzdiagnostik"
        }
      ]
    },
    {
      "title": "Auswertung",
      "relatedAction": [
        {
          "actionId": "examination",
          "relationship": "after-end"
        }
      ],
      "definitionCanonical": "http://qpath4ms.ukdd.de/fhir/PlanDefinition/Q4MSAuswertung"
    }
  ]
}