{
  "resourceType": "PlanDefinition",
  "id": "Q4MSZusatzdiagnostik",
  "text": {
    "status": "generated",
    "div": "<div xmlns=\"http://www.w3.org/1999/xhtml\"><p><b>Generated Narrative</b></p><div style=\"display: inline-block; background-color: #d9e0e7; padding: 6px; margin: 4px; border: 1px solid #8da1b4; border-radius: 5px; line-height: 60%\"><p style=\"margin-bottom: 0px\">Resource \"Q4MSZusatzdiagnostik\" </p></div><p><b>url</b>: <code>http://qpath4ms.ukdd.de/fhir/PlanDefinition/Q4MSZusatzdiagnostik</code></p><p><b>version</b>: 0.1.0</p><p><b>type</b>: Workflow Definition <span style=\"background: LightGoldenRodYellow; margin: 4px; border: 1px solid khaki\"> (<a href=\"http://terminology.hl7.org/3.0.0/CodeSystem-plan-definition-type.html\">PlanDefinitionType</a>#workflow-definition)</span></p><p><b>status</b>: draft</p><p><b>experimental</b>: true</p><p><b>date</b>: 2022-01-20T14:56:11+01:00</p><p><b>publisher</b>: Forschungsgruppe Digital Health</p><p><b>contact</b>: Forschungsgruppe Digital Health: <a href=\"https://tud.link/xd10\">https://tud.link/xd10</a>,<a href=\"mailto:digital-health@tu-dresden.de\">digital-health@tu-dresden.de</a>, Marcel Susky: <a href=\"mailto:marcel.susky@tu-dresden.de\">marcel.susky@tu-dresden.de</a></p><p><b>jurisdiction</b>: Germany <span style=\"background: LightGoldenRodYellow; margin: 4px; border: 1px solid khaki\"> (unknown#DE)</span></p><blockquote><p><b>action</b></p><p><b>selectionBehavior</b>: any</p><p><b>requiredBehavior</b>: must-unless-documented</p><p><b>cardinalityBehavior</b>: single</p><h3>Actions</h3><table class=\"grid\"><tr><td>-</td><td><b>Title</b></td><td><b>Definition[x]</b></td></tr><tr><td>*</td><td>Ganganalyse</td><td><a href=\"PlanDefinition-Q4MSGanganalyse.html\">PlanDefinition[http://qpath4ms.ukdd.de/fhir/PlanDefinition/Q4MSGanganalyse]</a></td></tr><tr><td>*</td><td>Optische Kohärenztomographie (OCT)</td><td><a href=\"PlanDefinition-Q4MSOptischeKohaerenztomographie.html\">PlanDefinition[http://qpath4ms.ukdd.de/fhir/PlanDefinition/Q4MSOptischeKohaerenztomographie]</a></td></tr><tr><td>*</td><td>Magnetresonanztomographie (MRT)</td><td><a href=\"PlanDefinition-Q4MSMagnetresonanztomographie.html\">PlanDefinition[http://qpath4ms.ukdd.de/fhir/PlanDefinition/Q4MSMagnetresonanztomographie]</a></td></tr><tr><td>*</td><td>Laboruntersuchung</td><td><a href=\"PlanDefinition-Q4MSLaboruntersuchung.html\">PlanDefinition[http://qpath4ms.ukdd.de/fhir/PlanDefinition/Q4MSLaboruntersuchung]</a></td></tr><tr><td>*</td><td>Multiple Sclerosis Performance Test (MSPT)</td><td><a href=\"PlanDefinition-Q4MSMultipleSclerosisPerformanceTest.html\">PlanDefinition[http://qpath4ms.ukdd.de/fhir/PlanDefinition/Q4MSMultipleSclerosisPerformanceTest]</a></td></tr></table></blockquote></div>"
  },
  "url": "http://qpath4ms.ukdd.de/fhir/PlanDefinition/Q4MSZusatzdiagnostik",
  "version": "0.1.0",
  "type": {
    "coding": [
      {
        "system": "http://terminology.hl7.org/CodeSystem/plan-definition-type",
        "code": "workflow-definition"
      }
    ]
  },
  "status": "draft",
  "experimental": true,
  "date": "2022-01-20T14:56:11+01:00",
  "publisher": "Forschungsgruppe Digital Health",
  "contact": [
    {
      "name": "Forschungsgruppe Digital Health",
      "telecom": [
        {
          "system": "url",
          "value": "https://tud.link/xd10"
        },
        {
          "system": "email",
          "value": "digital-health@tu-dresden.de"
        }
      ]
    },
    {
      "name": "Marcel Susky",
      "telecom": [
        {
          "system": "email",
          "value": "marcel.susky@tu-dresden.de",
          "use": "work"
        }
      ]
    }
  ],
  "jurisdiction": [
    {
      "coding": [
        {
          "system": "urn:iso:std:iso:3166",
          "code": "DE",
          "display": "Germany"
        }
      ]
    }
  ],
  "action": [
    {
      "selectionBehavior": "any",
      "requiredBehavior": "must-unless-documented",
      "cardinalityBehavior": "single",
      "action": [
        {
          "title": "Ganganalyse",
          "definitionCanonical": "http://qpath4ms.ukdd.de/fhir/PlanDefinition/Q4MSGanganalyse"
        },
        {
          "title": "Optische Kohärenztomographie (OCT)",
          "definitionCanonical": "http://qpath4ms.ukdd.de/fhir/PlanDefinition/Q4MSOptischeKohaerenztomographie"
        },
        {
          "title": "Magnetresonanztomographie (MRT)",
          "definitionCanonical": "http://qpath4ms.ukdd.de/fhir/PlanDefinition/Q4MSMagnetresonanztomographie"
        },
        {
          "title": "Laboruntersuchung",
          "definitionCanonical": "http://qpath4ms.ukdd.de/fhir/PlanDefinition/Q4MSLaboruntersuchung"
        },
        {
          "title": "Multiple Sclerosis Performance Test (MSPT)",
          "definitionCanonical": "http://qpath4ms.ukdd.de/fhir/PlanDefinition/Q4MSMultipleSclerosisPerformanceTest"
        }
      ]
    }
  ]
}