{
  "resourceType": "PlanDefinition",
  "id": "Q4MSArztvorstellung",
  "text": {
    "status": "generated",
    "div": "<div xmlns=\"http://www.w3.org/1999/xhtml\"><p><b>Generated Narrative</b></p><div style=\"display: inline-block; background-color: #d9e0e7; padding: 6px; margin: 4px; border: 1px solid #8da1b4; border-radius: 5px; line-height: 60%\"><p style=\"margin-bottom: 0px\">Resource \"Q4MSArztvorstellung\" </p></div><p><b>url</b>: <code>/PlanDefinition/Q4MSArztvorstellung</code></p><p><b>version</b>: 0.1.0</p><p><b>type</b>: workflow-definition <span style=\"background: LightGoldenRodYellow; margin: 4px; border: 1px solid khaki\"> ([not stated]#workflow-definition)</span></p><p><b>status</b>: draft</p><p><b>experimental</b>: true</p><p><b>date</b>: 2021-12-22T11:59:55+01:00</p><p><b>publisher</b>: QPath4MS</p><p><b>contact</b>: QPath4MS: <a href=\"http://qpath.ukdd.de\">http://qpath.ukdd.de</a></p><blockquote><p><b>action</b></p><p><b>groupingBehavior</b>: logical-group</p><p><b>selectionBehavior</b>: all</p><p><b>requiredBehavior</b>: must-unless-documented</p><p><b>cardinalityBehavior</b>: single</p><h3>Actions</h3><table class=\"grid\"><tr><td>-</td><td><b>Title</b></td><td><b>Definition[x]</b></td></tr><tr><td>*</td><td>Allgemeine und neurologische Untersuchung</td><td><code>/PlanDefinition/Q4MSAllgemeineNeurologischeUntersuchung</code></td></tr><tr><td>*</td><td>Befundauswertung</td><td><code>/PlanDefinition/Q4MSBefundauswertung</code></td></tr><tr><td>*</td><td>Allgemeine und neurologische Anamnese</td><td><code>/PlanDefinition/Q4MSAllgemeineNeurologischeAnamnese</code></td></tr><tr><td>*</td><td>Therapiespezifische Diagnostik</td><td><code>/PlanDefinition/Q4MSTherapiespezifischeDiagnostik</code></td></tr><tr><td>*</td><td>Zusatzdiagnostik</td><td><code>/PlanDefinition/Q4MSZusatzdiagnostik</code></td></tr></table></blockquote><blockquote><p><b>action</b></p><p><b>title</b>: Auswertung</p><h3>RelatedActions</h3><table class=\"grid\"><tr><td>-</td><td><b>ActionId</b></td><td><b>Relationship</b></td></tr><tr><td>*</td><td>examination</td><td>after-end</td></tr></table><p><b>definition</b>: <code>/PlanDefinition/Q4MSAuswertung</code></p></blockquote></div>"
  },
  "url": "/PlanDefinition/Q4MSArztvorstellung",
  "version": "0.1.0",
  "type": {
    "coding": [
      {
        "code": "workflow-definition"
      }
    ]
  },
  "status": "draft",
  "experimental": true,
  "date": "2021-12-22T11:59:55+01:00",
  "publisher": "QPath4MS",
  "contact": [
    {
      "name": "QPath4MS",
      "telecom": [
        {
          "system": "url",
          "value": "http://qpath.ukdd.de"
        }
      ]
    }
  ],
  "action": [
    {
      "id": "examination",
      "groupingBehavior": "logical-group",
      "selectionBehavior": "all",
      "requiredBehavior": "must-unless-documented",
      "cardinalityBehavior": "single",
      "action": [
        {
          "title": "Allgemeine und neurologische Untersuchung",
          "definitionCanonical": "/PlanDefinition/Q4MSAllgemeineNeurologischeUntersuchung"
        },
        {
          "title": "Befundauswertung",
          "definitionCanonical": "/PlanDefinition/Q4MSBefundauswertung"
        },
        {
          "title": "Allgemeine und neurologische Anamnese",
          "definitionCanonical": "/PlanDefinition/Q4MSAllgemeineNeurologischeAnamnese"
        },
        {
          "title": "Therapiespezifische Diagnostik",
          "definitionCanonical": "/PlanDefinition/Q4MSTherapiespezifischeDiagnostik"
        },
        {
          "title": "Zusatzdiagnostik",
          "definitionCanonical": "/PlanDefinition/Q4MSZusatzdiagnostik"
        }
      ]
    },
    {
      "title": "Auswertung",
      "relatedAction": [
        {
          "actionId": "examination",
          "relationship": "after-end"
        }
      ],
      "definitionCanonical": "/PlanDefinition/Q4MSAuswertung"
    }
  ]
}