{
  "resourceType": "PlanDefinition",
  "id": "Q4MSEntlassung",
  "text": {
    "status": "generated",
    "div": "<div xmlns=\"http://www.w3.org/1999/xhtml\"><p><b>Generated Narrative</b></p><div style=\"display: inline-block; background-color: #d9e0e7; padding: 6px; margin: 4px; border: 1px solid #8da1b4; border-radius: 5px; line-height: 60%\"><p style=\"margin-bottom: 0px\">Resource \"Q4MSEntlassung\" </p></div><p><b>url</b>: <code>http://qpath4ms.ukdd.de/fhir/PlanDefinition/q4ms-entlassung</code></p><p><b>version</b>: 0.1.0</p><p><b>type</b>: Workflow Definition <span style=\"background: LightGoldenRodYellow; margin: 4px; border: 1px solid khaki\"> (<a href=\"http://terminology.hl7.org/3.0.0/CodeSystem-plan-definition-type.html\">PlanDefinitionType</a>#workflow-definition)</span></p><p><b>status</b>: draft</p><p><b>experimental</b>: true</p><p><b>date</b>: 2022-01-13T14:43:39+01:00</p><p><b>publisher</b>: Forschungsgruppe Digital Health</p><p><b>contact</b>: Forschungsgruppe Digital Health: <a href=\"https://tud.link/xd10\">https://tud.link/xd10</a>,<a href=\"mailto:digital-health@tu-dresden.de\">digital-health@tu-dresden.de</a>, Marcel Susky: <a href=\"mailto:marcel.susky@tu-dresden.de\">marcel.susky@tu-dresden.de</a></p><p><b>jurisdiction</b>: Germany <span style=\"background: LightGoldenRodYellow; margin: 4px; border: 1px solid khaki\"> (unknown#DE)</span></p><blockquote><p><b>action</b></p><p><b>groupingBehavior</b>: logical-group</p><p><b>selectionBehavior</b>: all</p><p><b>requiredBehavior</b>: must-unless-documented</p><p><b>cardinalityBehavior</b>: single</p><blockquote><p><b>action</b></p><p><b>groupingBehavior</b>: logical-group</p><p><b>selectionBehavior</b>: all</p><p><b>requiredBehavior</b>: must-unless-documented</p><p><b>cardinalityBehavior</b>: single</p></blockquote><blockquote><p><b>action</b></p><p><b>title</b>: Dokumente übermitteln (Arzt)</p><p><b>description</b>: Dokumente an Arzt übermitteln</p><p><b>definition</b>: <a href=\"PlanDefinition-Q4MSDokumenteUebermittelnArzt.html\">PlanDefinition[http://qpath4ms.ukdd.de/fhir/PlanDefinition/q4ms-dokumente-uebermitteln-arzt]</a></p></blockquote></blockquote></div>"
  },
  "url": "http://qpath4ms.ukdd.de/fhir/PlanDefinition/q4ms-entlassung",
  "version": "0.1.0",
  "type": {
    "coding": [
      {
        "system": "http://terminology.hl7.org/CodeSystem/plan-definition-type",
        "code": "workflow-definition"
      }
    ]
  },
  "status": "draft",
  "experimental": true,
  "date": "2022-01-13T14:43:39+01:00",
  "publisher": "Forschungsgruppe Digital Health",
  "contact": [
    {
      "name": "Forschungsgruppe Digital Health",
      "telecom": [
        {
          "system": "url",
          "value": "https://tud.link/xd10"
        },
        {
          "system": "email",
          "value": "digital-health@tu-dresden.de"
        }
      ]
    },
    {
      "name": "Marcel Susky",
      "telecom": [
        {
          "system": "email",
          "value": "marcel.susky@tu-dresden.de",
          "use": "work"
        }
      ]
    }
  ],
  "jurisdiction": [
    {
      "coding": [
        {
          "system": "urn:iso:std:iso:3166",
          "code": "DE",
          "display": "Germany"
        }
      ]
    }
  ],
  "action": [
    {
      "groupingBehavior": "logical-group",
      "selectionBehavior": "all",
      "requiredBehavior": "must-unless-documented",
      "cardinalityBehavior": "single",
      "action": [
        {
          "groupingBehavior": "logical-group",
          "selectionBehavior": "all",
          "requiredBehavior": "must-unless-documented",
          "cardinalityBehavior": "single",
          "action": [
            {
              "title": "Terminvereinbarung",
              "description": "Termin zur Wiedervorstellung vereinbaren",
              "timingTiming": {
                "repeat": {
                  "frequency": 1,
                  "period": 3,
                  "periodUnit": "mo"
                }
              },
              "definitionCanonical": "http://qpath4ms.ukdd.de/fhir/PlanDefinition/q4ms-terminvereinbarung"
            },
            {
              "title": "Dokumente übermitteln (Patient)",
              "description": "Dokumente an Patient übermitteln",
              "definitionCanonical": "http://qpath4ms.ukdd.de/fhir/PlanDefinition/q4ms-dokumente-uebermitteln-patient"
            }
          ]
        },
        {
          "title": "Dokumente übermitteln (Arzt)",
          "description": "Dokumente an Arzt übermitteln",
          "condition": [
            {
              "kind": "applicability",
              "expression": {
                "language": "text/cql",
                "expression": "is referred"
              }
            }
          ],
          "definitionCanonical": "http://qpath4ms.ukdd.de/fhir/PlanDefinition/q4ms-dokumente-uebermitteln-arzt"
        }
      ]
    }
  ]
}