{
  "resourceType": "PlanDefinition",
  "id": "Q4MSVoruntersuchung",
  "text": {
    "status": "generated",
    "div": "<div xmlns=\"http://www.w3.org/1999/xhtml\"><p><b>Generated Narrative</b></p><div style=\"display: inline-block; background-color: #d9e0e7; padding: 6px; margin: 4px; border: 1px solid #8da1b4; border-radius: 5px; line-height: 60%\"><p style=\"margin-bottom: 0px\">Resource \"Q4MSVoruntersuchung\" </p></div><p><b>url</b>: <code>/PlanDefinition/Q4MSVoruntersuchung</code></p><p><b>version</b>: 0.1.0</p><p><b>type</b>: workflow-definition <span style=\"background: LightGoldenRodYellow; margin: 4px; border: 1px solid khaki\"> ([not stated]#workflow-definition)</span></p><p><b>status</b>: draft</p><p><b>experimental</b>: true</p><p><b>date</b>: 2021-12-22T11:59:55+01:00</p><p><b>publisher</b>: QPath4MS</p><p><b>contact</b>: QPath4MS: <a href=\"http://qpath.ukdd.de\">http://qpath.ukdd.de</a></p><blockquote><p><b>action</b></p><p><b>groupingBehavior</b>: logical-group</p><p><b>selectionBehavior</b>: all</p><p><b>requiredBehavior</b>: must-unless-documented</p><p><b>cardinalityBehavior</b>: single</p><blockquote><p><b>action</b></p><p><b>title</b>: Diagnostik alle 3 Monate</p><p><b>timing</b>: Do Once per 3 months</p><p><b>groupingBehavior</b>: logical-group</p><p><b>selectionBehavior</b>: all</p><p><b>requiredBehavior</b>: must-unless-documented</p><p><b>cardinalityBehavior</b>: single</p></blockquote><blockquote><p><b>action</b></p><p><b>title</b>: Diagnostik alle 12 Monate</p><p><b>timing</b>: Do Once per 12 months</p><p><b>groupingBehavior</b>: logical-group</p><p><b>selectionBehavior</b>: all</p><p><b>requiredBehavior</b>: must-unless-documented</p><p><b>cardinalityBehavior</b>: single</p></blockquote></blockquote></div>"
  },
  "url": "/PlanDefinition/Q4MSVoruntersuchung",
  "version": "0.1.0",
  "type": {
    "coding": [
      {
        "code": "workflow-definition"
      }
    ]
  },
  "status": "draft",
  "experimental": true,
  "date": "2021-12-22T11:59:55+01:00",
  "publisher": "QPath4MS",
  "contact": [
    {
      "name": "QPath4MS",
      "telecom": [
        {
          "system": "url",
          "value": "http://qpath.ukdd.de"
        }
      ]
    }
  ],
  "action": [
    {
      "groupingBehavior": "logical-group",
      "selectionBehavior": "all",
      "requiredBehavior": "must-unless-documented",
      "cardinalityBehavior": "single",
      "action": [
        {
          "title": "Diagnostik alle 3 Monate",
          "timingTiming": {
            "repeat": {
              "frequency": 1,
              "period": 3,
              "periodUnit": "mo"
            }
          },
          "groupingBehavior": "logical-group",
          "selectionBehavior": "all",
          "requiredBehavior": "must-unless-documented",
          "cardinalityBehavior": "single",
          "action": [
            {
              "title": "Multiple Sclerosis Performance Test (MSPT)",
              "definitionCanonical": "/PlanDefinition/Q4MSMultipleSclerosisPerformanceTest"
            },
            {
              "title": "Therapiespezifische Diagnostik",
              "definitionCanonical": "/PlanDefinition/Q4MSTherapiespezifischeDiagnostik"
            }
          ]
        },
        {
          "title": "Diagnostik alle 12 Monate",
          "timingTiming": {
            "repeat": {
              "frequency": 1,
              "period": 12,
              "periodUnit": "mo"
            }
          },
          "groupingBehavior": "logical-group",
          "selectionBehavior": "all",
          "requiredBehavior": "must-unless-documented",
          "cardinalityBehavior": "single",
          "action": [
            {
              "title": "Optische Kohärenztomographie (OCT)",
              "definitionCanonical": "/PlanDefinition/Q4MSOptischeKoheraenztomographie"
            },
            {
              "title": "Ganganalyse",
              "definitionCanonical": "/PlanDefinition/Q4MSGanganalyse"
            },
            {
              "title": "Magnetresonanztomographie (MRT)",
              "definitionCanonical": "/PlanDefinition/Q4MSMagnetresonanztomographie"
            }
          ]
        }
      ]
    }
  ]
}