{
  "resourceType": "PlanDefinition",
  "id": "Q4MSBasismonitoring",
  "text": {
    "status": "generated",
    "div": "<div xmlns=\"http://www.w3.org/1999/xhtml\"><p><b>Generated Narrative</b></p><div style=\"display: inline-block; background-color: #d9e0e7; padding: 6px; margin: 4px; border: 1px solid #8da1b4; border-radius: 5px; line-height: 60%\"><p style=\"margin-bottom: 0px\">Resource \"Q4MSBasismonitoring\" </p></div><p><b>url</b>: <code>http://qpath4ms.ukdd.de/fhir/PlanDefinition/Q4MSBasismonitoring</code></p><p><b>version</b>: 0.1.0</p><p><b>name</b>: Q4MSBasismonitoring</p><p><b>type</b>: Clinical Protocol <span style=\"background: LightGoldenRodYellow; margin: 4px; border: 1px solid khaki\"> (<a href=\"http://terminology.hl7.org/3.0.0/CodeSystem-plan-definition-type.html\">PlanDefinitionType</a>#clinical-protocol)</span></p><p><b>status</b>: draft</p><p><b>experimental</b>: true</p><p><b>date</b>: 2022-01-20T17:26:57+01:00</p><p><b>publisher</b>: Forschungsgruppe Digital Health</p><p><b>contact</b>: Forschungsgruppe Digital Health: <a href=\"https://tud.link/xd10\">https://tud.link/xd10</a>,<a href=\"mailto:digital-health@tu-dresden.de\">digital-health@tu-dresden.de</a>, Marcel Susky: <a href=\"mailto:marcel.susky@tu-dresden.de\">marcel.susky@tu-dresden.de</a></p><p><b>jurisdiction</b>: Germany <span style=\"background: LightGoldenRodYellow; margin: 4px; border: 1px solid khaki\"> (unknown#DE)</span></p><blockquote><p><b>action</b></p><p><b>groupingBehavior</b>: logical-group</p><p><b>selectionBehavior</b>: all</p><p><b>requiredBehavior</b>: must-unless-documented</p><p><b>cardinalityBehavior</b>: multiple</p><blockquote><p><b>action</b></p><p><b>title</b>: Vorstellung</p><p><b>description</b>: Erst- und Wiedervostellung</p><p><b>definition</b>: <a href=\"PlanDefinition-Q4MSVorstellung.html\">Q4MSVorstellung</a></p></blockquote><blockquote><p><b>action</b></p><p><b>title</b>: Voruntersuchung</p><p><b>description</b>: Diagnostische Voruntersuchungen durchführen</p><p><b>definition</b>: <a href=\"PlanDefinition-Q4MSVoruntersuchung.html\">Q4MSVoruntersuchung</a></p></blockquote><blockquote><p><b>action</b></p><p><b>title</b>: Arztvorstellung</p><p><b>description</b>: Voruntersuchungen auswerten und Therapiemaßnahmen ableiten</p><p><b>definition</b>: <a href=\"PlanDefinition-Q4MSArztvorstellung.html\">Q4MSArztvorstellung</a></p></blockquote><blockquote><p><b>action</b></p><p><b>title</b>: Entlassung</p><p><b>description</b>: Patient nach Hause entlassen</p><p><b>definition</b>: <a href=\"PlanDefinition-Q4MSEntlassung.html\">Q4MSEntlassung</a></p></blockquote></blockquote></div>"
  },
  "url": "http://qpath4ms.ukdd.de/fhir/PlanDefinition/Q4MSBasismonitoring",
  "version": "0.1.0",
  "name": "Q4MSBasismonitoring",
  "type": {
    "coding": [
      {
        "system": "http://terminology.hl7.org/CodeSystem/plan-definition-type",
        "code": "clinical-protocol"
      }
    ]
  },
  "status": "draft",
  "experimental": true,
  "date": "2022-01-20T17:26:57+01:00",
  "publisher": "Forschungsgruppe Digital Health",
  "contact": [
    {
      "name": "Forschungsgruppe Digital Health",
      "telecom": [
        {
          "system": "url",
          "value": "https://tud.link/xd10"
        },
        {
          "system": "email",
          "value": "digital-health@tu-dresden.de"
        }
      ]
    },
    {
      "name": "Marcel Susky",
      "telecom": [
        {
          "system": "email",
          "value": "marcel.susky@tu-dresden.de",
          "use": "work"
        }
      ]
    }
  ],
  "jurisdiction": [
    {
      "coding": [
        {
          "system": "urn:iso:std:iso:3166",
          "code": "DE",
          "display": "Germany"
        }
      ]
    }
  ],
  "action": [
    {
      "groupingBehavior": "logical-group",
      "selectionBehavior": "all",
      "requiredBehavior": "must-unless-documented",
      "cardinalityBehavior": "multiple",
      "action": [
        {
          "id": "admission",
          "title": "Vorstellung",
          "description": "Erst- und Wiedervostellung",
          "definitionCanonical": "http://qpath4ms.ukdd.de/fhir/PlanDefinition/Q4MSVorstellung"
        },
        {
          "id": "diagnostic-testing",
          "title": "Voruntersuchung",
          "description": "Diagnostische Voruntersuchungen durchführen",
          "relatedAction": [
            {
              "actionId": "admission",
              "relationship": "after-end"
            }
          ],
          "definitionCanonical": "http://qpath4ms.ukdd.de/fhir/PlanDefinition/Q4MSVoruntersuchung"
        },
        {
          "id": "examination",
          "title": "Arztvorstellung",
          "description": "Voruntersuchungen auswerten und Therapiemaßnahmen ableiten",
          "relatedAction": [
            {
              "actionId": "diagnostic-testing",
              "relationship": "after-end"
            }
          ],
          "definitionCanonical": "http://qpath4ms.ukdd.de/fhir/PlanDefinition/Q4MSArztvorstellung"
        },
        {
          "id": "discharge",
          "title": "Entlassung",
          "description": "Patient nach Hause entlassen",
          "relatedAction": [
            {
              "actionId": "examination",
              "relationship": "after-end"
            }
          ],
          "definitionCanonical": "http://qpath4ms.ukdd.de/fhir/PlanDefinition/Q4MSEntlassung"
        }
      ]
    }
  ]
}