{
  "resourceType": "PlanDefinition",
  "id": "Q4MSMagnetresonanztomographie",
  "text": {
    "status": "generated",
    "div": "<div xmlns=\"http://www.w3.org/1999/xhtml\"><p><b>Generated Narrative</b></p><div style=\"display: inline-block; background-color: #d9e0e7; padding: 6px; margin: 4px; border: 1px solid #8da1b4; border-radius: 5px; line-height: 60%\"><p style=\"margin-bottom: 0px\">Resource \"Q4MSMagnetresonanztomographie\" </p></div><p><b>url</b>: <code>/PlanDefinition/Q4MSMagnetresonanztomographie</code></p><p><b>version</b>: 0.1.0</p><p><b>type</b>: eca-rule <span style=\"background: LightGoldenRodYellow; margin: 4px; border: 1px solid khaki\"> ([not stated]#eca-rule)</span></p><p><b>status</b>: draft</p><p><b>experimental</b>: true</p><p><b>date</b>: 2021-12-22T11:59:55+01:00</p><p><b>publisher</b>: QPath4MS</p><p><b>contact</b>: QPath4MS: <a href=\"http://qpath.ukdd.de\">http://qpath.ukdd.de</a></p><blockquote><p><b>action</b></p><p><b>title</b>: Diagnostik Magnetresonanztomografie (MRT)</p><blockquote><p><b>condition</b></p><p><b>kind</b>: applicability</p></blockquote><p><b>type</b>: create <span style=\"background: LightGoldenRodYellow; margin: 4px; border: 1px solid khaki\"> ([not stated]#create)</span></p><p><b>definition</b>: <a href=\"http://qpath.ukdd.de/ActivityDefinition/Q4MSMagnetresonanztomographieActivity\">http://qpath.ukdd.de/ActivityDefinition/Q4MSMagnetresonanztomographieActivity</a></p></blockquote></div>"
  },
  "url": "/PlanDefinition/Q4MSMagnetresonanztomographie",
  "version": "0.1.0",
  "type": {
    "coding": [
      {
        "code": "eca-rule"
      }
    ]
  },
  "status": "draft",
  "experimental": true,
  "date": "2021-12-22T11:59:55+01:00",
  "publisher": "QPath4MS",
  "contact": [
    {
      "name": "QPath4MS",
      "telecom": [
        {
          "system": "url",
          "value": "http://qpath.ukdd.de"
        }
      ]
    }
  ],
  "action": [
    {
      "title": "Diagnostik Magnetresonanztomografie (MRT)",
      "condition": [
        {
          "kind": "applicability",
          "expression": {
            "language": "text/cql",
            "expression": "no current pregnancy"
          }
        }
      ],
      "type": {
        "coding": [
          {
            "code": "create"
          }
        ]
      },
      "definitionCanonical": "http://qpath.ukdd.de/ActivityDefinition/Q4MSMagnetresonanztomographieActivity"
    }
  ]
}