{
  "resourceType": "StructureMap",
  "id": "Q4MSActivityDefinitionTaskTransform",
  "text": {
    "status": "generated",
    "div": "<div xmlns=\"http://www.w3.org/1999/xhtml\"><p><b>Generated Narrative</b></p><div style=\"display: inline-block; background-color: #d9e0e7; padding: 6px; margin: 4px; border: 1px solid #8da1b4; border-radius: 5px; line-height: 60%\"><p style=\"margin-bottom: 0px\">Resource \"Q4MSActivityDefinitionTaskTransform\" </p></div><p><b>url</b>: <code>http://qpath4ms.ukdd.de/fhir/StructureMap/q4ms-activitydefinition-task-transform-sm</code></p><p><b>version</b>: 0.1.0</p><p><b>name</b>: Transformiert eine ActivityDefinition in einen Task</p><p><b>status</b>: draft</p><p><b>experimental</b>: true</p><p><b>date</b>: 2022-01-13T14:43:39+01:00</p><p><b>publisher</b>: Forschungsgruppe Digital Health</p><p><b>contact</b>: Forschungsgruppe Digital Health: <a href=\"https://tud.link/xd10\">https://tud.link/xd10</a>,<a href=\"mailto:digital-health@tu-dresden.de\">digital-health@tu-dresden.de</a>, Marcel Susky: <a href=\"mailto:marcel.susky@tu-dresden.de\">marcel.susky@tu-dresden.de</a></p><p><b>jurisdiction</b>: Germany <span style=\"background: LightGoldenRodYellow; margin: 4px; border: 1px solid khaki\"> (unknown#DE)</span></p><blockquote><p><b>structure</b></p><p><b>url</b>: <a href=\"http://hl7.org/fhir/StructureDefinition/activitydefinition\">http://hl7.org/fhir/StructureDefinition/activitydefinition</a></p><p><b>mode</b>: source</p></blockquote><blockquote><p><b>structure</b></p><p><b>url</b>: <a href=\"http://hl7.org/fhir/StructureDefinition/activitydefinition\">http://hl7.org/fhir/StructureDefinition/activitydefinition</a></p><p><b>mode</b>: queried</p></blockquote><blockquote><p><b>structure</b></p><p><b>url</b>: <a href=\"http://hl7.org/fhir/StructureDefinition/task\">http://hl7.org/fhir/StructureDefinition/task</a></p><p><b>mode</b>: target</p></blockquote><blockquote><p><b>structure</b></p><p><b>url</b>: <a href=\"http://hl7.org/fhir/StructureDefinition/task\">http://hl7.org/fhir/StructureDefinition/task</a></p><p><b>mode</b>: produced</p></blockquote><blockquote><p><b>group</b></p><p><b>name</b>: main</p><p><b>typeMode</b>: type-and-types</p><blockquote><p><b>input</b></p><p><b>name</b>: source</p><p><b>type</b>: ActivityDefinition</p><p><b>mode</b>: source</p></blockquote><blockquote><p><b>input</b></p><p><b>name</b>: target</p><p><b>type</b>: Task</p><p><b>mode</b>: target</p></blockquote><blockquote><p><b>rule</b></p><p><b>name</b>: status</p><h3>Sources</h3><table class=\"grid\"><tr><td>-</td><td><b>Context</b></td><td><b>Element</b></td><td><b>Variable</b></td></tr><tr><td>*</td><td>source</td><td>status</td><td>a</td></tr></table><h3>Targets</h3><table class=\"grid\"><tr><td>-</td><td><b>Context</b></td><td><b>ContextType</b></td><td><b>Element</b></td><td><b>Transform</b></td></tr><tr><td>*</td><td>target</td><td>variable</td><td>status</td><td>copy</td></tr></table></blockquote><blockquote><p><b>rule</b></p><p><b>name</b>: intent</p><h3>Sources</h3><table class=\"grid\"><tr><td>-</td><td><b>Context</b></td><td><b>DefaultValue[x]</b></td><td><b>Element</b></td><td><b>Variable</b></td></tr><tr><td>*</td><td>source</td><td>plan</td><td>intent</td><td>a</td></tr></table><h3>Targets</h3><table class=\"grid\"><tr><td>-</td><td><b>Context</b></td><td><b>ContextType</b></td><td><b>Element</b></td><td><b>Transform</b></td></tr><tr><td>*</td><td>target</td><td>variable</td><td>intent</td><td>copy</td></tr></table></blockquote><blockquote><p><b>rule</b></p><p><b>name</b>: instantiatesCanonical</p><h3>Sources</h3><table class=\"grid\"><tr><td>-</td><td><b>Context</b></td><td><b>Element</b></td><td><b>Variable</b></td></tr><tr><td>*</td><td>source</td><td>url</td><td>a</td></tr></table><h3>Targets</h3><table class=\"grid\"><tr><td>-</td><td><b>Context</b></td><td><b>ContextType</b></td><td><b>Element</b></td><td><b>Transform</b></td></tr><tr><td>*</td><td>target</td><td>variable</td><td>instantiatesCanonical</td><td>copy</td></tr></table></blockquote><blockquote><p><b>rule</b></p><p><b>name</b>: description</p><h3>Sources</h3><table class=\"grid\"><tr><td>-</td><td><b>Context</b></td><td><b>Element</b></td><td><b>Variable</b></td></tr><tr><td>*</td><td>source</td><td>title</td><td>a</td></tr></table><h3>Targets</h3><table class=\"grid\"><tr><td>-</td><td><b>Context</b></td><td><b>ContextType</b></td><td><b>Element</b></td><td><b>Transform</b></td></tr><tr><td>*</td><td>target</td><td>variable</td><td>description</td><td>copy</td></tr></table></blockquote></blockquote></div>"
  },
  "url": "http://qpath4ms.ukdd.de/fhir/StructureMap/q4ms-activitydefinition-task-transform-sm",
  "version": "0.1.0",
  "name": "Transformiert eine ActivityDefinition in einen Task",
  "status": "draft",
  "experimental": true,
  "date": "2022-01-13T14:43:39+01:00",
  "publisher": "Forschungsgruppe Digital Health",
  "contact": [
    {
      "name": "Forschungsgruppe Digital Health",
      "telecom": [
        {
          "system": "url",
          "value": "https://tud.link/xd10"
        },
        {
          "system": "email",
          "value": "digital-health@tu-dresden.de"
        }
      ]
    },
    {
      "name": "Marcel Susky",
      "telecom": [
        {
          "system": "email",
          "value": "marcel.susky@tu-dresden.de",
          "use": "work"
        }
      ]
    }
  ],
  "jurisdiction": [
    {
      "coding": [
        {
          "system": "urn:iso:std:iso:3166",
          "code": "DE",
          "display": "Germany"
        }
      ]
    }
  ],
  "structure": [
    {
      "url": "http://hl7.org/fhir/StructureDefinition/activitydefinition",
      "mode": "source"
    },
    {
      "url": "http://hl7.org/fhir/StructureDefinition/activitydefinition",
      "mode": "queried"
    },
    {
      "url": "http://hl7.org/fhir/StructureDefinition/task",
      "mode": "target"
    },
    {
      "url": "http://hl7.org/fhir/StructureDefinition/task",
      "mode": "produced"
    }
  ],
  "group": [
    {
      "name": "main",
      "typeMode": "type-and-types",
      "input": [
        {
          "name": "source",
          "type": "ActivityDefinition",
          "mode": "source"
        },
        {
          "name": "target",
          "type": "Task",
          "mode": "target"
        }
      ],
      "rule": [
        {
          "name": "status",
          "source": [
            {
              "context": "source",
              "element": "status",
              "variable": "a"
            }
          ],
          "target": [
            {
              "context": "target",
              "contextType": "variable",
              "element": "status",
              "transform": "copy"
            }
          ]
        },
        {
          "name": "intent",
          "source": [
            {
              "context": "source",
              "defaultValueString": "plan",
              "element": "intent",
              "variable": "a"
            }
          ],
          "target": [
            {
              "context": "target",
              "contextType": "variable",
              "element": "intent",
              "transform": "copy"
            }
          ]
        },
        {
          "name": "instantiatesCanonical",
          "source": [
            {
              "context": "source",
              "element": "url",
              "variable": "a"
            }
          ],
          "target": [
            {
              "context": "target",
              "contextType": "variable",
              "element": "instantiatesCanonical",
              "transform": "copy"
            }
          ]
        },
        {
          "name": "description",
          "source": [
            {
              "context": "source",
              "element": "title",
              "variable": "a"
            }
          ],
          "target": [
            {
              "context": "target",
              "contextType": "variable",
              "element": "description",
              "transform": "copy"
            }
          ]
        }
      ]
    }
  ]
}