{
  "resourceType": "Task",
  "id": "DokumenteUebermittelnArztExampleTSK",
  "text": {
    "status": "generated",
    "div": "<div xmlns=\"http://www.w3.org/1999/xhtml\"><p><b>Generated Narrative</b></p><div style=\"display: inline-block; background-color: #d9e0e7; padding: 6px; margin: 4px; border: 1px solid #8da1b4; border-radius: 5px; line-height: 60%\"><p style=\"margin-bottom: 0px\">Resource \"DokumenteUebermittelnArztExampleTSK\" </p></div><p><b>instantiatesCanonical</b>: <a href=\"http://qpath4ms.ukdd.de/fhir/ActivityDefinition/Q4MSDokumenteUebermittelnAD\">http://qpath4ms.ukdd.de/fhir/ActivityDefinition/Q4MSDokumenteUebermittelnAD</a></p><p><b>status</b>: ready</p><p><b>intent</b>: option</p><p><b>code</b>: Activate/approve the focal resource <span style=\"background: LightGoldenRodYellow; margin: 4px; border: 1px solid khaki\"> (<a href=\"http://hl7.org/fhir/R4/codesystem-task-code.html\">Task Codes</a>#approve)</span></p><p><b>description</b>: Dokumente übermitteln</p><p><b>focus</b>: <a href=\"CarePlan-DokumenteUebermittelnArztExampleCP.html\">CarePlan/DokumenteUebermittelnArztExampleCP</a></p><p><b>executionPeriod</b>: 2022-01-12T12:00:00Z --&gt; 2022-01-15T00:00:00Z</p><p><b>authoredOn</b>: 2022-01-12T12:00:00Z</p><h3>Restrictions</h3><table class=\"grid\"><tr><td>-</td><td><b>Period</b></td></tr><tr><td>*</td><td>2022-01-12T12:00:00Z --&gt; 2022-01-21T00:00:00Z</td></tr></table></div>"
  },
  "instantiatesCanonical": "http://qpath4ms.ukdd.de/fhir/ActivityDefinition/Q4MSDokumenteUebermittelnAD",
  "status": "ready",
  "intent": "option",
  "code": {
    "coding": [
      {
        "system": "http://hl7.org/fhir/CodeSystem/task-code",
        "code": "approve"
      }
    ]
  },
  "description": "Dokumente übermitteln",
  "focus": {
    "reference": "CarePlan/DokumenteUebermittelnArztExampleCP"
  },
  "executionPeriod": {
    "start": "2022-01-12T12:00:00Z",
    "end": "2022-01-15T00:00:00Z"
  },
  "authoredOn": "2022-01-12T12:00:00Z",
  "restriction": {
    "period": {
      "start": "2022-01-12T12:00:00Z",
      "end": "2022-01-21T00:00:00Z"
    }
  }
}