{
  "resourceType": "ValueSet",
  "id": "Q4MSAnfragekategorieVS",
  "text": {
    "status": "generated",
    "div": "<div xmlns=\"http://www.w3.org/1999/xhtml\"><ul><li>Include all codes defined in <a href=\"CodeSystem-Q4MSAnfragekategorie.html\"><code>http://qpath4ms.ukdd.de/fhir/CodeSystem/Q4MSAnfragekategorie</code></a></li></ul></div>"
  },
  "url": "http://qpath4ms.ukdd.de/fhir/ValueSet/Q4MSAnfragekategorieVS",
  "version": "0.1.0",
  "name": "Q4MSAnfragekategorieVS",
  "title": "Anfragekategorie",
  "status": "active",
  "date": "2022-01-21T07:49:24+01:00",
  "publisher": "Forschungsgruppe Digital Health",
  "contact": [
    {
      "name": "Forschungsgruppe Digital Health",
      "telecom": [
        {
          "system": "url",
          "value": "https://tud.link/xd10"
        },
        {
          "system": "email",
          "value": "digital-health@tu-dresden.de"
        }
      ]
    },
    {
      "name": "Martin Burwitz",
      "telecom": [
        {
          "system": "email",
          "value": "martin.burwitz@tu-dresden.de",
          "use": "work"
        }
      ]
    },
    {
      "name": "Harry Preiß",
      "telecom": [
        {
          "system": "email",
          "value": "harry.preiss@medicalsyn.com",
          "use": "work"
        }
      ]
    },
    {
      "name": "Marcel Susky",
      "telecom": [
        {
          "system": "email",
          "value": "marcel.susky@tu-dresden.de",
          "use": "work"
        }
      ]
    }
  ],
  "description": "Definiert Anfragekategorien",
  "jurisdiction": [
    {
      "coding": [
        {
          "system": "urn:iso:std:iso:3166",
          "code": "DE",
          "display": "Germany"
        }
      ]
    }
  ],
  "compose": {
    "include": [
      {
        "system": "http://qpath4ms.ukdd.de/fhir/CodeSystem/Q4MSAnfragekategorie"
      }
    ]
  }
}